frame,time_seconds,phase_1,phase_2,phase_3,phase_4,phase_5
0,0.0,1.0,0.0,0.0,0.0,0.0
1,0.03333333333333333,1.0,5.25730933766144e-18,1.0619736718127427e-25,5.604557230681027e-32,2.569101592343873e-37
2,0.06666666666666667,1.0,3.001860412872007e-15,1.2127478026857048e-22,1.2800480319369665e-28,1.1735408261480147e-33
3,0.1,1.0,4.853469141613987e-15,2.941191523380917e-22,4.6565962345270675e-28,6.403741309658545e-33
4,0.13333333333333333,1.0,1.4369707951756433e-13,1.1610676239454391e-20,2.4509798932395996e-26,4.494130253758676e-31
5,0.16666666666666666,1.0,3.835304740896356e-13,3.873639956558946e-20,1.0221384147703775e-25,2.3427591127142422e-30
6,0.2,1.0,6.400047050485191e-13,7.756817047086686e-20,2.4561423407518098e-25,6.755455819825353e-30
7,0.23333333333333334,1.0,9.32546141002577e-13,1.3186127503738442e-19,4.871158897324119e-25,1.5630836896217423e-29
8,0.26666666666666666,1.0,9.733480297799413e-13,1.5729208994032056e-19,6.640673008386067e-25,2.4353196067680466e-29
9,0.3,1.0,1.0053232118306665e-12,1.8276655154526594e-19,8.680658927640486e-25,3.5813852966502664e-29
10,0.3333333333333333,1.0,1.0822591737721932e-12,2.186147886098154e-19,1.153695663250341e-24,5.288702331197e-29
11,0.36666666666666664,1.0,1.1650677167809875e-12,2.588760730164265e-19,1.5027768690024066e-24,7.577868079773637e-29
12,0.4,1.0,1.285377295053014e-12,3.115729322582184e-19,1.9731000794301526e-24,1.0854059684080364e-28
13,0.43333333333333335,1.0,1.3025418417467183e-12,3.4204450826587025e-19,2.346563989686468e-24,1.3984262789337002e-28
14,0.4666666666666667,1.0,1.4118519721384448e-12,3.9926808756046444e-19,2.949831956318848e-24,1.8931766167880143e-28
15,0.5,1.0,1.439318499454889e-12,4.361092644775043e-19,3.452148406833964e-24,2.3738242122539314e-28
16,0.5333333333333333,1.0,3.546625449921126e-12,1.1462575722319623e-18,9.67839481777637e-24,7.0989339601051165e-28
17,0.5666666666666667,1.0,7.122151826632894e-12,2.445720781232474e-18,2.19409354557103e-23,1.7099201455336912e-27
18,0.6,1.0,2.3185783154522355e-11,8.430255053406647e-18,8.007755447891079e-23,6.607803239062408e-27
19,0.6333333333333333,1.0,5.53742711406624e-11,2.1252394136300317e-17,2.130871834489466e-22,1.856037330407841e-26
20,0.6666666666666666,1.0,6.404848179597522e-11,2.5875270006204e-17,2.730919828678915e-22,2.5038984392099343e-26
21,0.7,1.0,7.565800069775364e-11,3.2093714411995917e-17,3.5565719443419864e-22,3.423975570806773e-26
22,0.7333333333333333,1.0,1.2213363653756915e-10,5.427546581883426e-17,6.301106376285313e-22,6.355083790280684e-26
23,0.7666666666666667,1.0,1.5905791961312588e-10,7.38972851357231e-17,8.969022850581229e-22,9.457072840372274e-26
24,0.8,1.0,2.4339469328893415e-10,1.1799605706615832e-16,1.4943960864759855e-21,1.6442305501016907e-25
25,0.8333333333333334,1.0,4.742041759264737e-10,2.3946955495770996e-16,3.1591885518604103e-21,3.6207897106455275e-25
26,0.8666666666666667,1.0,9.485892071836588e-10,4.981914276526813e-16,6.835229277247216e-21,8.147346554437426e-25
27,0.9,1.0,1.806235716550475e-09,9.851053527665005e-16,1.4035510160920276e-20,1.737335390054238e-24
28,0.9333333333333333,1.0,2.1720452103579646e-09,1.2284885175778805e-15,1.8151358940592405e-20,2.330026506884641e-24
29,0.9666666666666667,1.0,2.573617985390797e-09,1.507600061500039e-15,2.3070786220378524e-20,3.0672984727021407e-24
30,1.0,1.0,3.02789415762561e-09,1.8348719929789457e-15,2.904714514344141e-20,3.995051553707474e-24
31,1.0333333333333334,1.0,3.519125879591911e-09,2.2036375274449987e-15,3.6047613441568895e-20,5.123159330205614e-24
32,1.0666666666666667,1.0,3.800150416566339e-09,2.4563722536314215e-15,4.147792814718308e-20,6.0851136729720304e-24
33,1.1,1.0,4.038436696163217e-09,2.691971291536653e-15,4.6876535339707484e-20,7.0920717415204e-24
34,1.1333333333333333,1.0,4.614124193835778e-09,3.1689192387513148e-15,5.68537972490403e-20,8.862251158148289e-24
35,1.1666666666666667,1.0,5.496346044964184e-09,3.885839454977882e-15,7.176629334267725e-20,1.1515855392149653e-23
36,1.2,1.0,6.045284717259847e-09,4.396041703943511e-15,8.350840001885451e-20,1.3782954070194362e-23
37,1.2333333333333334,1.0,6.513557249121504e-09,4.868130858414485e-15,9.504473905531066e-20,1.6122835421937476e-23
38,1.2666666666666666,1.0,7.71755370720939e-09,5.9238680651910354e-15,1.187821795350315e-19,2.0694192859828234e-23
39,1.3,1.0,9.402355338750112e-09,7.407013438470895e-15,1.5242925021548616e-19,2.725514743082958e-23
40,1.3333333333333333,1.0,9.874155715294819e-09,7.978139802717211e-15,1.6839161298986336e-19,3.088147474781453e-23
41,1.3666666666666667,1.0,1.0238904835091489e-08,8.47966885781943e-15,1.834509013304858e-19,3.448444862656132e-23
42,1.4,1.0,1.0849833032011702e-08,9.204784964843629e-15,2.039943971323348e-19,3.928159383274444e-23
43,1.4333333333333333,1.0,1.1359753138151518e-08,9.866847939274219e-15,2.2387234858320246e-19,4.413594723177418e-23
44,1.4666666666666666,1.0,1.1588482173863213e-08,1.02995945309276e-14,2.39124783596856e-19,4.8239500686538016e-23
45,1.5,1.0,1.178746433794231e-08,1.0714541572227378e-14,2.544111071662301e-19,5.2489946352741245e-23
46,1.5333333333333334,1.0,1.2100572099882356e-08,1.1243570398995154e-14,2.7290425487410744e-19,5.755693878649512e-23
47,1.5666666666666667,1.0,1.2443289953978365e-08,1.181335760415186e-14,2.9296630571005644e-19,6.313164209884924e-23
48,1.6,1.0,1.2544944638648303e-08,1.2163261832464928e-14,3.080605165821651e-19,6.779704753386045e-23
49,1.6333333333333333,1.0,1.260777615641473e-08,1.24788451327882e-14,3.22636447101721e-19,7.248447796534543e-23
50,1.6666666666666667,1.0,1.3255196051886742e-08,1.3387387071573265e-14,3.531888800142499e-19,8.096820999534152e-23
51,1.7,1.0,1.4237157230923003e-08,1.4666715988953007e-14,3.9467762290170727e-19,9.228947470141759e-23
52,1.7333333333333334,1.0,1.4379953228171871e-08,1.510428304510921e-14,4.144203820212108e-19,9.880658911647218e-23
53,1.7666666666666666,1.0,1.4618930954668485e-08,1.565058372070445e-14,4.376655014024463e-19,1.063559185596776e-22
54,1.8,1.0,1.5341864667561822e-08,1.6734421669022635e-14,4.768025698084154e-19,1.1805322379294167e-22
55,1.8333333333333333,1.0,1.6014485737514406e-08,1.7791571303238732e-14,5.163086124663714e-19,1.3020255263578462e-22
56,1.8666666666666667,1.0,1.601660670758065e-08,1.81174435127723e-14,5.353225479180333e-19,1.3745261349509815e-22
57,1.9,1.0,1.6063093966067754e-08,1.8494481594517713e-14,5.562190947450776e-19,1.4536914191246585e-22
58,1.9333333333333333,1.0,1.619816991649259e-08,1.8977188730498994e-14,5.80747016160018e-19,1.5444307442819934e-22
59,1.9666666666666666,1.0,1.6245062184339076e-08,1.9360255992762962e-14,6.026823984388523e-19,1.6304066117492417e-22
60,2.0,1.0,1.624893108953529e-08,1.969307556652991e-14,6.2343098333382615e-19,1.7151300205344887e-22
61,2.033333333333333,1.0,1.6251993528726416e-08,2.0025058271744972e-14,6.445037196313442e-19,1.8026635411907502e-22
62,2.066666666666667,1.0,1.6252405643513157e-08,2.03538425805512e-14,6.65822025173214e-19,1.8928284493913393e-22
63,2.1,1.0,1.6252609924549688e-08,2.0682379555736832e-14,6.874789060795594e-19,1.9859271628528816e-22
64,2.1333333333333333,1.0,1.6252611700906527e-08,2.101066411510418e-14,7.09473741964921e-19,2.0820047413102832e-22
65,2.1666666666666665,1.0,1.62526330171886e-08,2.1338974085459948e-14,7.318155801172485e-19,2.181134264837804e-22
66,2.2,1.0,1.625266499161171e-08,2.166729760834287e-14,7.545042654401772e-19,2.2833633175252466e-22
67,2.2333333333333334,1.0,1.625271828231689e-08,2.199565331847779e-14,7.775403666203782e-19,2.388741250510842e-22
68,2.2666666666666666,1.0,1.625272538774425e-08,2.2323942960042822e-14,8.009203164414598e-19,2.4973051718115714e-22
69,2.3,1.0,1.6252757362167358e-08,2.2652269871057534e-14,8.246479406137552e-19,2.6091136464610387e-22
70,2.3333333333333335,1.0,1.6252801771088343e-08,2.2980615416797086e-14,8.487224119566516e-19,2.7242128701538535e-22
71,2.3666666666666667,1.0,1.6252952761419692e-08,2.3309113428467143e-14,8.731489003489777e-19,2.8426669615043923e-22
72,2.4,1.0,1.6252965195917568e-08,2.3637416622559332e-14,8.979144810936622e-19,2.964481978964407e-22
73,2.433333333333333,1.0,1.6252995393983838e-08,2.3965748615771727e-14,9.230273742980424e-19,3.089731633696882e-22
74,2.466666666666667,1.0,1.6253029144763786e-08,2.4294085691181806e-14,9.484866493839292e-19,3.2184611116544674e-22
75,2.5,1.0,1.6253087764539487e-08,2.4622460036041564e-14,9.742935471222414e-19,3.3507221621125464e-22
76,2.533333333333333,1.0,1.6253130397103632e-08,2.49508106639788e-14,1.0004459995614476e-18,3.486555174749466e-22
77,2.566666666666667,1.0,1.625325296572555e-08,2.5279288346858123e-14,1.0269497969658357e-18,3.626028812018417e-22
78,2.6,1.0,1.6253510537467264e-08,2.5607982870171943e-14,1.0538088684433154e-18,3.769205173049858e-22
79,2.6333333333333333,1.0,1.6253803636345765e-08,2.5936750238319227e-14,1.0810175271271753e-18,3.9161120257476533e-22
80,2.6666666666666665,1.0,1.625388001968986e-08,2.6265173711089926e-14,1.1085585056221283e-18,4.0667347288534014e-22
81,2.7,1.0,1.6254016799166493e-08,2.65936971337484e-14,1.1364500019016507e-18,4.2211868783374544e-22
82,2.7333333333333334,1.0,1.625426193641033e-08,2.6922405209589377e-14,1.1646959450736521e-18,4.37953158307223e-22
83,2.7666666666666666,1.0,1.6254716683761217e-08,2.7251475815531778e-14,1.1933044001491048e-18,4.541847098059526e-22
84,2.8,1.0,1.6255198076464694e-08,2.7580607407846382e-14,1.2222623390333612e-18,4.708134937912281e-22
85,2.8333333333333335,1.0,1.6256169743655846e-08,2.7910606361898974e-14,1.2516063644685268e-18,4.878585438989705e-22
86,2.8666666666666667,1.0,1.6257624579907315e-08,2.8241479453953132e-14,1.2813379240206734e-18,5.053256156583445e-22
87,2.9,1.0,1.6259308566191066e-08,2.8572813331930597e-14,1.3114395434993609e-18,5.2321324494350995e-22
88,2.933333333333333,1.0,1.6261683555285344e-08,2.890544317031736e-14,1.3419506173812622e-18,5.415423334130115e-22
89,2.966666666666667,1.0,1.6270517377847682e-08,2.924978239216697e-14,1.3733622841550805e-18,5.605189694006165e-22
90,3.0,1.0,1.6294919191750523e-08,2.9622775044556293e-14,1.4064974851327297e-18,5.804952499273174e-22
91,3.033333333333333,1.0,1.632428059394897e-08,3.000587449407226e-14,1.4405112553184868e-18,6.011422010629756e-22
92,3.066666666666667,1.0,1.6363383537054688e-08,3.040825580159952e-14,1.47586474790385e-18,6.226665674736313e-22
93,3.1,1.0,1.6420349524537414e-08,3.0845778812042465e-14,1.5133666353351667e-18,6.454316543160186e-22
94,3.1333333333333333,1.0,1.6495196319965544e-08,3.131955144449611e-14,1.5531272428266359e-18,6.695146058757808e-22
95,3.1666666666666665,1.0,1.6541850555995552e-08,3.1742244602098527e-14,1.5908278604001184e-18,6.9306491855233785e-22
96,3.2,1.0,1.6577979877752114e-08,3.214641484321039e-14,1.6280356851236724e-18,7.167443267383125e-22
97,3.2333333333333334,1.0,1.660251136570423e-08,3.252932116921438e-14,1.664581765357184e-18,7.404708898737576e-22
98,3.2666666666666666,1.0,1.6631608090733607e-08,3.292225636531386e-14,1.7020500485761156e-18,7.649472873877207e-22
99,3.3,1.0,1.6664309043790126e-08,3.332357718759116e-14,1.7403704312235535e-18,7.901544351571825e-22
100,3.3333333333333335,1.0,1.6743504360761108e-08,3.3820124841930574e-14,1.7841375914095e-18,8.182112766824393e-22
101,3.3666666666666667,1.0,1.6830853155624936e-08,3.4336510007894686e-14,1.8294848733605757e-18,8.474016040434155e-22
102,3.4,1.0,1.6968291660646173e-08,3.495962471334463e-14,1.8811201755331265e-18,8.79949525365404e-22
103,3.433333333333333,1.0,1.7319020884087877e-08,3.6032032799072564e-14,1.957824840530322e-18,9.248133703316437e-22
104,3.466666666666667,1.0,1.806323268738197e-08,3.794519562384975e-14,2.081786747512978e-18,9.929208693415885e-22
105,3.5,1.0,1.85261974650075e-08,3.929192718800725e-14,2.1763909805803615e-18,1.0480288494012538e-21
106,3.533333333333333,1.0,1.8771794785266138e-08,4.019196406896894e-14,2.247437523392541e-18,1.0925530171725926e-21
107,3.566666666666667,1.0,1.8882834851297048e-08,4.0811101107698575e-14,2.3035778579762087e-18,1.1304145036037581e-21
108,3.6,1.0,1.9064760437004225e-08,4.158936514403119e-14,2.3694363239864557e-18,1.173604600299285e-21
109,3.6333333333333333,1.0,1.935133120412047e-08,4.260536083547199e-14,2.4497851331722535e-18,1.2246431183170666e-21
110,3.6666666666666665,1.0,1.9855029620430287e-08,4.411536985867402e-14,2.5598710853793326e-18,1.2914208881416218e-21
111,3.7,1.0,2.0377584064590337e-08,4.568800172173246e-14,2.6752160451258707e-18,1.361886235599287e-21
112,3.7333333333333334,1.0,2.0521319754607248e-08,4.642475097925425e-14,2.7428343378893242e-18,1.4088947724857692e-21
113,3.7666666666666666,1.0,2.0549725476826097e-08,4.690406998344651e-14,2.7958841189093407e-18,1.44897395518079e-21
114,3.8,1.0,2.0555900093199853e-08,4.733334628111499e-14,2.846430024215159e-18,1.4882309049988553e-21
115,3.8333333333333335,1.0,2.0556750968125925e-08,4.7750499843242367e-14,2.896692620161178e-18,1.5278024904112462e-21
116,3.8666666666666667,1.0,2.0556937485594062e-08,4.816613552232826e-14,2.9473024251693163e-18,1.5680200077546066e-21
117,3.9,1.0,2.0557015645294996e-08,4.858152725592535e-14,2.9983351262656222e-18,1.6089294002880565e-21
118,3.933333333333333,1.0,2.0557045843361266e-08,4.899679362864624e-14,3.0497977544853026e-18,1.650539755689224e-21
119,3.966666666666667,1.0,2.055706360692966e-08,4.941203628444461e-14,3.1016969272732578e-18,1.6928606665067168e-21
120,4.0,1.0,2.0557109792207484e-08,4.982735009101055e-14,3.154037607713163e-18,1.7359015233407504e-21
121,4.033333333333333,1.0,2.055717907012422e-08,5.0242728272080484e-14,3.2068206229856313e-18,1.7796677787979018e-21
122,4.066666666666666,1.0,2.055750591978267e-08,5.0658729869399594e-14,3.260081748652155e-18,1.824186292014272e-21
123,4.1,1.0,2.0558623248234653e-08,5.107671691194707e-14,3.3139096998334307e-18,1.869513810487939e-21
124,4.133333333333334,1.0,2.057240067188104e-08,5.1526460913753e-14,3.3702553820041647e-18,1.9167673107735975e-21
125,4.166666666666667,1.0,2.065936222095388e-08,5.2161532336286384e-14,3.4392947710599844e-18,1.971815413135113e-21
126,4.2,1.0,2.5337795861446466e-08,6.448558050389797e-14,4.285884142710803e-18,2.4768509804158258e-21
127,4.233333333333333,0.9999999403953552,5.4892730361189024e-08,1.4081262740030243e-13,9.433022121766918e-18,5.494718471119679e-21
128,4.266666666666667,0.9999998807907104,1.3476093840836256e-07,3.484149546564147e-13,2.3523966101630165e-17,1.3810625278643823e-20
129,4.3,0.9999998211860657,1.857999052390369e-07,4.841252724228917e-13,3.2941961660389445e-17,1.9490995714080506e-20
130,4.333333333333333,0.9999997615814209,2.3626532197340566e-07,6.203913251179305e-13,4.2541157749773366e-17,2.5365855375456586e-20
131,4.366666666666666,0.9999997019767761,2.9136063517398725e-07,7.70946620345242e-13,5.3271394286647994e-17,3.20084161934643e-20
132,4.4,0.9999992847442627,7.319649171222409e-07,1.9515790893043228e-12,1.3588040335871422e-16,8.22681267008622e-20
133,4.433333333333334,0.999998927116394,1.069129439201788e-06,2.8721270153853062e-12,2.0148850495859853e-16,1.2291495482110543e-19
134,4.466666666666667,0.9999984502792358,1.5787362599439803e-06,4.2730294129433855e-12,3.0201872941748337e-16,1.8562800192863415e-19
135,4.5,0.9999978542327881,2.1464786641445244e-06,5.853043310438677e-12,4.167800735371959e-16,2.5807595671954045e-19
136,4.533333333333333,0.9999969601631165,3.03467004414415e-06,8.336267440234302e-12,5.979986962561948e-16,3.730335891442506e-19
137,4.566666666666666,0.9999952912330627,4.728769908979302e-06,1.3085485819908094e-11,9.455801484696547e-16,5.941959389443645e-19
138,4.6,0.9999934434890747,6.531286999233998e-06,1.8205343482735614e-11,1.3251470470790946e-15,8.387951589314613e-19
139,4.633333333333334,0.9999889135360718,1.1081626325903926e-05,3.1112813714262444e-11,2.2810692560764874e-15,1.4543469884367784e-18
140,4.666666666666667,0.9999822378158569,1.7741571355145425e-05,5.016966009296908e-11,3.704690024262762e-15,2.379012180347676e-18
141,4.7,0.9999812841415405,1.8725615518633276e-05,5.333058994416717e-11,3.9662156818922635e-15,2.5651584238547715e-18
142,4.733333333333333,0.9999808073043823,1.9167770005878992e-05,5.497702987300457e-11,4.117643150004704e-15,2.6819941698602833e-18
143,4.766666666666667,0.999980628490448,1.9366745618754067e-05,5.593892363209285e-11,4.219174448293235e-15,2.767491144383458e-18
144,4.8,0.999980092048645,1.9904167857021093e-05,5.789327697791613e-11,4.397098377545211e-15,2.9043798163887866e-18
145,4.833333333333333,0.9999781250953674,2.1879392079426907e-05,6.408037295235758e-11,4.900798378091242e-15,3.259579236430029e-18
146,4.866666666666666,0.9999749064445496,2.5071334675885737e-05,7.393537865274524e-11,5.69347213892255e-15,3.812929565413196e-18
147,4.9,0.9999721646308899,2.781754119496327e-05,8.259585376757528e-11,6.403919752882674e-15,4.318111926556482e-18
148,4.933333333333334,0.9999687075614929,3.131806442979723e-05,9.362224884235104e-11,7.308181634185264e-15,4.96139374532672e-18
149,4.966666666666667,0.9999675154685974,3.2483651011716574e-05,9.776281867379666e-11,7.682927644775406e-15,5.251068673530034e-18
150,5.0,0.9999663829803467,3.3641295885900036e-05,1.0192642563300325e-10,8.063860384012293e-15,5.54844093092346e-18
151,5.033333333333333,0.9999659657478333,3.4048476663883775e-05,1.0384789556061591e-10,8.270616891272332e-15,5.728665802015595e-18
152,5.066666666666666,0.9999656677246094,3.433605525060557e-05,1.0541860440138606e-10,8.451277160460412e-15,5.892595215040435e-18
153,5.1,0.999965250492096,3.4771172067848966e-05,1.07456890607871e-10,8.671323614662871e-15,6.085825433313435e-18
154,5.133333333333334,0.9999648332595825,3.518730591167696e-05,1.0945370304549229e-10,8.890152035487178e-15,6.280215358805234e-18
155,5.166666666666667,0.9999642372131348,3.5771518014371395e-05,1.1199357413671507e-10,9.155476635885115e-15,6.509674847137138e-18
156,5.2,0.9999635219573975,3.650760118034668e-05,1.150355921630819e-10,9.46479612756344e-15,6.7730532900770844e-18
157,5.233333333333333,0.9999633431434631,3.664290488814004e-05,1.1620213125063117e-10,9.622024077298678e-15,6.929736187345654e-18
158,5.266666666666667,0.9999632835388184,3.67036227544304e-05,1.1713610637009708e-10,9.761100110974256e-15,7.074707034321085e-18
159,5.3,0.9999632835388184,3.672526145237498e-05,1.179470271450711e-10,9.890841841571092e-15,7.214147351720986e-18
160,5.333333333333333,0.9999632239341736,3.6752986488863826e-05,1.187785148015763e-10,1.0023173798920631e-14,7.356679670250611e-18
161,5.366666666666666,0.9999632239341736,3.679432484204881e-05,1.1965536894642526e-10,1.0160233894181744e-14,7.503919473646275e-18
162,5.4,0.9999631643295288,3.681962698465213e-05,1.204814442656854e-10,1.029387790556658e-14,7.649880455814932e-18
163,5.433333333333334,0.9999631643295288,3.684007242554799e-05,1.2129251769632532e-10,1.0427103482675473e-14,7.796754645379848e-18
164,5.466666666666667,0.999963104724884,3.6871286283712834e-05,1.2214007583111197e-10,1.0564338913756667e-14,7.947870617125935e-18
165,5.5,0.999963104724884,3.68874789273832e-05,1.2293882578617854e-10,1.0698220941399682e-14,8.097706940464403e-18
166,5.533333333333333,0.999963104724884,3.69035369658377e-05,1.2373777003027442e-10,1.0832960166385318e-14,8.249426754057655e-18
167,5.566666666666666,0.999963104724884,3.69232875527814e-05,1.245498426616365e-10,1.0969699236159421e-14,8.403916795522346e-18
168,5.6,0.9999629855155945,3.700443630805239e-05,1.2557108131083794e-10,1.1125824348997334e-14,8.574603033380826e-18
169,5.633333333333334,0.9999621510505676,3.783967986237258e-05,1.2916978597843354e-10,1.1512750693368993e-14,8.925660139709556e-18
170,5.666666666666667,0.9999579191207886,4.209025064483285e-05,1.4452984642421285e-10,1.2957945602480071e-14,1.0105588615763372e-17
171,5.7,0.999937891960144,6.211407162481919e-05,2.1454270304754886e-10,1.934807735304734e-14,1.5177927133568154e-17
172,5.733333333333333,0.9998891353607178,0.00011084770812885836,3.8510927780066595e-10,3.493322100231282e-14,2.756433972981278e-17
173,5.766666666666667,0.9998617768287659,0.0001382340706186369,4.830495448082672e-10,4.407194756166598e-14,3.4977669691494697e-17
174,5.8,0.9998515248298645,0.00014850411389488727,5.219394361155594e-10,4.789520695195129e-14,3.8231894174229364e-17
175,5.833333333333333,0.9998473525047302,0.00015267090930137783,5.396706970195453e-10,4.980670620402007e-14,3.998640050173599e-17
176,5.866666666666666,0.9998396635055542,0.00016036244051065296,5.701012439907061e-10,5.2915611887909e-14,4.272528153668277e-17
177,5.9,0.9998147487640381,0.00018524867482483387,6.623198101074479e-10,6.182418265483422e-14,5.0202120771435284e-17
178,5.933333333333334,0.9997657537460327,0.000234218779951334,8.421406905156914e-10,7.905334779801862e-14,6.455542493490442e-17
179,5.966666666666667,0.9996392130851746,0.0003607667749747634,1.3044534341588587e-09,1.2313895291892613e-13,1.0112136081183974e-16
180,6.0,0.9994291663169861,0.0005708258249796927,2.0755601681798908e-09,1.9702436297036607e-13,1.6270048402365996e-16
181,6.033333333333333,0.9992254972457886,0.0007744795293547213,2.83179146798318e-09,2.7030257914763267e-13,2.2445393720393696e-16
182,6.066666666666666,0.9990797638893127,0.0009202298824675381,3.3834168799984354e-09,3.2473974681188067e-13,2.711485342454616e-16
183,6.1,0.9989445209503174,0.0010555012850090861,3.902233647323783e-09,3.76592068076706e-13,3.1617291466389875e-16
184,6.133333333333334,0.9987926483154297,0.0012073394609615207,4.488156957194178e-09,4.355027081147378e-13,3.676318338057124e-16
185,6.166666666666667,0.9985055923461914,0.0014943991554901004,5.585750084691199e-09,5.449498274509579e-13,4.625244054910196e-16
186,6.2,0.9980916380882263,0.0019083409570157528,7.172026528223796e-09,7.034875611731939e-13,6.003129490867712e-16
187,6.233333333333333,0.9972899556159973,0.002710036700591445,1.0240762904345502e-08,1.0098891124396547e-12,8.66414437516018e-16
188,6.266666666666667,0.9961836934089661,0.0038162656128406525,1.450002962144481e-08,1.4375559119830794e-12,1.2399236741240504e-15
189,6.3,0.9947603940963745,0.005239560734480619,2.0017104418457166e-08,1.9950753289005307e-12,1.7299576450990808e-15
190,6.333333333333333,0.9933493137359619,0.006650686729699373,2.5547645776669015e-08,2.5597583948322455e-12,2.231356468885659e-15
191,6.366666666666666,0.9917126893997192,0.008287263102829456,3.200989695528733e-08,3.2241136843635942e-12,2.825283689522639e-15
192,6.4,0.9898770451545715,0.010122942738234997,3.93177721491611e-08,3.980898510141939e-12,3.506732918775275e-15
193,6.433333333333334,0.98796147108078,0.012038499116897583,4.7020353832749606e-08,4.785556066005947e-12,4.237522875996658e-15
194,6.466666666666667,0.9860567450523376,0.013943180441856384,5.47673977280283e-08,5.6028797053298e-12,4.986976780694315e-15
195,6.5,0.9839778542518616,0.0160220954567194,6.328973967129059e-08,6.508090941159672e-12,5.822567583380631e-15
196,6.533333333333333,0.9817008972167969,0.01829903945326805,7.269377277907552e-08,7.513411767745559e-12,6.756496793660803e-15
197,6.566666666666666,0.9793172478675842,0.02068265713751316,8.262916395551656e-08,8.583841970555284e-12,7.758509241691854e-15
198,6.6,0.9772164821624756,0.022783419117331505,9.154151570101021e-08,9.557926498870994e-12,8.682827169119531e-15
199,6.633333333333334,0.9747219681739807,0.02527790702879429,1.0215307355565528e-07,1.0719713311457824e-11,9.787472481787018e-15
200,6.666666666666667,0.9721547365188599,0.027845166623592377,1.131912767959875e-07,1.1937678276452424e-11,1.0954338293660965e-14
201,6.7,0.9692369699478149,0.0307629331946373,1.2579683072999615e-07,1.3333398621306891e-11,1.229632139111616e-14
202,6.733333333333333,0.9660413265228271,0.03395852446556091,1.3969639667266165e-07,1.4880239401771078e-11,1.3791184618188335e-14
203,6.766666666666667,0.9620569348335266,0.03794291615486145,1.5703778899478493e-07,1.6810159167435224e-11,1.5657058440553262e-14
204,6.8,0.9573534727096558,0.04264635592699051,1.7761156811957335e-07,1.9106065687890528e-11,1.7883218574065753e-14
205,6.833333333333333,0.9518162608146667,0.04818352684378624,2.0197610695049661e-07,2.1833427427120355e-11,2.0536293477389778e-14
206,6.866666666666666,0.94673752784729,0.05326225236058235,2.2474810634776077e-07,2.4413474714046757e-11,2.3075178175028556e-14
207,6.9,0.941223680973053,0.05877606198191643,2.4969082801362674e-07,2.7254455636782637e-11,2.5885591142370962e-14
208,6.933333333333334,0.935956597328186,0.06404309719800949,2.7393801360631187e-07,3.004543142060001e-11,2.8674379358569965e-14
209,6.966666666666667,0.9306122064590454,0.06938747316598892,2.9891484132349433e-07,3.294237105322395e-11,3.159041564036909e-14
210,7.0,0.9252336621284485,0.07476600259542465,3.245382913519279e-07,3.5937221948278975e-11,3.4627411615167913e-14
211,7.033333333333333,0.9189176559448242,0.08108198642730713,3.548913696249656e-07,3.9485300445951665e-11,3.822751848143319e-14
212,7.066666666666666,0.9118229150772095,0.08817671984434128,3.8944281754993426e-07,4.3534679333712134e-11,4.234785265511132e-14
213,7.1,0.9038264155387878,0.09617317467927933,4.2878551198555215e-07,4.8158588228375265e-11,4.706689343283131e-14
214,7.133333333333334,0.8966096639633179,0.10338987410068512,4.653619214423088e-07,5.251180046350612e-11,5.1562605503678235e-14
215,7.166666666666667,0.8883093595504761,0.11169014126062393,5.07634410951141e-07,5.754930212931164e-11,5.6773372624201873e-14
216,7.2,0.8799706101417542,0.12002884596586227,5.511093945642642e-07,6.276829750406776e-11,6.22103009297742e-14
217,7.233333333333333,0.8715637922286987,0.12843559682369232,5.960511089142528e-07,6.820092407489042e-11,6.79078849901392e-14
218,7.266666666666667,0.8632607460021973,0.1367386281490326,6.415525604097638e-07,7.374523908199038e-11,7.376708971310389e-14
219,7.3,0.8533508777618408,0.14664840698242188,6.952288345019042e-07,8.028148978933558e-11,8.067401998171353e-14
220,7.333333333333333,0.8417174816131592,0.15828174352645874,7.574819278488576e-07,8.786920496772765e-11,8.870242187248786e-14
221,7.366666666666666,0.8285847902297974,0.17141439020633698,8.276446692434547e-07,9.644421372634326e-11,9.780174445913475e-14
222,7.4,0.8167654871940613,0.18323363363742828,8.928363399718364e-07,1.0451126075672335e-10,1.0646239207053043e-13
223,7.433333333333334,0.8035619854927063,0.1964370310306549,9.668308393884217e-07,1.1368203600703453e-10,1.163265447509665e-13
224,7.466666666666667,0.790776789188385,0.20922216773033142,1.040993197420903e-06,1.2295059415023957e-10,1.2637545903412123e-13
225,7.5,0.7781041860580444,0.22189468145370483,1.1170977813890204e-06,1.3252769714977575e-10,1.3682810310125526e-13
226,7.533333333333333,0.7659383416175842,0.23406046628952026,1.1935719612665707e-06,1.4222903410576748e-10,1.4749754694530492e-13
227,7.566666666666666,0.7510004043579102,0.24899831414222717,1.2878010693384567e-06,1.541360095114186e-10,1.6055360437406546e-13
228,7.6,0.7332942485809326,0.26670435070991516,1.401307713422284e-06,1.6845973227486155e-10,1.7624753924101039e-13
229,7.633333333333334,0.7143568992614746,0.2856415808200836,1.5279020999514614e-06,1.8448328975573247e-10,1.938592922258106e-13
230,7.666666666666667,0.69905024766922,0.3009481132030487,1.6404572988903965e-06,1.989376580135982e-10,2.0996209328452697e-13
231,7.7,0.6840201616287231,0.31597810983657837,1.7534430298837833e-06,2.1356305612840742e-10,2.263790148176667e-13
232,7.733333333333333,0.6705438494682312,0.3294542729854584,1.8567311599326786e-06,2.2712123848300791e-10,2.417941335434298e-13
233,7.766666666666667,0.6579095125198364,0.3420884907245636,1.9551478089852026e-06,2.401897569725975e-10,2.5681033363235406e-13
234,7.8,0.6460162401199341,0.3539816737174988,2.0538361695798812e-06,2.5339555453918194e-10,2.7209395218712185e-13
235,7.833333333333333,0.6310830116271973,0.36891481280326843,2.182244088544394e-06,2.703876011977968e-10,2.9158199834657117e-13
236,7.866666666666666,0.612422525882721,0.3875751197338104,2.347808049307787e-06,2.921382025178332e-10,3.163795451750079e-13
237,7.9,0.5925103425979614,0.407487154006958,2.532612825234537e-06,3.16467546612742e-10,3.4418152464361917e-13
238,7.933333333333334,0.5767925977706909,0.4232047200202942,2.6954007807944436e-06,3.38228861584966e-10,3.694023168951399e-13
239,7.966666666666667,0.5618008375167847,0.4381963014602661,2.8497465791588183e-06,3.5909783480114754e-10,3.9384440804132725e-13
240,8.0,0.5481791496276855,0.4518178403377533,2.994318720084266e-06,3.78892611729853e-10,4.172951860361568e-13
241,8.033333333333333,0.5361138582229614,0.46388301253318787,3.13292571263446e-06,3.9808178975420105e-10,4.4025812726347646e-13
242,8.066666666666666,0.525408148765564,0.4745885729789734,3.2665545859345e-06,4.1678177575832365e-10,4.628540389503555e-13
243,8.1,0.5128317475318909,0.48716482520103455,3.4206420878035715e-06,4.3824363582523063e-10,4.88701689792953e-13
244,8.133333333333333,0.497802197933197,0.5021942257881165,3.5990938158647623e-06,4.630020811191571e-10,5.184378859372785e-13
245,8.166666666666666,0.48382341861724854,0.5161728262901306,3.77128299078322e-06,4.871395509198351e-10,5.477034299185279e-13
246,8.2,0.4738468527793884,0.5261492133140564,3.914309218089329e-06,5.076761233624438e-10,5.731256398286422e-13
247,8.233333333333333,0.4649420976638794,0.5350538492202759,4.0527593228034675e-06,5.277673853498754e-10,5.982318048054769e-13
248,8.266666666666667,0.4570178985595703,0.5429779291152954,4.185334546491504e-06,5.472363673320046e-10,6.228143543431097e-13
249,8.3,0.45038241147994995,0.5496132969856262,4.3065206227765884e-06,5.65349878023369e-10,6.460267975953726e-13
250,8.333333333333334,0.44452691078186035,0.5554686784744263,4.4151884139864706e-06,5.819409953922161e-10,6.676592330216724e-13
251,8.366666666666667,0.4371832609176636,0.5628122091293335,4.527187229541596e-06,5.990873908068295e-10,6.900837865551901e-13
252,8.4,0.4275174140930176,0.5724779367446899,4.649226411856944e-06,6.176856803818964e-10,7.143449785688982e-13
253,8.433333333333334,0.4183694124221802,0.5816258192062378,4.758338036481291e-06,6.346880798702159e-10,7.36924193542321e-13
254,8.466666666666667,0.4123101234436035,0.5876850485801697,4.84067231809604e-06,6.482197001389522e-10,7.556137790118433e-13
255,8.5,0.4069896936416626,0.5930054187774658,4.923456344840815e-06,6.618984804696026e-10,7.745998937755405e-13
256,8.533333333333333,0.402271568775177,0.5977234244346619,5.011654138797894e-06,6.763951065913432e-10,7.946727585868285e-13
257,8.566666666666666,0.39822453260421753,0.6017704010009766,5.105521722725825e-06,6.91752821690983e-10,8.158943355998649e-13
258,8.6,0.3944070339202881,0.6055877804756165,5.2017212510691024e-06,7.075265373579498e-10,8.377497372029363e-13
259,8.633333333333333,0.389334499835968,0.610660195350647,5.320986929291394e-06,7.265511525744728e-10,8.636143558095333e-13
260,8.666666666666666,0.38267403841018677,0.6173204779624939,5.494563083630055e-06,7.531458234844024e-10,8.986865613659634e-13
261,8.7,0.37674856185913086,0.6232457160949707,5.734094884246588e-06,7.8899858868553e-10,9.450930706436655e-13
262,8.733333333333333,0.37321746349334717,0.6267765164375305,6.030134954926325e-06,8.329088529990258e-10,1.0015176622052424e-12
263,8.766666666666667,0.3706257939338684,0.6293678879737854,6.35322385278414e-06,8.808812568261715e-10,1.0632488813000496e-12
264,8.8,0.368439257144928,0.6315540671348572,6.655911420239136e-06,9.263544931137346e-10,1.1223929771708718e-12
265,8.833333333333334,0.3667325973510742,0.6332604289054871,6.957268396945437e-06,9.71960512075043e-10,1.1821166875231048e-12
266,8.866666666666667,0.36489546298980713,0.6350972056388855,7.286359505087603e-06,1.0217732215878073e-09,1.2473948740251983e-12
267,8.9,0.36207515001296997,0.6379172205924988,7.643974640814122e-06,1.0759474422528115e-09,1.3184757105544342e-12
268,8.933333333333334,0.3581694960594177,0.6418224573135376,8.031094694160856e-06,1.1346670270029335e-09,1.3956452096439143e-12
269,8.966666666666667,0.3546220064163208,0.6453695893287659,8.435453310084995e-06,1.19623888572562e-09,1.4768758048108732e-12
270,9.0,0.3519355058670044,0.6480557322502136,8.776987669989467e-06,1.2492943346487095e-09,1.5481190548255475e-12
271,9.033333333333333,0.3495323061943054,0.6504586338996887,9.068136023415718e-06,1.2955112538293179e-09,1.6113437624129534e-12
272,9.066666666666666,0.3469523787498474,0.6530382633209229,9.334247806691565e-06,1.3384445773922948e-09,1.670894542518675e-12
273,9.1,0.3445027470588684,0.6554876565933228,9.561589649820235e-06,1.3760786954364335e-09,1.7242001012704455e-12
274,9.133333333333333,0.342029869556427,0.6579603552818298,9.758316082297824e-06,1.4095298261906919e-09,1.772591296834991e-12
275,9.166666666666666,0.3390812277793884,0.6609088182449341,9.936751666828059e-06,1.4405366899339356e-09,1.8182046580134115e-12
276,9.2,0.3358614444732666,0.6641284823417664,1.0101967745868023e-05,1.4698078310004803e-09,1.8619045107776122e-12
277,9.233333333333333,0.3335888385772705,0.6664009094238281,1.0255922461510636e-05,1.4976085926932114e-09,1.90400386429479e-12
278,9.266666666666667,0.3322998285293579,0.6676897406578064,1.042363146552816e-05,1.5275872788933498e-09,1.94913768285232e-12
279,9.3,0.3313278555870056,0.6686615347862244,1.0614046004775446e-05,1.561081819367871e-09,1.999049797224428e-12
280,9.333333333333334,0.33023059368133545,0.6697585582733154,1.0847754310816526e-05,1.6011674208726845e-09,2.0577398292254134e-12
281,9.366666666666667,0.32914304733276367,0.6708458662033081,1.108790183934616e-05,1.6424527293779079e-09,2.118345863305615e-12
282,9.4,0.32784849405288696,0.6721401810646057,1.1342808647896163e-05,1.68618519147401e-09,2.182499190053755e-12
283,9.433333333333334,0.32624882459640503,0.6737395524978638,1.1654303307295777e-05,1.7386279083098088e-09,2.2583681886373386e-12
284,9.466666666666667,0.3242485523223877,0.6757393479347229,1.2112875992897898e-05,1.8134178603190776e-09,2.3638497843175843e-12
285,9.5,0.3226592540740967,0.6773279905319214,1.275277554668719e-05,1.9159323016992857e-09,2.5062864110469985e-12
286,9.533333333333333,0.32143115997314453,0.6785551905632019,1.3629538443638012e-05,2.0548311940871145e-09,2.697427784609241e-12
287,9.566666666666666,0.32035189867019653,0.679633617401123,1.4500757970381528e-05,2.1938144634248147e-09,2.889957370633134e-12
288,9.6,0.3190433382987976,0.6809413433074951,1.5348507076851092e-05,2.330152737428648e-09,3.0802682453312524e-12
289,9.633333333333333,0.31779754161834717,0.6821863651275635,1.6082178262877278e-05,2.4500041995167976e-09,3.2499623651982557e-12
290,9.666666666666666,0.31637823581695557,0.6836049556732178,1.681251887930557e-05,2.5701194505955982e-09,3.421109532816824e-12
291,9.7,0.31451088190078735,0.6854714155197144,1.770743983797729e-05,2.7162498916766253e-09,3.628109531556012e-12
292,9.733333333333333,0.3115770220756531,0.688403844833374,1.9126537154079415e-05,2.9440050397511186e-09,3.945854060161125e-12
293,9.766666666666667,0.3093867897987366,0.6905922293663025,2.0999577827751637e-05,3.2433664642894655e-09,4.361996007451463e-12
294,9.8,0.30785512924194336,0.6921212077140808,2.3647076886845753e-05,3.6647225254426985e-09,4.945520989257934e-12
295,9.833333333333334,0.30643266439437866,0.6935395002365112,2.7835934815811925e-05,4.328552627441695e-09,5.861250720884392e-12
296,9.866666666666667,0.3040958642959595,0.6958690285682678,3.509553425828926e-05,5.475918385400291e-09,7.440057250840404e-12
297,9.9,0.30142247676849365,0.6985299587249756,4.760261799674481e-05,7.452455541567815e-09,1.0159807023457645e-11
298,9.933333333333334,0.29743456840515137,0.7024955749511719,6.982110789977014e-05,1.0967657892990701e-08,1.500243505814236e-11
299,9.966666666666667,0.29213613271713257,0.7077670693397522,9.676736226538196e-05,1.5251410800942722e-08,2.093219694798698e-11
300,10.0,0.2839593291282654,0.7159168124198914,0.0001238431577803567,1.9584055266363976e-08,2.6968666883009362e-11
301,10.033333333333333,0.27665209770202637,0.7232012152671814,0.00014666900096926838,2.3270935400887538e-08,3.2152735335300164e-11
302,10.066666666666666,0.27082085609436035,0.7290127873420715,0.00016636821965221316,2.6484169524110257e-08,3.6714097040313476e-11
303,10.1,0.2654736042022705,0.7343419194221497,0.00018447605543769896,2.9464011674917856e-08,4.0980389220957036e-11
304,10.133333333333333,0.2581065893173218,0.741692304611206,0.00020108994795009494,3.222356426135775e-08,4.4966672746449277e-11
305,10.166666666666666,0.24974209070205688,0.7500442862510681,0.0002135780086973682,3.433732942426104e-08,4.807418352292814e-11
306,10.2,0.23948132991790771,0.7602924704551697,0.00022618148068431765,3.6482902032730635e-08,5.12458096790791e-11
307,10.233333333333333,0.22811222076416016,0.7716480493545532,0.00023968030291143805,3.878665566503514e-08,5.4660078546708846e-11
308,10.266666666666667,0.2135137915611267,0.78622967004776,0.0002564870228525251,4.16416874315928e-08,5.887495352352445e-11
309,10.3,0.20087921619415283,0.7988429069519043,0.0002778494090307504,4.525646346564827e-08,6.419373366206571e-11
310,10.333333333333334,0.19123691320419312,0.8084644079208374,0.0002986509061884135,4.880211434965531e-08,6.94473853424249e-11
311,10.366666666666667,0.18335580825805664,0.8163309693336487,0.00031317363027483225,5.134041813903423e-08,7.329550855139644e-11
312,10.4,0.17499035596847534,0.8246848583221436,0.0003247549757361412,5.341031794614537e-08,7.649610805904317e-11
313,10.433333333333334,0.16635483503341675,0.8333118557929993,0.0003332445921842009,5.4982351116450445e-08,7.9000375685645e-11
314,10.466666666666667,0.15603893995285034,0.8436200618743896,0.0003409785858821124,5.643824962930921e-08,8.135171702949862e-11
315,10.5,0.14336347579956055,0.8562870621681213,0.00034941412741318345,5.80187773380203e-08,8.389665351327125e-11
316,10.533333333333333,0.12603449821472168,0.8736045360565186,0.00036087186890654266,6.011163122821017e-08,8.719931721135055e-11
317,10.566666666666666,0.10900485515594482,0.8906235694885254,0.00037154240999370813,6.208504288451877e-08,9.034741704772031e-11
318,10.6,0.09550797939300537,0.9041109085083008,0.0003810448688454926,6.387391238149576e-08,9.324427341361741e-11
319,10.633333333333333,0.08571261167526245,0.913899838924408,0.00038749154191464186,6.515894312997261e-08,9.541974155258259e-11
320,10.666666666666666,0.07648086547851562,0.9231258034706116,0.0003932645486202091,6.633707982928172e-08,9.744999945882071e-11
321,10.7,0.06710302829742432,0.9324979782104492,0.00039891115739010274,6.749988301635312e-08,9.946849593989171e-11
322,10.733333333333333,0.05785977840423584,0.941735565662384,0.00040456923306919634,6.867055191150939e-08,1.0150931484265158e-10
323,10.766666666666667,0.04956692457199097,0.9500227570533752,0.00041022326331585646,6.984653566632915e-08,1.0356878549222515e-10
324,10.8,0.04021012783050537,0.9593732357025146,0.000416547991335392,7.114309141798003e-08,1.0581840265144749e-10
325,10.833333333333334,0.03200209140777588,0.967573881149292,0.00042395343189127743,7.263150791914086e-08,1.0836621183729633e-10
326,10.866666666666667,0.026328861713409424,0.9732377529144287,0.00043335623922757804,7.447100358604075e-08,1.1145313144611535e-10
327,10.9,0.02307891845703125,0.976474404335022,0.00044662097934633493,7.698613302409285e-08,1.1557122620020621e-10
328,10.933333333333334,0.020396113395690918,0.9791392087936401,0.00046460790326818824,8.033177323341079e-08,1.209630312581922e-10
329,10.966666666666667,0.0177919864654541,0.9817212224006653,0.0004867108364123851,8.441025300953697e-08,1.2749248878840547e-10
330,11.0,0.01496279239654541,0.9845306873321533,0.0005064440774731338,8.809987406266373e-08,1.3347030425325812e-10
331,11.033333333333333,0.012616634368896484,0.9868623614311218,0.0005209183436818421,9.089267649642352e-08,1.3811929377993692e-10
332,11.066666666666666,0.009189963340759277,0.9902779459953308,0.0005319889751262963,9.310507920190503e-08,1.4190931763025105e-10
333,11.1,0.006575226783752441,0.9928833842277527,0.0005413075559772551,9.502161901764339e-08,1.4526739533504696e-10
334,11.133333333333333,0.005011320114135742,0.994434118270874,0.0005544816376641393,9.762693764514552e-08,1.496992391158969e-10
335,11.166666666666666,0.004344761371612549,0.99507737159729,0.000577743339817971,1.0202777644963135e-07,1.5691652144322887e-10
336,11.2,0.0038347244262695312,0.9955587387084961,0.0006063986802473664,1.0740874500925202e-07,1.656862147481064e-10
337,11.233333333333333,0.0033367276191711426,0.9960362315177917,0.0006269320147112012,1.1137721145360047e-07,1.7231999160927103e-10
338,11.266666666666667,0.0027779340744018555,0.9965808391571045,0.0006411102367565036,1.142350285476823e-07,1.7726679846230553e-10
339,11.3,0.0024678707122802734,0.9968757629394531,0.0006562427151948214,1.1727828308494281e-07,1.8252852007627496e-10
340,11.333333333333334,0.0017511248588562012,0.9975759983062744,0.0006727440631948411,1.205827544481508e-07,1.8822596259404634e-10
341,11.366666666666667,0.0014220476150512695,0.9978880286216736,0.0006897466955706477,1.2399456750245008e-07,1.9412187135525727e-10
342,11.4,0.0013946294784545898,0.9978988766670227,0.0007064198725856841,1.2736484222841682e-07,1.9998393219200494e-10
343,11.433333333333334,0.001392960548400879,0.997884213924408,0.0007227265741676092,1.3068647319869342e-07,2.0580037674022833e-10
344,11.466666666666667,0.0013924837112426758,0.9978705644607544,0.0007368266233243048,1.3362524953208776e-07,2.1104273884020586e-10
345,11.5,0.001391291618347168,0.9978548288345337,0.0007537352503277361,1.370899269659276e-07,2.1714509357284584e-10
346,11.533333333333333,0.0013769865036010742,0.997840940952301,0.000781936279963702,1.4263244452195067e-07,2.2658012965859342e-10
347,11.566666666666666,0.001280069351196289,0.9978501796722412,0.0008695903234183788,1.5908125305941212e-07,2.5344157328355266e-10
348,11.6,0.0008152127265930176,0.9980967044830322,0.0010878780158236623,1.9959063024543866e-07,3.1889726970213417e-10
349,11.633333333333333,0.000292360782623291,0.9982438087463379,0.0014635628322139382,2.692945884064102e-07,4.315056090220537e-10
350,11.666666666666666,3.6716461181640625e-05,0.9976333975791931,0.0023294202983379364,4.2985905679415737e-07,6.907637239983444e-10
351,11.7,4.5299530029296875e-06,0.9965137839317322,0.0034810120705515146,6.442490985136828e-07,1.0382413817566771e-09
352,11.733333333333333,9.5367431640625e-07,0.9949981570243835,0.004999945405870676,9.280964832214522e-07,1.4999445019370228e-09
353,11.766666666666667,2.980232238769531e-07,0.9928693771362305,0.007129008881747723,1.327240397586138e-06,2.1511252779049528e-09
354,11.8,5.960464477539063e-08,0.990380585193634,0.009617572650313377,1.7959566775971325e-06,2.9190569961201618e-09
355,11.833333333333334,0.0,0.9875474572181702,0.012450208887457848,2.33208902500337e-06,3.80118381215766e-09
356,11.866666666666667,0.0,0.9852599501609802,0.014737265184521675,2.7691912691807374e-06,4.526373498237035e-09
357,11.9,0.0,0.983892023563385,0.016104957088828087,3.0358501135197002e-06,4.9762021170352e-09
358,11.933333333333334,0.0,0.9831169843673706,0.016879811882972717,3.1920753826852888e-06,5.246958867388685e-09
359,11.966666666666667,0.0,0.9826462864875793,0.01735043153166771,3.291481789347017e-06,5.4254956083354955e-09
360,12.0,0.0,0.9823546409606934,0.017641980201005936,3.357351715749246e-06,5.5495132933458535e-09
361,12.033333333333333,0.0,0.982215404510498,0.01778118871152401,3.3945036648219684e-06,5.6265356818130385e-09
362,12.066666666666666,0.0,0.9821487665176392,0.017847832292318344,3.417946118133841e-06,5.681112469346772e-09
363,12.1,0.0,0.9821016192436218,0.017894944176077843,3.437683290030691e-06,5.729729579684317e-09
364,12.133333333333333,0.0,0.9820502400398254,0.017946314066648483,3.458190121818916e-06,5.779814404860417e-09
365,12.166666666666666,0.0,0.9819847941398621,0.01801172085106373,3.481338353594765e-06,5.834515093283699e-09
366,12.2,0.0,0.9818881750106812,0.018108338117599487,3.510536089379457e-06,5.899594590630386e-09
367,12.233333333333333,0.0,0.9817218780517578,0.018274573609232903,3.5534253584046382e-06,5.988015860936002e-09
368,12.266666666666667,0.0,0.9814332127571106,0.018563145771622658,3.6204912703396985e-06,6.117684137052493e-09
369,12.3,0.0,0.9810712337493896,0.018925048410892487,3.7023378354206216e-06,6.273012331803329e-09
370,12.333333333333334,0.0,0.9805074334144592,0.019488757476210594,3.824247414740967e-06,6.497158366869371e-09
371,12.366666666666667,0.0,0.979968249797821,0.020027780905365944,3.941950126318261e-06,6.715259459610934e-09
372,12.4,0.0,0.9797315001487732,0.02026449888944626,4.000576154794544e-06,6.833532850691881e-09
373,12.433333333333334,0.0,0.9796090126037598,0.020386943593621254,4.036887730762828e-06,6.914126160495471e-09
374,12.466666666666667,0.0,0.9795243144035339,0.02047159895300865,4.065967459609965e-06,6.98263491472062e-09
375,12.5,0.0,0.9794542193412781,0.020541690289974213,4.092406925337855e-06,7.046864869408864e-09
376,12.533333333333333,0.0,0.9794003367424011,0.020595533773303032,4.115762294532033e-06,7.106013999447214e-09
377,12.566666666666666,0.0,0.9793409705162048,0.02065490558743477,4.140285000175936e-06,7.167397786389529e-09
378,12.6,0.0,0.9792546629905701,0.020741155371069908,4.170292413618881e-06,7.238527555131213e-09
379,12.633333333333333,0.0,0.9791499376296997,0.020845865830779076,4.20419019064866e-06,7.3167045755440085e-09
380,12.666666666666666,0.0,0.9790754318237305,0.02092030830681324,4.2321617002016865e-06,7.38485272933076e-09
381,12.7,0.0,0.9790281057357788,0.020967604592442513,4.254760369803989e-06,7.4438588626435376e-09
382,12.733333333333333,0.0,0.9789791703224182,0.021016521379351616,4.277733296476072e-06,7.503729193558684e-09
383,12.766666666666667,0.0,0.9789115190505981,0.021084174513816833,4.30450518251746e-06,7.570492677189122e-09
384,12.8,0.0,0.9788140058517456,0.021181633695960045,4.337346581451129e-06,7.648204736199204e-09
385,12.833333333333334,0.0,0.9786633253097534,0.021332265809178352,4.381173312140163e-06,7.745640573375567e-09
386,12.866666666666667,0.0,0.978485107421875,0.021510448306798935,4.430918124853633e-06,7.853969030691133e-09
387,12.9,0.0,0.9783940315246582,0.021601477637887,4.462981905817287e-06,7.931334700117532e-09
388,12.933333333333334,0.0,0.9783607721328735,0.021634746342897415,4.483260454435367e-06,7.98799781875914e-09
389,12.966666666666667,0.0,0.9783428907394409,0.021652594208717346,4.500383965932997e-06,8.03921107461747e-09
390,13.0,0.0,0.9783297181129456,0.02166573889553547,4.516501576290466e-06,8.088780312220933e-09
391,13.033333333333333,0.0,0.9783157706260681,0.021679712459445,4.53277061751578e-06,8.138770546395335e-09
392,13.066666666666666,0.0,0.9782885313034058,0.021706905215978622,4.551885012915591e-06,8.194033007669077e-09
393,13.1,0.0,0.978233277797699,0.021762125194072723,4.5770916585752275e-06,8.260466088927387e-09
394,13.133333333333333,0.0,0.9781474471092224,0.021847913041710854,4.608966719388263e-06,8.339196000406446e-09
395,13.166666666666666,0.0,0.9780237078666687,0.02197164110839367,4.648977665056009e-06,8.432978759742582e-09
396,13.2,0.0,0.977831244468689,0.022164015099406242,4.703534159489209e-06,8.553581842818403e-09
397,13.233333333333333,0.0,0.9775258898735046,0.02246933989226818,4.782083124155179e-06,8.718426869336326e-09
398,13.266666666666667,0.0,0.9771125316619873,0.022882578894495964,4.883746441919357e-06,8.926242855977762e-09
399,13.3,0.0,0.9767258763313293,0.023269133642315865,4.980073754268233e-06,9.125217026451082e-09
400,13.333333333333334,0.0,0.9763195514678955,0.0236753411591053,5.081133622297784e-06,9.333771977537708e-09
401,13.366666666666667,0.0,0.9757477045059204,0.0242470595985651,5.2184273044986185e-06,9.609982143388152e-09
402,13.4,0.0,0.9752413034439087,0.02475336380302906,5.342416443454567e-06,9.86289538928986e-09
403,13.433333333333334,0.0,0.9747859835624695,0.025208523496985435,5.45608600077685e-06,1.0097848779366814e-08
404,13.466666666666667,0.0,0.9743940234184265,0.025600435212254524,5.556723863264779e-06,1.0309672227037936e-08
405,13.5,0.0,0.9739501476287842,0.026044201105833054,5.669299753208179e-06,1.054462472893647e-08
406,13.533333333333333,0.0,0.9735193848609924,0.026474829763174057,5.7797242334345356e-06,1.0776603609485846e-08
407,13.566666666666666,0.0,0.9730666875839233,0.026927432045340538,5.8955392887583e-06,1.1019673173962019e-08
408,13.6,0.0,0.9723482131958008,0.027645686641335487,6.070101335353684e-06,1.1373887609522626e-08
409,13.633333333333333,0.0,0.9712666273117065,0.02872701734304428,6.325243703031447e-06,1.1881065908880828e-08
410,13.666666666666666,0.0,0.9698315262794495,0.030161794275045395,6.659635801042896e-06,1.2539816296452955e-08
411,13.7,0.0,0.967889130115509,0.0321037657558918,7.108349109330447e-06,1.3417433386564426e-08
412,13.733333333333333,0.0,0.9651729464530945,0.034819308668375015,7.732063750154339e-06,1.4630310296581683e-08
413,13.766666666666667,0.0,0.9627799987792969,0.037211693823337555,8.288270691991784e-06,1.5720882373670975e-08
414,13.8,0.0,0.9611139893531799,0.03887728601694107,8.685752618475817e-06,1.651478065411993e-08
415,13.833333333333334,0.0,0.9600868821144104,0.039904169738292694,8.942236490838695e-06,1.7043600308852547e-08
416,13.866666666666667,0.0,0.9581882953643799,0.04180227220058441,9.395898814545944e-06,1.7951501618540533e-08
417,13.9,0.0,0.9541029334068298,0.04588670656085014,1.0345806003897451e-05,1.981397268480123e-08
418,13.933333333333334,0.0,0.9451644420623779,0.0548231266438961,1.240150595549494e-05,2.380805597113067e-08
419,13.966666666666667,0.0,0.9316932559013367,0.06829119473695755,1.550435263197869e-05,2.9836165538199566e-08
420,14.0,0.0,0.9147970676422119,0.0851835086941719,1.9417006114963442e-05,3.745493160067781e-08
421,14.033333333333333,0.0,0.8934852480888367,0.10649030655622482,2.4381986804655753e-05,4.714447143783218e-08
422,14.066666666666666,0.0,0.8619621992111206,0.13800594210624695,3.176852987962775e-05,6.157314658139512e-08
423,14.1,0.0,0.8330987691879272,0.16686250269412994,3.867775376420468e-05,7.514250199847083e-08
424,14.133333333333333,0.0,0.8110976815223694,0.18885807693004608,4.417027594172396e-05,8.601660539397926e-08
425,14.166666666666666,0.0,0.7898162007331848,0.21013399958610535,4.970712689100765e-05,9.702783643206203e-08
426,14.2,0.0,0.7695811986923218,0.23036350309848785,5.522315768757835e-05,1.080493063909671e-07
427,14.233333333333333,0.0,0.7545068264007568,0.24543340504169464,5.964835872873664e-05,1.1698225677037044e-07
428,14.266666666666667,0.0,0.7432247400283813,0.2567119598388672,6.319906242424622e-05,1.2423686257534428e-07
429,14.3,0.0,0.7339982986450195,0.26593533158302307,6.623756780754775e-05,1.3051494818228093e-07
430,14.333333333333334,0.0,0.7248317003250122,0.27509891986846924,6.923676846781746e-05,1.3674338106284267e-07
431,14.366666666666667,0.0,0.7192279100418091,0.2807006537914276,7.128044671844691e-05,1.4110787560639437e-07
432,14.4,0.0,0.7157366275787354,0.2841905355453491,7.271536742337048e-05,1.4428326267079683e-07
433,14.433333333333334,0.0,0.7130652666091919,0.2868606448173523,7.391401595668867e-05,1.4700195549721684e-07
434,14.466666666666667,0.0,0.7105953693389893,0.2893293797969818,7.510424620704725e-05,1.4971492134918662e-07
435,14.5,0.0,0.708531379699707,0.2913922369480133,7.627512968610972e-05,1.5240019024531648e-07
436,14.533333333333333,0.0,0.705991268157959,0.29393085837364197,7.76830711401999e-05,1.5557100141450064e-07
437,14.566666666666666,0.0,0.7031972408294678,0.29672330617904663,7.930212450446561e-05,1.5917856899250182e-07
438,14.6,0.0,0.6997787952423096,0.300139844417572,8.121431164909154e-05,1.6339080843863485e-07
439,14.633333333333333,0.0,0.6965237855911255,0.3033929467201233,8.312184945680201e-05,1.6761127596964798e-07
440,14.666666666666666,0.0,0.692753791809082,0.3071609139442444,8.513519424013793e-05,1.7206316726969817e-07
441,14.7,0.0,0.6877647042274475,0.31214770674705505,8.742405771045014e-05,1.7709170663238183e-07
442,14.733333333333333,0.0,0.6813201308250427,0.31858962774276733,9.0063113020733e-05,1.8285231817571912e-07
443,14.766666666666667,0.0,0.674699604511261,0.3252074718475342,9.273217438021675e-05,1.8869825169076648e-07
444,14.8,0.0,0.6672492027282715,0.33265483379364014,9.573881834512576e-05,1.9525732852798683e-07
445,14.833333333333334,0.0,0.6590352058410645,0.34086546301841736,9.90877888398245e-05,2.0254387322893308e-07
446,14.866666666666667,0.0,0.6499549150466919,0.34994208812713623,0.00010275973181705922,2.1052292709100584e-07
447,14.9,0.0,0.6433037519454956,0.35659030079841614,0.00010571934399195015,2.1707317898744805e-07
448,14.933333333333334,0.0,0.6378487348556519,0.36204275488853455,0.0001083148890757002,2.22901519464358e-07
449,14.966666666666667,-1.1920928955078125e-07,0.632287323474884,0.36760151386260986,0.00011096948583144695,2.288755638346629e-07
450,15.0,-1.1920928955078125e-07,0.6260032653808594,0.3738827109336853,0.00011388729035388678,2.3541821292383247e-07
451,15.033333333333333,-1.1920928955078125e-07,0.6202682256698608,0.37961503863334656,0.00011661530879791826,2.41594563021863e-07
452,15.066666666666666,-1.1920928955078125e-07,0.6133073568344116,0.3865728974342346,0.0001196305311168544,2.483923537965893e-07
453,15.1,-1.1920928955078125e-07,0.6035426259040833,0.396333783864975,0.00012344079732429236,2.5687234028737294e-07
454,15.133333333333333,-1.1920928955078125e-07,0.5903951525688171,0.4094763696193695,0.00012835097732022405,2.6768137217914045e-07
455,15.166666666666666,-1.1920928955078125e-07,0.5790754556655884,0.42079153656959534,0.00013283852604217827,2.7765224785980536e-07
456,15.2,-1.1920928955078125e-07,0.5690341591835022,0.4308285713195801,0.00013707010657526553,2.8712833000099636e-07
457,15.233333333333333,-1.1920928955078125e-07,0.561095118522644,0.4387640655040741,0.00014062930131331086,2.952318141069554e-07
458,15.266666666666667,-1.1920928955078125e-07,0.5553577542304993,0.444498747587204,0.000143342578667216,3.015883578427747e-07
459,15.3,-1.1920928955078125e-07,0.5509513020515442,0.44890299439430237,0.00014551222557201982,3.0682355145472684e-07
460,15.333333333333334,-1.1920928955078125e-07,0.5462426543235779,0.4536094665527344,0.00014772190479561687,3.1216333695738285e-07
461,15.366666666666667,-1.1920928955078125e-07,0.5394226908683777,0.4604265093803406,0.00015065567276906222,3.1905693731459905e-07
462,15.4,-1.1920928955078125e-07,0.5285436511039734,0.4713011384010315,0.0001550119195599109,3.289966343800188e-07
463,15.433333333333334,-1.1920928955078125e-07,0.5186914801597595,0.48114925622940063,0.00015903118764981627,3.382598379175761e-07
464,15.466666666666667,-1.1920928955078125e-07,0.5110858082771301,0.48875167965888977,0.0001622628915356472,3.4588126140988606e-07
465,15.5,-1.1920928955078125e-07,0.5047571063041687,0.4950776696205139,0.00016501730715390295,3.525128704495728e-07
466,15.533333333333333,-1.1920928955078125e-07,0.49892210960388184,0.5009099841117859,0.00016764611063990742,3.589009338611504e-07
467,15.566666666666666,-1.1920928955078125e-07,0.4942774176597595,0.505552351474762,0.00016998924547806382,3.6470046893555264e-07
468,15.6,-1.1920928955078125e-07,0.4900307059288025,0.5097965002059937,0.00017254480917472392,3.7097831295795913e-07
469,15.633333333333333,-1.1920928955078125e-07,0.4843166470527649,0.5155068635940552,0.00017619143181946129,3.7963076238156646e-07
470,15.666666666666666,-1.1920928955078125e-07,0.47529298067092896,0.5245251655578613,0.00018161223852075636,3.921477116364258e-07
471,15.7,-1.1920928955078125e-07,0.4648260474205017,0.5349857211112976,0.00018791422189678997,4.066214387421496e-07
472,15.733333333333333,-1.1920928955078125e-07,0.4543963670730591,0.5454089045524597,0.00019444267672952265,4.2164421643065e-07
473,15.766666666666667,-1.1920928955078125e-07,0.44403767585754395,0.55576092004776,0.00020106475858483464,4.369307475826645e-07
474,15.8,-1.1920928955078125e-07,0.43287497758865356,0.5669167041778564,0.0002080243284581229,4.530132571289869e-07
475,15.833333333333334,-1.1920928955078125e-07,0.4223831295967102,0.5774017572402954,0.000214731102460064,4.686083627802873e-07
476,15.866666666666667,-1.1920928955078125e-07,0.4130746126174927,0.5867041945457458,0.0002208530786447227,4.829864792554872e-07
477,15.9,-1.1920928955078125e-07,0.40475523471832275,0.5950178503990173,0.00022652478946838528,4.964342110724829e-07
478,15.933333333333334,-1.1920928955078125e-07,0.3963720202445984,0.6033953428268433,0.00023226883786264807,5.100932298773841e-07
479,15.966666666666667,-1.1920928955078125e-07,0.3889065384864807,0.6108554005622864,0.00023763603530824184,5.229758812674845e-07
480,16.0,-1.1920928955078125e-07,0.3836374878883362,0.6161201596260071,0.00024193270655814558,5.335471655598667e-07
481,16.033333333333335,-1.1920928955078125e-07,0.37990301847457886,0.6198511719703674,0.00024535314878448844,5.422216418082826e-07
482,16.066666666666666,-1.1920928955078125e-07,0.37700599431991577,0.6227455735206604,0.00024797063088044524,5.491494903253624e-07
483,16.1,-1.1920928955078125e-07,0.37461599707603455,0.6251334547996521,0.00025008333614096045,5.549812840399682e-07
484,16.133333333333333,-1.1920928955078125e-07,0.3724977672100067,0.6272498965263367,0.0002518489200156182,5.600605845756945e-07
485,16.166666666666668,-1.1920928955078125e-07,0.3698939383029938,0.6298519372940063,0.0002536727406550199,5.652859726978932e-07
486,16.2,-1.1920928955078125e-07,0.3662692606449127,0.6334744095802307,0.00025585145340301096,5.713206405744131e-07
487,16.233333333333334,-1.1920928955078125e-07,0.3620453178882599,0.637695848941803,0.00025836253189481795,5.781192840004223e-07
488,16.266666666666666,-1.1920928955078125e-07,0.35916629433631897,0.6405726671218872,0.000260521424934268,5.841513939230936e-07
489,16.3,-1.1920928955078125e-07,0.3573639690876007,0.6423730254173279,0.0002624648914206773,5.897194341741852e-07
490,16.333333333333332,-1.1920928955078125e-07,0.3561491072177887,0.6435862183570862,0.0002641511964611709,5.94726259350864e-07
491,16.366666666666667,-1.1920928955078125e-07,0.3553371727466583,0.6443967223167419,0.0002656027500052005,5.992189358039468e-07
492,16.4,-1.1920928955078125e-07,0.3548586666584015,0.6448741555213928,0.0002666616637725383,6.028371899446938e-07
493,16.433333333333334,-1.1920928955078125e-07,0.3544746935367584,0.645257294178009,0.00026749863172881305,6.059624979570799e-07
494,16.466666666666665,-1.1920928955078125e-07,0.35410478711128235,0.6456264853477478,0.00026816962053999305,6.087190058678971e-07
495,16.5,-1.1920928955078125e-07,0.35375502705574036,0.645975649356842,0.000268803967628628,6.113982635724824e-07
496,16.533333333333335,-1.1920928955078125e-07,0.3534076511859894,0.6463223695755005,0.0002694542345125228,6.141197559372813e-07
497,16.566666666666666,-1.1920928955078125e-07,0.352947860956192,0.6467812657356262,0.000270363554591313,6.174385589474696e-07
498,16.6,-1.1920928955078125e-07,0.35230329632759094,0.6474244594573975,0.0002716949675232172,6.217316581569321e-07
499,16.633333333333333,-1.1920928955078125e-07,0.35153213143348694,0.648193895816803,0.00027346977731212974,6.270537937780318e-07
500,16.666666666666668,-1.1920928955078125e-07,0.35056450963020325,0.6491592526435852,0.0002756821922957897,6.333978603834112e-07
501,16.7,-1.1920928955078125e-07,0.34941133856773376,0.650309681892395,0.0002784071839414537,6.409424599951308e-07
502,16.733333333333334,-1.1920928955078125e-07,0.34786275029182434,0.6518547534942627,0.0002819295332301408,6.503515805889037e-07
503,16.766666666666666,-1.1920928955078125e-07,0.34580686688423157,0.6539062261581421,0.0002863329427782446,6.618296879423724e-07
504,16.8,-1.1920928955078125e-07,0.3435416519641876,0.656166136264801,0.00029163717408664525,6.754345918125182e-07
505,16.833333333333332,-1.1920928955078125e-07,0.34099188446998596,0.6587098240852356,0.0002976653922814876,6.907684451107343e-07
506,16.866666666666667,-1.1920928955078125e-07,0.3384617865085602,0.6612337827682495,0.00030382807017304003,7.064708142934251e-07
507,16.9,-1.1920928955078125e-07,0.3364039361476898,0.6632859706878662,0.00030946993501856923,7.210166472759738e-07
508,16.933333333333334,-1.1920928955078125e-07,0.33470144867897034,0.6649834513664246,0.00031445419881492853,7.340793217736064e-07
509,16.966666666666665,-1.1920928955078125e-07,0.333128958940506,0.6665515303611755,0.00031881569884717464,7.457312563019514e-07
510,17.0,-1.1920928955078125e-07,0.33158817887306213,0.6680882573127747,0.0003229029825888574,7.567807074337907e-07
511,17.033333333333335,-1.1920928955078125e-07,0.32999053597450256,0.6696817278862,0.00032708310754969716,7.680861244807602e-07
512,17.066666666666666,-1.1920928955078125e-07,0.3283061683177948,0.6713610887527466,0.0003320217947475612,7.812153626218787e-07
513,17.1,-1.1920928955078125e-07,0.326600044965744,0.6730616092681885,0.0003375653177499771,7.958163337207225e-07
514,17.133333333333333,-1.1920928955078125e-07,0.3249560296535492,0.674699068069458,0.00034417794086039066,8.129941306833643e-07
515,17.166666666666668,-1.1920928955078125e-07,0.3236145079135895,0.6760343313217163,0.0003503965854179114,8.293004611914512e-07
516,17.2,-1.1920928955078125e-07,0.3225383460521698,0.6771052479743958,0.00035557145019993186,8.431889568782935e-07
517,17.233333333333334,-1.1920928955078125e-07,0.3216460049152374,0.6779933571815491,0.0003599000337999314,8.551145924684533e-07
518,17.266666666666666,-1.1920928955078125e-07,0.32092776894569397,0.678707480430603,0.0003639809729065746,8.664909501021612e-07
519,17.3,-1.1920928955078125e-07,0.3204011619091034,0.679230809211731,0.00036724386154673994,8.759544698477839e-07
520,17.333333333333332,-1.1920928955078125e-07,0.3200360834598541,0.6795931458473206,0.0003700127126649022,8.842675924825016e-07
521,17.366666666666667,-1.1920928955078125e-07,0.31974688172340393,0.6798794865608215,0.00037280278047546744,8.926573400458437e-07
522,17.4,-1.1920928955078125e-07,0.31946972012519836,0.6801525354385376,0.0003769517643377185,9.043330351232726e-07
523,17.433333333333334,-1.1920928955078125e-07,0.3191080391407013,0.6805065870285034,0.00038454082095995545,9.243158274330199e-07
524,17.466666666666665,-1.1920928955078125e-07,0.31868776679039,0.6809154748916626,0.0003958872694056481,9.534177820569312e-07
525,17.5,-1.1920928955078125e-07,0.31823691725730896,0.6813520789146423,0.00041011738358065486,9.895826451611356e-07
526,17.533333333333335,-1.1920928955078125e-07,0.317811518907547,0.6817607879638672,0.0004267312469892204,1.0316422276446247e-06
527,17.566666666666666,-1.1920928955078125e-07,0.31740936636924744,0.6821443438529968,0.00044533598702400923,1.0786778830151889e-06
528,17.6,-1.1920928955078125e-07,0.3170163929462433,0.6825187802314758,0.0004638248647097498,1.1256039442741894e-06
529,17.633333333333333,-1.1920928955078125e-07,0.3166061341762543,0.6829087734222412,0.0004839024040848017,1.1765632734750398e-06
530,17.666666666666668,-1.1920928955078125e-07,0.316222220659256,0.6832700967788696,0.0005065088625997305,1.2338687156443484e-06
531,17.7,-1.1920928955078125e-07,0.31583061814308167,0.6836369633674622,0.0005312078283168375,1.2964908364665462e-06
532,17.733333333333334,-1.1920928955078125e-07,0.3154970705509186,0.6839472651481628,0.000554401078261435,1.3556596059061121e-06
533,17.766666666666666,-1.1920928955078125e-07,0.3151725232601166,0.684249222278595,0.0005769168492406607,1.413383529325074e-06
534,17.8,-1.1920928955078125e-07,0.31492069363594055,0.6844828724861145,0.0005950879422016442,1.4606511058445903e-06
535,17.833333333333332,-1.1920928955078125e-07,0.31470373272895813,0.6846848726272583,0.0006099620368331671,1.4999789073044667e-06
536,17.866666666666667,-1.1920928955078125e-07,0.31450578570365906,0.6848701238632202,0.000622621679212898,1.5339891206167522e-06
537,17.9,-1.1920928955078125e-07,0.3143443763256073,0.6850204467773438,0.0006336990627460182,1.5642121979908552e-06
538,17.933333333333334,-1.1920928955078125e-07,0.3142035901546478,0.6851505041122437,0.0006444277823902667,1.5936759609758155e-06
539,17.966666666666665,-1.1920928955078125e-07,0.31408068537712097,0.6852620244026184,0.000655722338706255,1.624640844966052e-06
540,18.0,-1.1920928955078125e-07,0.31394562125205994,0.6853851079940796,0.0006676961784251034,1.6573957282162155e-06
541,18.033333333333335,-1.1920928955078125e-07,0.31381264328956604,0.685504674911499,0.0006810947088524699,1.693802687441348e-06
542,18.066666666666666,-1.1920928955078125e-07,0.31365087628364563,0.685651957988739,0.0006955304415896535,1.732917098706821e-06
543,18.1,-1.1920928955078125e-07,0.3134715259075165,0.6858170032501221,0.0007097888155840337,1.7717225091473665e-06
544,18.133333333333333,-1.1920928955078125e-07,0.31324687600135803,0.6860270500183105,0.0007243490545079112,1.811416950658895e-06
545,18.166666666666668,-1.1920928955078125e-07,0.3130222260951996,0.6862369775772095,0.0007390899118036032,1.851700517363497e-06
546,18.2,-1.1920928955078125e-07,0.3127528131008148,0.6864892840385437,0.0007560908561572433,1.8977940499098622e-06
547,18.233333333333334,-1.1920928955078125e-07,0.3124229609966278,0.6867991089820862,0.0007761339657008648,1.9516944576025708e-06
548,18.266666666666666,-1.1920928955078125e-07,0.31197383999824524,0.6872247457504272,0.0007994687184691429,2.0140719243499916e-06
549,18.3,-1.1920928955078125e-07,0.31155434250831604,0.6876236796379089,0.0008200094453059137,2.0696127194241853e-06
550,18.333333333333332,-1.1920928955078125e-07,0.3110401928424835,0.6881199479103088,0.0008379031205549836,2.11865176424908e-06
551,18.366666666666667,-1.1920928955078125e-07,0.3105362355709076,0.6886101365089417,0.0008516181260347366,2.1572730020125164e-06
552,18.4,-1.1920928955078125e-07,0.31010177731513977,0.6890332698822021,0.0008629232179373503,2.1899058992858045e-06
553,18.433333333333334,-1.1920928955078125e-07,0.3096976578235626,0.6894272565841675,0.0008729700348339975,2.2194440134626348e-06
554,18.466666666666665,-1.1920928955078125e-07,0.3092598021030426,0.6898537874221802,0.0008843347313813865,2.252430931548588e-06
555,18.5,-1.1920928955078125e-07,0.30880632996559143,0.6902941465377808,0.0008972982177510858,2.2896019800100476e-06
556,18.533333333333335,-1.1920928955078125e-07,0.3082786500453949,0.6908073425292969,0.0009117841836996377,2.3307852643483784e-06
557,18.566666666666666,-1.1920928955078125e-07,0.30787041783332825,0.6912030577659607,0.0009243169333785772,2.3670997961744433e-06
558,18.6,-1.1920928955078125e-07,0.3074437081813812,0.6916170716285706,0.0009369566105306149,2.4038033643591916e-06
559,18.633333333333333,-1.1920928955078125e-07,0.3070918619632721,0.6919583082199097,0.0009475189726799726,2.435282794976956e-06
560,18.666666666666668,-1.1920928955078125e-07,0.3066686689853668,0.6923706531524658,0.000958344666287303,2.467535978212254e-06
561,18.7,-1.1920928955078125e-07,0.3059270679950714,0.6930963397026062,0.0009741481626406312,2.5127289973170264e-06
562,18.733333333333334,-1.1920928955078125e-07,0.30484673380851746,0.6941549181938171,0.0009958501905202866,2.5733118036441738e-06
563,18.766666666666666,-1.1920928955078125e-07,0.30371007323265076,0.6952663660049438,0.0010210442123934627,2.643137577251764e-06
564,18.8,-1.1920928955078125e-07,0.3026551902294159,0.696296215057373,0.0010460078483447433,2.712600462473347e-06
565,18.833333333333332,-1.1920928955078125e-07,0.30143746733665466,0.6974888443946838,0.001070961356163025,2.7822668471344514e-06
566,18.866666666666667,-1.1920928955078125e-07,0.3005007207393646,0.6984055638313293,0.001091004814952612,2.839382432284765e-06
567,18.9,-1.1920928955078125e-07,0.29970911145210266,0.6991775631904602,0.0011105359299108386,2.8953468245163094e-06
568,18.933333333333334,-1.1920928955078125e-07,0.29901090264320374,0.6998506784439087,0.0011355282040312886,2.965757630590815e-06
569,18.966666666666665,-1.1920928955078125e-07,0.2983553111553192,0.7004685401916504,0.0011731957783922553,3.069570311708958e-06
570,19.0,-1.1920928955078125e-07,0.297722727060318,0.7010564208030701,0.0012178048491477966,3.191930318280356e-06
571,19.033333333333335,-1.1920928955078125e-07,0.2971080243587494,0.7016177773475647,0.0012709874426946044,3.337216412546695e-06
572,19.066666666666666,-1.1920928955078125e-07,0.2966003715991974,0.7020695209503174,0.0013267413014546037,3.489755499685998e-06
573,19.1,-1.1920928955078125e-07,0.2961960732936859,0.7024158239364624,0.0013845249777659774,3.6481533243204467e-06
574,19.133333333333333,-1.1920928955078125e-07,0.295869916677475,0.7027005553245544,0.0014258490409702063,3.763632093978231e-06
575,19.166666666666668,-1.1920928955078125e-07,0.2956291139125824,0.7029098868370056,0.0014572497457265854,3.853249381791102e-06
576,19.2,-1.1920928955078125e-07,0.2954498827457428,0.7030633687973022,0.001482984866015613,3.92815036320826e-06
577,19.233333333333334,-1.1920928955078125e-07,0.29525378346443176,0.7032281160354614,0.0015142252668738365,4.017900209873915e-06
578,19.266666666666666,-1.1920928955078125e-07,0.2949746549129486,0.7034692764282227,0.0015520777087658644,4.125516625208547e-06
579,19.3,-1.1920928955078125e-07,0.29463955760002136,0.7037573456764221,0.001598960137926042,4.257529326423537e-06
580,19.333333333333332,-1.1920928955078125e-07,0.2943146526813507,0.7040353417396545,0.00164577248506248,4.389792138681514e-06
581,19.366666666666667,-1.1920928955078125e-07,0.29398903250694275,0.7043057680130005,0.0017008264549076557,4.544512648863019e-06
582,19.4,-1.1920928955078125e-07,0.29357942938804626,0.7046578526496887,0.0017581747379153967,4.705886112787994e-06
583,19.433333333333334,-1.1920928955078125e-07,0.2932080924510956,0.7049726843833923,0.0018145040376111865,4.865056325797923e-06
584,19.466666666666665,-1.1920928955078125e-07,0.29285648465156555,0.7052713632583618,0.00186729000415653,5.015228452975862e-06
585,19.5,-1.1920928955078125e-07,0.2925027310848236,0.7055575251579285,0.0019346527988091111,5.205105026107049e-06
586,19.533333333333335,-1.1920928955078125e-07,0.2919555604457855,0.7059946060180664,0.0020445059053599834,5.510123173735337e-06
587,19.566666666666666,-1.1920928955078125e-07,0.2912604510784149,0.7065111994743347,0.002222520299255848,6.000186658638995e-06
588,19.6,-1.1920928955078125e-07,0.2904658019542694,0.707070529460907,0.0024571865797042847,6.64512526782346e-06
589,19.633333333333333,-1.1920928955078125e-07,0.2897774279117584,0.7075058221817017,0.0027095675468444824,7.340246156672947e-06
590,19.666666666666668,-1.1920928955078125e-07,0.28887322545051575,0.7081366777420044,0.002982102567330003,8.092395546555053e-06
591,19.7,-1.1920928955078125e-07,0.2880420982837677,0.7087165713310242,0.003232657676562667,8.787311344349291e-06
592,19.733333333333334,-1.1920928955078125e-07,0.28718331456184387,0.709331214427948,0.0034761952701956034,9.465441507927608e-06
593,19.766666666666666,-1.1920928955078125e-07,0.2862967550754547,0.7099624872207642,0.00373075227253139,1.0175917850574479e-05
594,19.8,-1.1920928955078125e-07,0.2850952446460724,0.7108724117279053,0.004021505359560251,1.0987713721988257e-05
595,19.833333333333332,-1.1920928955078125e-07,0.28423264622688293,0.7114852070808411,0.004270610399544239,1.1688306585710961e-05
596,19.866666666666667,-1.1920928955078125e-07,0.2835368812084198,0.7119794487953186,0.004471540916711092,1.2259199138497934e-05
597,19.9,-1.1920928955078125e-07,0.2828742563724518,0.7124212384223938,0.004691780544817448,1.2885003343399148e-05
598,19.933333333333334,-1.1920928955078125e-07,0.28203949332237244,0.712999165058136,0.00494791753590107,1.3611589565698523e-05
599,19.966666666666665,-1.1920928955078125e-07,0.28103455901145935,0.7137466073036194,0.005204588640481234,1.4342010217660572e-05
600,20.0,-1.1920928955078125e-07,0.28016701340675354,0.7144227623939514,0.005395493470132351,1.4893316802044865e-05
601,20.033333333333335,-1.1920928955078125e-07,0.2794153392314911,0.7150067687034607,0.005562583915889263,1.538062861072831e-05
602,20.066666666666666,-1.1920928955078125e-07,0.2786674201488495,0.7155798077583313,0.00573703134432435,1.5889960195636377e-05
603,20.1,-1.1920928955078125e-07,0.27774229645729065,0.7162694334983826,0.005971818696707487,1.6568403225392103e-05
604,20.133333333333333,-1.1920928955078125e-07,0.27626410126686096,0.7173689603805542,0.006349384784698486,1.764595253916923e-05
605,20.166666666666668,-1.1920928955078125e-07,0.27431800961494446,0.7188028693199158,0.006860135588794947,1.909794627863448e-05
606,20.2,-1.1920928955078125e-07,0.27304866909980774,0.7196411490440369,0.007289990317076445,2.032926022366155e-05
607,20.233333333333334,-1.1920928955078125e-07,0.27183619141578674,0.7204856872558594,0.007656889036297798,2.138882700819522e-05
608,20.266666666666666,-1.1920928955078125e-07,0.2707344591617584,0.7212848663330078,0.007958484813570976,2.226914875791408e-05
609,20.3,-1.1920928955078125e-07,0.26956990361213684,0.7221789360046387,0.008228263817727566,2.3063106709741987e-05
610,20.333333333333332,-1.1920928955078125e-07,0.26873114705085754,0.7228051424026489,0.008440152741968632,2.3697044525761157e-05
611,20.366666666666667,-1.1920928955078125e-07,0.2678418457508087,0.7234938144683838,0.008640184067189693,2.4299728465848602e-05
612,20.4,-1.1920928955078125e-07,0.26697519421577454,0.7241524457931519,0.00884758960455656,2.4925351681304164e-05
613,20.433333333333334,-1.1920928955078125e-07,0.26606765389442444,0.724818229675293,0.009088591672480106,2.564808164606802e-05
614,20.466666666666665,-1.1920928955078125e-07,0.265481561422348,0.7252019643783569,0.009290358051657677,2.6262354367645457e-05
615,20.5,-1.1920928955078125e-07,0.26493003964424133,0.7255864143371582,0.009456907398998737,2.6778754545375705e-05
616,20.533333333333335,-1.1920928955078125e-07,0.2645088732242584,0.7258810997009277,0.009583013132214546,2.718188079597894e-05
617,20.566666666666666,-1.1920928955078125e-07,0.26414725184440613,0.7261423468589783,0.009683073498308659,2.7512178348843008e-05
618,20.6,-1.1920928955078125e-07,0.263764888048172,0.726428210735321,0.009779181331396103,2.7832276828121394e-05
619,20.633333333333333,-1.1920928955078125e-07,0.2632811367511749,0.7268062829971313,0.009884466417133808,2.817968197632581e-05
620,20.666666666666668,-1.1920928955078125e-07,0.26249435544013977,0.7274364829063416,0.01004062220454216,2.8673699489445426e-05
621,20.7,-1.1920928955078125e-07,0.2616470158100128,0.7280873656272888,0.010236511938273907,2.9283182811923325e-05
622,20.733333333333334,-1.1920928955078125e-07,0.26054248213768005,0.7288972735404968,0.010530241765081882,3.017501876456663e-05
623,20.766666666666666,-1.1920928955078125e-07,0.25950518250465393,0.7296050786972046,0.010858684778213501,3.1169227440841496e-05
624,20.8,-1.1920928955078125e-07,0.2582634389400482,0.7304837703704834,0.011220679618418217,3.226305125281215e-05
625,20.833333333333332,-1.1920928955078125e-07,0.25710973143577576,0.7313366532325745,0.01152058970183134,3.318181916256435e-05
626,20.866666666666667,-1.1920928955078125e-07,0.2559705078601837,0.7321746945381165,0.011820795014500618,3.410488716326654e-05
627,20.9,-1.1920928955078125e-07,0.2550128996372223,0.732860267162323,0.012092037126421928,3.494777047308162e-05
628,20.933333333333334,-1.1920928955078125e-07,0.2537422478199005,0.7337371110916138,0.012484559789299965,3.614498928072862e-05
629,20.966666666666665,-1.1920928955078125e-07,0.2523680627346039,0.7346246242523193,0.012969878502190113,3.761572588700801e-05
630,21.0,-1.1920928955078125e-07,0.2506425082683563,0.7356493473052979,0.013668587431311607,3.971177284256555e-05
631,21.033333333333335,-1.1920928955078125e-07,0.24913564324378967,0.7365497946739197,0.014273177832365036,4.154121415922418e-05
632,21.066666666666666,-1.1920928955078125e-07,0.2476290762424469,0.7375121116638184,0.014815768226981163,4.3196050683036447e-05
633,21.1,-1.1920928955078125e-07,0.2466888725757599,0.7381235361099243,0.015143558382987976,4.422868732945062e-05
634,21.133333333333333,-1.1920928955078125e-07,0.24588146805763245,0.7386798858642578,0.015393830835819244,4.5037264499114826e-05
635,21.166666666666668,-1.1920928955078125e-07,0.24522575736045837,0.7391156554222107,0.015613011084496975,4.575664934236556e-05
636,21.2,-1.1920928955078125e-07,0.24437806010246277,0.7396870255470276,0.015888459980487823,4.664321386371739e-05
637,21.233333333333334,-1.1920928955078125e-07,0.2436073124408722,0.7401857376098633,0.016159648075699806,4.752024688059464e-05
638,21.266666666666666,-1.1920928955078125e-07,0.24291470646858215,0.7405791282653809,0.01645786128938198,4.848001117352396e-05
639,21.3,-1.1920928955078125e-07,0.2421710193157196,0.7410334944725037,0.016746297478675842,4.9413891247240826e-05
640,21.333333333333332,-1.1920928955078125e-07,0.24144360423088074,0.7414886355400085,0.017017660662531853,5.0299444410484284e-05
641,21.366666666666667,-1.1920928955078125e-07,0.24063584208488464,0.7420535087585449,0.017259739339351654,5.109978519612923e-05
642,21.4,-1.1920928955078125e-07,0.23988452553749084,0.7425652146339417,0.017498593777418137,5.1892013289034367e-05
643,21.433333333333334,-1.1920928955078125e-07,0.23902663588523865,0.7431869506835938,0.017733944579958916,5.2675804909085855e-05
644,21.466666666666665,-1.1920928955078125e-07,0.23805996775627136,0.743863582611084,0.01802297681570053,5.362182855606079e-05
645,21.5,-1.1920928955078125e-07,0.23672088980674744,0.7448391318321228,0.0183853879570961,5.478998355101794e-05
646,21.533333333333335,-1.1920928955078125e-07,0.23516574501991272,0.7458928227424622,0.018885277211666107,5.6372766266576946e-05
647,21.566666666666666,-1.1920928955078125e-07,0.23312655091285706,0.7472407817840576,0.019574342295527458,5.8526355132926255e-05
648,21.6,-1.1920928955078125e-07,0.23049715161323547,0.7488647699356079,0.020576627925038338,6.16243778495118e-05
649,21.633333333333333,-1.1920928955078125e-07,0.2268766462802887,0.7511975169181824,0.0218603927642107,6.557587039424106e-05
650,21.666666666666668,-1.1920928955078125e-07,0.22347983717918396,0.753251314163208,0.023199349641799927,6.970531103434041e-05
651,21.7,-1.1920928955078125e-07,0.2203638255596161,0.7551590204238892,0.024403894320130348,7.34434142941609e-05
652,21.733333333333334,-1.1920928955078125e-07,0.21761158108711243,0.7566567063331604,0.02565457858145237,7.733296661172062e-05
653,21.766666666666666,-1.1920928955078125e-07,0.21427008509635925,0.7585887908935547,0.02705957368016243,8.170142973540351e-05
654,21.8,-1.1920928955078125e-07,0.21064195036888123,0.7605335712432861,0.028737790882587433,8.691062248544767e-05
655,21.833333333333332,-1.1920928955078125e-07,0.20624884963035583,0.7629607319831848,0.030697599053382874,9.298959776060656e-05
656,21.866666666666667,-1.1920928955078125e-07,0.20252057909965515,0.7648360729217529,0.032544851303100586,9.87466482911259e-05
657,21.9,-1.1920928955078125e-07,0.1990106999874115,0.7664461135864258,0.034438733011484146,0.00010466454114066437
658,21.933333333333334,-1.1920928955078125e-07,0.19574430584907532,0.7679111361503601,0.03623450547456741,0.00011030348105123267
659,21.966666666666665,-1.1920928955078125e-07,0.1932256519794464,0.7690967917442322,0.037563223391771317,0.00011453542538220063
660,22.0,-1.1920928955078125e-07,0.1908140480518341,0.7702192664146423,0.038848258554935455,0.00011864532280014828
661,22.033333333333335,-1.1920928955078125e-07,0.187911719083786,0.7715213894844055,0.040443409234285355,0.00012371584307402372
662,22.066666666666666,-1.1920928955078125e-07,0.1844722181558609,0.7731289267539978,0.042269498109817505,0.00012951187090948224
663,22.1,-1.1920928955078125e-07,0.1804586797952652,0.7751438021659851,0.044261883944272995,0.00013584044063463807
664,22.133333333333333,-1.1920928955078125e-07,0.17651785910129547,0.7771674394607544,0.046172913163900375,0.0001419413893017918
665,22.166666666666668,-1.1920928955078125e-07,0.1722005158662796,0.7792981863021851,0.04835258424282074,0.0001488852867623791
666,22.2,-1.1920928955078125e-07,0.16738666594028473,0.7817668318748474,0.050690311938524246,0.00015632834401912987
667,22.233333333333334,-1.1920928955078125e-07,0.1629439741373062,0.7838944792747498,0.05299803614616394,0.0001636913511902094
668,22.266666666666666,-1.1920928955078125e-07,0.15851141512393951,0.7859026789665222,0.05541466921567917,0.00017140930867753923
669,22.3,-1.1920928955078125e-07,0.154515340924263,0.787614643573761,0.05769149586558342,0.000178720845724456
670,22.333333333333332,-1.1920928955078125e-07,0.15078206360340118,0.7891672849655151,0.05986510217189789,0.000185742333997041
671,22.366666666666667,-1.1920928955078125e-07,0.14788778126239777,0.7902330160140991,0.06168773025274277,0.00019169911684002727
672,22.4,-1.1920928955078125e-07,0.14521552622318268,0.7911909222602844,0.06339636445045471,0.00019731756765395403
673,22.433333333333334,-1.1920928955078125e-07,0.1428781896829605,0.7919772267341614,0.06494229286909103,0.0002024401183007285
674,22.466666666666665,-1.1920928955078125e-07,0.14043934643268585,0.7927787899971008,0.06657418608665466,0.00020783973741345108
675,22.5,-1.1920928955078125e-07,0.13846750557422638,0.7933068871498108,0.06801319867372513,0.00021264639508444816
676,22.533333333333335,-1.1920928955078125e-07,0.1371200829744339,0.7935100793838501,0.06915351748466492,0.00021653054864145815
677,22.566666666666666,-1.1920928955078125e-07,0.1361890584230423,0.7935271263122559,0.07006429135799408,0.00021971084061078727
678,22.6,-1.1920928955078125e-07,0.13503022491931915,0.7934232354164124,0.07132275402545929,0.00022400339366868138
679,22.633333333333333,-1.1920928955078125e-07,0.13380248844623566,0.7930595874786377,0.07290878146886826,0.00022935433662496507
680,22.666666666666668,-1.1920928955078125e-07,0.13238467276096344,0.7923598885536194,0.07501924782991409,0.00023638596758246422
681,22.7,-1.1920928955078125e-07,0.13085807859897614,0.7914795875549316,0.07741820067167282,0.0002443560806568712
682,22.733333333333334,-1.1920928955078125e-07,0.1290598064661026,0.7903715968132019,0.08031482994556427,0.0002539253036957234
683,22.766666666666666,-1.1920928955078125e-07,0.12729133665561676,0.7893000245094299,0.08314552903175354,0.000263309630099684
684,22.8,-1.1920928955078125e-07,0.12556017935276031,0.788212239742279,0.08595505356788635,0.0002726419479586184
685,22.833333333333332,-1.1920928955078125e-07,0.12381549179553986,0.7871171236038208,0.08878550678491592,0.0002820594236254692
686,22.866666666666667,-1.1920928955078125e-07,0.12153072655200958,0.785243034362793,0.09293071180582047,0.0002956981479655951
687,22.9,-1.1920928955078125e-07,0.11881937086582184,0.7826887369155884,0.09817910939455032,0.0003129295655526221
688,22.933333333333334,-1.1920928955078125e-07,0.11551584303379059,0.7789058685302734,0.10524242371320724,0.0003360688569955528
689,22.966666666666665,-1.1920928955078125e-07,0.11174513399600983,0.7740732431411743,0.11381758004426956,0.00036419942625798285
690,23.0,-1.1920928955078125e-07,0.10708267986774445,0.7664847373962402,0.12602856755256653,0.00040417409036308527
691,23.033333333333335,-1.1920928955078125e-07,0.1024409681558609,0.7576264142990112,0.13948442041873932,0.0004483653465285897
692,23.066666666666666,-1.1920928955078125e-07,0.09805376827716827,0.7483530640602112,0.15310008823871613,0.000493273779284209
693,23.1,-1.1920928955078125e-07,0.09388019144535065,0.7399656772613525,0.1656193882226944,0.0005348588456399739
694,23.133333333333333,-1.1920928955078125e-07,0.0885137990117073,0.7296932935714722,0.18120642006397247,0.0005866515566594899
695,23.166666666666668,-1.1920928955078125e-07,0.08244336396455765,0.718735933303833,0.19817756116390228,0.0006433356320485473
696,23.2,-1.1920928955078125e-07,0.0764690712094307,0.7080605626106262,0.21477138996124268,0.0006991946720518172
697,23.233333333333334,-1.1920928955078125e-07,0.07091618329286575,0.6972548961639404,0.23107461631298065,0.0007544630207121372
698,23.266666666666666,-1.1920928955078125e-07,0.06537050753831863,0.6843059062957764,0.2495066225528717,0.0008171259541995823
699,23.3,-1.1920928955078125e-07,0.06098783761262894,0.6717606782913208,0.2663766145706177,0.0008751022396609187
700,23.333333333333332,-1.1920928955078125e-07,0.05762995034456253,0.6612501740455627,0.28019675612449646,0.0009233189048245549
701,23.366666666666667,-1.1920928955078125e-07,0.05541224032640457,0.6537186503410339,0.28991103172302246,0.0009582421043887734
702,23.4,-1.1920928955078125e-07,0.05384910851716995,0.647750735282898,0.29741403460502625,0.0009862890001386404
703,23.433333333333334,-1.1920928955078125e-07,0.05266887694597244,0.6429474353790283,0.30337390303611755,0.0010099450591951609
704,23.466666666666665,-1.1920928955078125e-07,0.051488764584064484,0.6379291415214539,0.30954691767692566,0.0010354003170505166
705,23.5,-1.1920928955078125e-07,0.05026591569185257,0.6326165199279785,0.31605425477027893,0.001063421368598938
706,23.533333333333335,-1.1920928955078125e-07,0.04875344783067703,0.6256241202354431,0.32452285289764404,0.001099803950637579
707,23.566666666666666,-1.1920928955078125e-07,0.047186918556690216,0.6176664233207703,0.33400556445121765,0.001141250948421657
708,23.6,-1.1920928955078125e-07,0.04553205147385597,0.6086215376853943,0.34465909004211426,0.0011875093914568424
709,23.633333333333333,-1.1920928955078125e-07,0.04400480166077614,0.599626362323761,0.3551355302333832,0.0012334526982158422
710,23.666666666666668,-1.1920928955078125e-07,0.04246062412858009,0.589553713798523,0.3667016327381134,0.0012842563446611166
711,23.7,-1.1920928955078125e-07,0.04087597504258156,0.578466534614563,0.37931618094444275,0.0013414600398391485
712,23.733333333333334,-1.1920928955078125e-07,0.0393032468855381,0.5667443871498108,0.3925476372241974,0.0014049217570573092
713,23.766666666666666,-1.1920928955078125e-07,0.03797018900513649,0.5565800070762634,0.403984934091568,0.0014650082448497415
714,23.8,-1.1920928955078125e-07,0.03683185949921608,0.5475503206253052,0.414095938205719,0.001522029167972505
715,23.833333333333332,-1.1920928955078125e-07,0.03587055578827858,0.5397463440895081,0.42280885577201843,0.0015743555268272758
716,23.866666666666667,-1.1920928955078125e-07,0.034935180097818375,0.5319024324417114,0.4315353333950043,0.0016272442881017923
717,23.9,-1.1920928955078125e-07,0.034035149961709976,0.5241798758506775,0.4401039779186249,0.0016811363166198134
718,23.933333333333334,-1.1920928955078125e-07,0.03318500891327858,0.5166417360305786,0.4484381675720215,0.0017352269496768713
719,23.966666666666665,-1.1920928955078125e-07,0.03239822760224342,0.509606659412384,0.45620784163475037,0.0017874720506370068
720,24.0,-1.1920928955078125e-07,0.03164041414856911,0.5027226209640503,0.4637981951236725,0.001838913420215249
721,24.033333333333335,-1.1920928955078125e-07,0.03093719854950905,0.4963107109069824,0.4708644151687622,0.0018878004048019648
722,24.066666666666666,-1.1920928955078125e-07,0.030202630907297134,0.489366739988327,0.47849202156066895,0.0019387495703995228
723,24.1,-1.1920928955078125e-07,0.02934366837143898,0.48132917284965515,0.4873332381248474,0.0019940794445574284
724,24.133333333333333,-1.1920928955078125e-07,0.02824283018708229,0.47107210755348206,0.4986264407634735,0.0020588317420333624
725,24.166666666666668,-1.1920928955078125e-07,0.02701425924897194,0.45938006043434143,0.5114780068397522,0.002127822721377015
726,24.2,-1.1920928955078125e-07,0.025942329317331314,0.44872206449508667,0.5231468081474304,0.002188981743529439
727,24.233333333333334,-1.1920928955078125e-07,0.025007251650094986,0.4397708475589752,0.5329816937446594,0.002240388188511133
728,24.266666666666666,-1.1920928955078125e-07,0.0240020789206028,0.4303279519081116,0.5433772206306458,0.0022929124534130096
729,24.3,-1.1920928955078125e-07,0.02293586917221546,0.4193263053894043,0.5553860068321228,0.0023519976530224085
730,24.333333333333332,-1.1920928955078125e-07,0.021975161507725716,0.40777283906936646,0.5678386688232422,0.002413547597825527
731,24.366666666666667,-1.1920928955078125e-07,0.021336080506443977,0.3983774185180664,0.5778211951255798,0.0024655016604810953
732,24.4,-1.1920928955078125e-07,0.02093208022415638,0.3922255337238312,0.584338903427124,0.0025036497972905636
733,24.433333333333334,-1.1920928955078125e-07,0.020625056698918343,0.3875102400779724,0.5893300175666809,0.002534891478717327
734,24.466666666666665,-1.1920928955078125e-07,0.02038043923676014,0.38374754786491394,0.5933111310005188,0.0025609959848225117
735,24.5,-1.1920928955078125e-07,0.02014869637787342,0.38015738129615784,0.5971068143844604,0.002587271388620138
736,24.533333333333335,-1.1920928955078125e-07,0.019839169457554817,0.3754495680332184,0.6020889282226562,0.0026224798057228327
737,24.566666666666666,-1.1920928955078125e-07,0.01938319392502308,0.36854425072669983,0.6093975901603699,0.002675018971785903
738,24.6,-1.1920928955078125e-07,0.018764378502964973,0.35904181003570557,0.6194472908973694,0.002746668178588152
739,24.633333333333333,-1.1920928955078125e-07,0.018033744767308235,0.3479187786579132,0.631218433380127,0.002829123754054308
740,24.666666666666668,-1.1920928955078125e-07,0.017373623326420784,0.33789488673210144,0.6418240070343018,0.0029076095670461655
741,24.7,-1.1920928955078125e-07,0.016799570992588997,0.32920360565185547,0.6510191559791565,0.0029778035823255777
742,24.733333333333334,-1.1920928955078125e-07,0.01634073443710804,0.3230368196964264,0.6575906872749329,0.003031911561265588
743,24.766666666666666,-1.1920928955078125e-07,0.015982212498784065,0.31829389929771423,0.6626470685005188,0.003076989436522126
744,24.8,-1.1920928955078125e-07,0.01570040173828602,0.314763605594635,0.6664226651191711,0.0031135105527937412
745,24.833333333333332,-1.1920928955078125e-07,0.015387775376439095,0.31102868914604187,0.6704332828521729,0.0031504291109740734
746,24.866666666666667,-1.1920928955078125e-07,0.015064598992466927,0.30761390924453735,0.6741365790367126,0.0031851292587816715
747,24.9,-1.1920928955078125e-07,0.01475680060684681,0.3044470250606537,0.6775766015052795,0.003219693200662732
748,24.933333333333334,-1.1920928955078125e-07,0.014491857960820198,0.3016999363899231,0.6805562973022461,0.0032521046232432127
749,24.966666666666665,-1.1920928955078125e-07,0.014254869893193245,0.2992202937602997,0.6832431554794312,0.003281892277300358
750,25.0,-1.1920928955078125e-07,0.014036895707249641,0.29692643880844116,0.6857296824455261,0.0033070885110646486
751,25.033333333333335,-1.1920928955078125e-07,0.01382833905518055,0.2947346866130829,0.6881089806556702,0.0033281666692346334
752,25.066666666666666,-1.1920928955078125e-07,0.013629736378788948,0.2926735281944275,0.6903502941131592,0.0033466157037764788
753,25.1,-1.1920928955078125e-07,0.013431670144200325,0.2906499207019806,0.6925547122955322,0.0033639157190918922
754,25.133333333333333,-1.1920928955078125e-07,0.013239743188023567,0.28872597217559814,0.6946538090705872,0.0033806546125561
755,25.166666666666668,-1.1920928955078125e-07,0.013061108067631721,0.28690433502197266,0.6966371536254883,0.0033975550904870033
756,25.2,-1.1920928955078125e-07,0.01288926787674427,0.2850976288318634,0.6985976099967957,0.003415616462007165
757,25.233333333333334,-1.1920928955078125e-07,0.012746276333928108,0.2835497558116913,0.7002719044685364,0.003432217985391617
758,25.266666666666666,-1.1920928955078125e-07,0.012644113972783089,0.2824098467826843,0.7015005350112915,0.003445673268288374
759,25.3,-1.1920928955078125e-07,0.012562157586216927,0.28147441148757935,0.702506422996521,0.0034571338910609484
760,25.333333333333332,-1.1920928955078125e-07,0.012480856850743294,0.2805166244506836,0.7035342454910278,0.0034684832207858562
761,25.366666666666667,-1.1920928955078125e-07,0.012377502396702766,0.27924931049346924,0.7048901319503784,0.0034831990487873554
762,25.4,-1.1920928955078125e-07,0.012234034016728401,0.27744585275650024,0.7068154215812683,0.0035048769786953926
763,25.433333333333334,-1.1920928955078125e-07,0.012079717591404915,0.2754136323928833,0.708973228931427,0.0035336161963641644
764,25.466666666666665,-1.1920928955078125e-07,0.011921228840947151,0.27320727705955505,0.7113000154495239,0.0035716283600777388
765,25.5,-1.1920928955078125e-07,0.011763038113713264,0.2708791494369507,0.7137361168861389,0.0036218720488250256
766,25.533333333333335,-1.1920928955078125e-07,0.011600733734667301,0.2683413028717041,0.7163694500923157,0.003688686527311802
767,25.566666666666666,-1.1920928955078125e-07,0.011442662216722965,0.26577913761138916,0.7190092206001282,0.00376913882791996
768,25.6,-1.1920928955078125e-07,0.011269391514360905,0.2629200220108032,0.7219521999359131,0.0038585448637604713
769,25.633333333333333,-1.1920928955078125e-07,0.01107174251228571,0.2595638632774353,0.7254080772399902,0.003956500440835953
770,25.666666666666668,-1.1920928955078125e-07,0.010839940048754215,0.2555835247039795,0.7295088171958923,0.00406798068434
771,25.7,-1.1920928955078125e-07,0.010584832169115543,0.2511434853076935,0.734072208404541,0.004199636168777943
772,25.733333333333334,-1.1920928955078125e-07,0.010359765030443668,0.24711628258228302,0.7381827235221863,0.004341416526585817
773,25.766666666666666,-1.1920928955078125e-07,0.010138214565813541,0.24305208027362823,0.7423078417778015,0.0045020850375294685
774,25.8,-1.1920928955078125e-07,0.009939313866198063,0.2393009513616562,0.7460872530937195,0.004672670271247625
775,25.833333333333332,-1.1920928955078125e-07,0.0097658047452569,0.2360231578350067,0.7493783235549927,0.004832881037145853
776,25.866666666666667,-1.1920928955078125e-07,0.009623409248888493,0.23332451283931732,0.7520871758460999,0.004965150263160467
777,25.9,-1.1920928955078125e-07,0.00948959682136774,0.23076161742210388,0.7546586990356445,0.0050902171060442924
778,25.933333333333334,-1.1920928955078125e-07,0.00934982392936945,0.22807809710502625,0.7573407888412476,0.005231405608355999
779,25.966666666666665,-1.1920928955078125e-07,0.009144485928118229,0.22414907813072205,0.7612597942352295,0.005446794908493757
780,26.0,-1.1920928955078125e-07,0.00886231753975153,0.21871821582317352,0.7666215300559998,0.005798103753477335
781,26.033333333333335,-1.1920928955078125e-07,0.00853049848228693,0.21213147044181824,0.7730326652526855,0.006305471528321505
782,26.066666666666666,-1.1920928955078125e-07,0.008189142681658268,0.204829603433609,0.7800873517990112,0.006893992889672518
783,26.1,-1.1920928955078125e-07,0.007902146317064762,0.1989431232213974,0.785747230052948,0.007407680619508028
784,26.133333333333333,-1.1920928955078125e-07,0.007714630104601383,0.19528234004974365,0.7892177104949951,0.007785543333739042
785,26.166666666666668,-1.1920928955078125e-07,0.007578135468065739,0.19243986904621124,0.7918339967727661,0.00814825389534235
786,26.2,-1.1920928955078125e-07,0.00747156236320734,0.1900743693113327,0.7938998937606812,0.00855428259819746
787,26.233333333333334,-1.1920928955078125e-07,0.007370770908892155,0.18774257600307465,0.7958298921585083,0.009056922979652882
788,26.266666666666666,-1.1920928955078125e-07,0.007265509106218815,0.1852768063545227,0.7977602481842041,0.009697613306343555
789,26.3,-1.1920928955078125e-07,0.00716936681419611,0.18298298120498657,0.7993832230567932,0.010464617051184177
790,26.333333333333332,-1.1920928955078125e-07,0.007082403637468815,0.18087856471538544,0.8006799817085266,0.011359155178070068
791,26.366666666666667,-1.1920928955078125e-07,0.007000089623034,0.17887301743030548,0.8017572164535522,0.012369940988719463
792,26.4,-1.1920928955078125e-07,0.0069311270490288734,0.17717504501342773,0.8024091720581055,0.013484828174114227
793,26.433333333333334,-1.1920928955078125e-07,0.006879986263811588,0.1758965104818344,0.8026013374328613,0.014622354879975319
794,26.466666666666665,-1.1920928955078125e-07,0.006845117546617985,0.17501439154148102,0.8025537729263306,0.015587006695568562
795,26.5,-1.1920928955078125e-07,0.006814838387072086,0.17424315214157104,0.8024781942367554,0.01646404154598713
796,26.533333333333335,-1.1920928955078125e-07,0.006782413460314274,0.17341700196266174,0.8025054931640625,0.017295243218541145
797,26.566666666666666,-1.1920928955078125e-07,0.006747127510607243,0.1725102663040161,0.8025770783424377,0.01816575974225998
798,26.6,-1.1920928955078125e-07,0.006713033653795719,0.17162823677062988,0.8025163412094116,0.019142527133226395
799,26.633333333333333,-1.1920928955078125e-07,0.006681145168840885,0.17081043124198914,0.8023937940597534,0.020114855840802193
800,26.666666666666668,-1.1920928955078125e-07,0.006657184101641178,0.1701909750699997,0.8022635579109192,0.0208884347230196
801,26.7,-1.1920928955078125e-07,0.006640435196459293,0.16975362598896027,0.8021595478057861,0.021446656435728073
802,26.733333333333334,-1.1920928955078125e-07,0.006629706360399723,0.16948911547660828,0.8020831346511841,0.021798133850097656
803,26.766666666666666,-1.1920928955078125e-07,0.006620706059038639,0.1692686825990677,0.8020145297050476,0.02209627814590931
804,26.8,-1.1920928955078125e-07,0.00661021564155817,0.16901136934757233,0.8019184470176697,0.022460192441940308
805,26.833333333333332,-1.1920928955078125e-07,0.006597817875444889,0.16868793964385986,0.8017885684967041,0.02292589284479618
806,26.866666666666667,-1.1920928955078125e-07,0.006584347225725651,0.1683368980884552,0.8015976548194885,0.023481259122490883
807,26.9,-1.1920928955078125e-07,0.006567657925188541,0.16790421307086945,0.8013566732406616,0.02417168579995632
808,26.933333333333334,-1.1920928955078125e-07,0.006548703648149967,0.16741546988487244,0.8011180758476257,0.02491786517202854
809,26.966666666666665,-1.1920928955078125e-07,0.006532610394060612,0.16700094938278198,0.8008624911308289,0.025604095309972763
810,27.0,-1.1920928955078125e-07,0.006517649628221989,0.16661523282527924,0.8005140423774719,0.026353158056735992
811,27.033333333333335,-1.1920928955078125e-07,0.006501019932329655,0.1661861687898636,0.7999874353408813,0.027325596660375595
812,27.066666666666666,-1.1920928955078125e-07,0.006477774120867252,0.16558869183063507,0.799233615398407,0.02870013378560543
813,27.1,-1.1920928955078125e-07,0.006444157101213932,0.16472937166690826,0.7982903718948364,0.030536316335201263
814,27.133333333333333,-1.1920928955078125e-07,0.00640487764030695,0.16373075544834137,0.7972641587257385,0.032600414007902145
815,27.166666666666668,-1.1920928955078125e-07,0.006360412575304508,0.16260354220867157,0.7961488962173462,0.03488725423812866
816,27.2,-1.1920928955078125e-07,0.006312132813036442,0.1613820642232895,0.7947850823402405,0.03752094879746437
817,27.233333333333334,-1.1920928955078125e-07,0.006269992329180241,0.16031698882579803,0.7933934926986694,0.040019694715738297
818,27.266666666666666,-1.1920928955078125e-07,0.006243468262255192,0.15964306890964508,0.7922763824462891,0.041837286204099655
819,27.3,-1.1920928955078125e-07,0.006224275566637516,0.15915445983409882,0.7912546992301941,0.043366774916648865
820,27.333333333333332,-1.1920928955078125e-07,0.006206215359270573,0.15869270265102386,0.790205180644989,0.04489605873823166
821,27.366666666666667,-1.1920928955078125e-07,0.0061866650357842445,0.15819385647773743,0.788973331451416,0.04664638638496399
822,27.4,-1.1920928955078125e-07,0.006172955967485905,0.1578426957130432,0.7878052592277527,0.0481792651116848
823,27.433333333333334,-1.1920928955078125e-07,0.006163121201097965,0.1575898379087448,0.7866586446762085,0.04958862066268921
824,27.466666666666665,-1.1920928955078125e-07,0.006154597736895084,0.15737199783325195,0.7854344248771667,0.0510392002761364
825,27.5,-1.1920928955078125e-07,0.006146431900560856,0.15716110169887543,0.784196138381958,0.05249650776386261
826,27.533333333333335,-1.1920928955078125e-07,0.006139696575701237,0.15698830783367157,0.7832360863685608,0.0536360889673233
827,27.566666666666666,-1.1920928955078125e-07,0.006135226227343082,0.1568739116191864,0.7826392650604248,0.05435178056359291
828,27.6,-1.1920928955078125e-07,0.006131471134722233,0.15677711367607117,0.782195508480072,0.05489611625671387
829,27.633333333333333,-1.1920928955078125e-07,0.0061270007863640785,0.1566621959209442,0.7816731333732605,0.055537912994623184
830,27.666666666666668,-1.1920928955078125e-07,0.006122292019426823,0.15654177963733673,0.7811403870582581,0.0561957061290741
831,27.7,-1.1920928955078125e-07,0.006117642857134342,0.15642184019088745,0.780665397644043,0.056795284152030945
832,27.733333333333334,-1.1920928955078125e-07,0.006113768555223942,0.1563231498003006,0.7802305221557617,0.057332683354616165
833,27.766666666666666,-1.1920928955078125e-07,0.006110609509050846,0.15624161064624786,0.7798447608947754,0.05780322477221489
834,27.8,-1.1920928955078125e-07,0.006108165718615055,0.15617823600769043,0.7795273661613464,0.05818639323115349
835,27.833333333333332,-1.1920928955078125e-07,0.0061065563932061195,0.15613549947738647,0.7792724370956421,0.058485668152570724
836,27.866666666666667,-1.1920928955078125e-07,0.0061051854863762856,0.15609928965568542,0.7789998054504395,0.058796003460884094
837,27.9,-1.1920928955078125e-07,0.006103516556322575,0.1560553014278412,0.7786521911621094,0.05918923765420914
838,27.933333333333334,-1.1920928955078125e-07,0.006101609207689762,0.15600652992725372,0.7782499194145203,0.05964208394289017
839,27.966666666666665,-1.1920928955078125e-07,0.006099403835833073,0.15594728291034698,0.777809202671051,0.060144346207380295
840,28.0,-1.1920928955078125e-07,0.00609672162681818,0.15587732195854187,0.7773234844207764,0.06070264056324959
841,28.033333333333335,-1.1920928955078125e-07,0.006094277836382389,0.15581266582012177,0.7767941355705261,0.06129904463887215
842,28.066666666666666,-1.1920928955078125e-07,0.006092549301683903,0.15576618909835815,0.7763253450393677,0.06181604042649269
843,28.1,-1.1920928955078125e-07,0.00609141681343317,0.15573586523532867,0.7759724855422974,0.0622003898024559
844,28.133333333333333,-1.1920928955078125e-07,0.006090582348406315,0.1557147204875946,0.7757038474082947,0.062490999698638916
845,28.166666666666668,-1.1920928955078125e-07,0.00608986709266901,0.15569427609443665,0.7754355669021606,0.0627804696559906
846,28.2,-1.1920928955078125e-07,0.006089032627642155,0.15567272901535034,0.7751721143722534,0.0630662813782692
847,28.233333333333334,-1.1920928955078125e-07,0.006088138557970524,0.15564922988414764,0.7748973369598389,0.06336545199155807
848,28.266666666666666,-1.1920928955078125e-07,0.006087065674364567,0.1556207239627838,0.774584949016571,0.0637073963880539
849,28.3,-1.1920928955078125e-07,0.006085575558245182,0.1555810272693634,0.7742077708244324,0.06412579119205475
850,28.333333333333332,-1.1920928955078125e-07,0.006083072163164616,0.15551577508449554,0.7737176418304443,0.0646837055683136
851,28.366666666666667,-1.1920928955078125e-07,0.006079674698412418,0.15542685985565186,0.773198127746582,0.06529548764228821
852,28.4,-1.1920928955078125e-07,0.006076217629015446,0.15533770620822906,0.7727359533309937,0.06585028767585754
853,28.433333333333334,-1.1920928955078125e-07,0.006072104908525944,0.155231773853302,0.7722662091255188,0.06643009930849075
854,28.466666666666665,-1.1920928955078125e-07,0.006066740490496159,0.15509308874607086,0.7717386484146118,0.06710172444581985
855,28.5,-1.1920928955078125e-07,0.006059528328478336,0.15490740537643433,0.771116316318512,0.06791684031486511
856,28.533333333333335,-1.1920928955078125e-07,0.006051481701433659,0.1546991914510727,0.7704474925994873,0.06880201399326324
857,28.566666666666666,-1.1920928955078125e-07,0.006042779423296452,0.15447576344013214,0.7697679400444031,0.06971371918916702
858,28.6,-1.1920928955078125e-07,0.006032944656908512,0.15422366559505463,0.7691307663917542,0.07061279565095901
859,28.633333333333333,-1.1920928955078125e-07,0.006022811867296696,0.15396450459957123,0.768574595451355,0.07143829017877579
860,28.666666666666668,-1.1920928955078125e-07,0.006013394333422184,0.15372174978256226,0.7680783271789551,0.07218673825263977
861,28.7,-1.1920928955078125e-07,0.006003499962389469,0.1534682810306549,0.7674979567527771,0.0730305090546608
862,28.733333333333334,-1.1920928955078125e-07,0.005992651917040348,0.15319059789180756,0.7667988538742065,0.0740179792046547
863,28.766666666666666,-1.1920928955078125e-07,0.005981327034533024,0.15290072560310364,0.7660728693008423,0.07504523545503616
864,28.8,-1.1920928955078125e-07,0.005969167686998844,0.15258851647377014,0.765392005443573,0.07605049014091492
865,28.833333333333332,-1.1920928955078125e-07,0.005956173874437809,0.15225733816623688,0.7647408843040466,0.0770457312464714
866,28.866666666666667,-1.1920928955078125e-07,0.005941213108599186,0.15187309682369232,0.7639894485473633,0.07819641381502151
867,28.9,-1.1920928955078125e-07,0.005922854878008366,0.15140312910079956,0.7628925442695618,0.07978165149688721
868,28.933333333333334,-1.1920928955078125e-07,0.00590676162391901,0.15098904073238373,0.761638343334198,0.08146597445011139
869,28.966666666666665,-1.1920928955078125e-07,0.005894125439226627,0.15066209435462952,0.7603662014007568,0.08307770639657974
870,29.0,-1.1920928955078125e-07,0.005882442928850651,0.1503603756427765,0.7589919567108154,0.08476541936397552
871,29.033333333333335,-1.1920928955078125e-07,0.005869091488420963,0.15001438558101654,0.7573214769363403,0.0867951512336731
872,29.066666666666666,-1.1920928955078125e-07,0.0058516268618404865,0.1495615839958191,0.7551044821739197,0.08948241174221039
873,29.1,-1.1920928955078125e-07,0.005829453933984041,0.14898769557476044,0.7521512508392334,0.09303175657987595
874,29.133333333333333,-1.1920928955078125e-07,0.005801558960229158,0.1482650190591812,0.7477390170097351,0.09819464385509491
875,29.166666666666668,-1.1920928955078125e-07,0.005767167080193758,0.14737749099731445,0.7414650917053223,0.10539045184850693
876,29.2,-1.1920928955078125e-07,0.005730450619012117,0.14642849564552307,0.7348939180374146,0.11294728517532349
877,29.233333333333334,-1.1920928955078125e-07,0.005692601669579744,0.14545351266860962,0.7283263802528381,0.12052763253450394
878,29.266666666666666,-1.1920928955078125e-07,0.005653501022607088,0.14444351196289062,0.7215007543563843,0.12840242683887482
879,29.3,-1.1920928955078125e-07,0.005606353748589754,0.14322607219219208,0.7134933471679688,0.13767437636852264
880,29.333333333333332,-1.1920928955078125e-07,0.005547225940972567,0.14170069992542267,0.7036727070808411,0.1490795910358429
881,29.366666666666667,-1.1920928955078125e-07,0.0054791574366390705,0.1399465799331665,0.6924859285354614,0.1620885133743286
882,29.4,-1.1920928955078125e-07,0.005404949653893709,0.1380365639925003,0.6807926297187805,0.17576606571674347
883,29.433333333333334,-1.1920928955078125e-07,0.005322516430169344,0.13591685891151428,0.6687514781951904,0.19000932574272156
884,29.466666666666665,-1.1920928955078125e-07,0.005235136020928621,0.13367947936058044,0.6567551493644714,0.20433048903942108
885,29.5,-1.1920928955078125e-07,0.0051507954485714436,0.13151851296424866,0.6455956697463989,0.21773523092269897
886,29.533333333333335,-1.1920928955078125e-07,0.0050668721087276936,0.12937182188034058,0.6345310807228088,0.23103049397468567
887,29.566666666666666,-1.1920928955078125e-07,0.004966140259057283,0.12679916620254517,0.6221407055854797,0.24609410762786865
888,29.6,-1.1920928955078125e-07,0.004829347599297762,0.12331999093294144,0.6066956520080566,0.26515522599220276
889,29.633333333333333,-1.1920928955078125e-07,0.004661083687096834,0.11904385685920715,0.5886444449424744,0.28765079379081726
890,29.666666666666668,-1.1920928955078125e-07,0.004480481613427401,0.1144624650478363,0.569753885269165,0.31130340695381165
891,29.7,-1.1920928955078125e-07,0.004301310051232576,0.10990956425666809,0.5504887104034424,0.33530059456825256
892,29.733333333333334,-1.1920928955078125e-07,0.004118621814996004,0.10525917261838913,0.5303174257278442,0.36030498147010803
893,29.766666666666666,-1.1920928955078125e-07,0.003921807277947664,0.10024722665548325,0.5078337788581848,0.3879973888397217
894,29.8,-1.1920928955078125e-07,0.0037216548807919025,0.0951400175690651,0.48515453934669495,0.4159839451313019
895,29.833333333333332,-1.1920928955078125e-07,0.0035216216929256916,0.09004957228899002,0.4637537896633148,0.4426752030849457
896,29.866666666666667,-1.1920928955078125e-07,0.0033140783198177814,0.08478429913520813,0.4429345428943634,0.4689672291278839
897,29.9,-1.1920928955078125e-07,0.0030761961825191975,0.07874426990747452,0.4203861653804779,0.49779340624809265
898,29.933333333333334,-1.1920928955078125e-07,0.0028051140252500772,0.0718856230378151,0.3961668610572815,0.5291424989700317
899,29.966666666666665,-1.1920928955078125e-07,0.0025538804475218058,0.06554755568504333,0.373236745595932,0.5586619973182678
900,30.0,-1.1920928955078125e-07,0.002347648376598954,0.06034694239497185,0.35404670238494873,0.5832588076591492
901,30.033333333333335,-1.1920928955078125e-07,0.0021888616029173136,0.05633288249373436,0.33839723467826843,0.6030811667442322
902,30.066666666666666,-1.1920928955078125e-07,0.00207692408002913,0.053497564047575,0.3264317810535431,0.6179937720298767
903,30.1,-1.1920928955078125e-07,0.0019885303918272257,0.05125734955072403,0.3170463442802429,0.6297078132629395
904,30.133333333333333,-1.1920928955078125e-07,0.0019158127252012491,0.049415457993745804,0.3093172013759613,0.6393516063690186
905,30.166666666666668,-1.1920928955078125e-07,0.0018569829408079386,0.047918111085891724,0.30243295431137085,0.6477921605110168
906,30.2,-1.1920928955078125e-07,0.001808226341381669,0.04667684808373451,0.29643869400024414,0.6550763249397278
907,30.233333333333334,-1.1920928955078125e-07,0.0017622115556150675,0.04550394043326378,0.29068708419799805,0.6620469093322754
908,30.266666666666666,-1.1920928955078125e-07,0.001719713443890214,0.04441889002919197,0.28529298305511475,0.66856849193573
909,30.3,-1.1920928955078125e-07,0.001681566471233964,0.04344204068183899,0.28017449378967285,0.674701988697052
910,30.333333333333332,-1.1920928955078125e-07,0.0016494991723448038,0.04262016341090202,0.27583929896354675,0.6798911690711975
911,30.366666666666667,-1.1920928955078125e-07,0.001624644035473466,0.04198383912444115,0.2725943326950073,0.683797299861908
912,30.4,-1.1920928955078125e-07,0.0016040804330259562,0.041458167135715485,0.26997777819633484,0.6869601607322693
913,30.433333333333334,-1.1920928955078125e-07,0.0015839340630918741,0.04094245284795761,0.26746493577957153,0.690008819103241
914,30.466666666666665,-1.1920928955078125e-07,0.0015615823213011026,0.040372416377067566,0.26478224992752075,0.6932839155197144
915,30.5,-1.1920928955078125e-07,0.0015354754868894815,0.039705973118543625,0.2616766095161438,0.6970820426940918
916,30.533333333333335,-1.1920928955078125e-07,0.001503646606579423,0.0388922393321991,0.2584250271320343,0.7011792063713074
917,30.566666666666666,-1.1920928955078125e-07,0.001465976471081376,0.03792809695005417,0.2547495365142822,0.705856442451477
918,30.6,-1.1920928955078125e-07,0.0014290810795500875,0.03698236495256424,0.2512311339378357,0.7103575468063354
919,30.633333333333333,-1.1920928955078125e-07,0.0013945699902251363,0.036098141223192215,0.2480051964521408,0.7145021557807922
920,30.666666666666668,-1.1920928955078125e-07,0.001358211156912148,0.035167910158634186,0.2444542646408081,0.7190196514129639
921,30.7,-1.1920928955078125e-07,0.0013133288593962789,0.03401307389140129,0.24039162695407867,0.7242820858955383
922,30.733333333333334,-1.1920928955078125e-07,0.001265287515707314,0.03279358521103859,0.23619814217090607,0.7297431230545044
923,30.766666666666666,-1.1920928955078125e-07,0.0012171865673735738,0.03157427906990051,0.23184505105018616,0.7353634834289551
924,30.8,-1.1920928955078125e-07,0.0011780859204009175,0.030581172555685043,0.2281837910413742,0.7400569915771484
925,30.833333333333332,-1.1920928955078125e-07,0.0011406542034819722,0.029629435390233994,0.22455959022045135,0.7446704506874084
926,30.866666666666667,-1.1920928955078125e-07,0.0010942817898467183,0.028448833152651787,0.22011259198188782,0.750344455242157
927,30.9,-1.1920928955078125e-07,0.0010558963986113667,0.027475347742438316,0.2165067493915558,0.7549620866775513
928,30.933333333333334,-1.1920928955078125e-07,0.0010236502857878804,0.026655662804841995,0.21339350938796997,0.7589271664619446
929,30.966666666666665,-1.1920928955078125e-07,0.0009884835453704,0.025760438293218613,0.20988591015338898,0.7633653879165649
930,31.0,-1.1920928955078125e-07,0.0009543896885588765,0.024891801178455353,0.20637072622776031,0.7677831649780273
931,31.033333333333335,-1.1920928955078125e-07,0.0009216667385771871,0.024048738181591034,0.20261377096176147,0.7724159359931946
932,31.066666666666666,-1.1920928955078125e-07,0.0008975268574431539,0.02342796139419079,0.19928769767284393,0.7763869166374207
933,31.1,-1.1920928955078125e-07,0.0008807183476164937,0.02299445867538452,0.19682718813419342,0.7792977690696716
934,31.133333333333333,-1.1920928955078125e-07,0.0008693934651091695,0.022701896727085114,0.1950906664133072,0.781338095664978
935,31.166666666666668,-1.1920928955078125e-07,0.0008617044659331441,0.022502033039927483,0.19385038316249847,0.7827860116958618
936,31.2,-1.1920928955078125e-07,0.0008564592571929097,0.022366071119904518,0.192964106798172,0.7838134765625
937,31.233333333333334,-1.1920928955078125e-07,0.000852227327413857,0.022256944328546524,0.19223059713840485,0.7846603393554688
938,31.266666666666666,-1.1920928955078125e-07,0.0008483530255034566,0.022157099097967148,0.1915382295846939,0.7854564189910889
939,31.3,-1.1920928955078125e-07,0.0008451343746855855,0.02207224629819393,0.19093164801597595,0.786151111125946
940,31.333333333333332,-1.1920928955078125e-07,0.000842154142446816,0.021995605900883675,0.19037437438964844,0.7867879867553711
941,31.366666666666667,-1.1920928955078125e-07,0.0008394719334319234,0.02192610315978527,0.18985749781131744,0.7873769998550415
942,31.4,-1.1920928955078125e-07,0.000836968538351357,0.021859757602214813,0.18935199081897736,0.7879514694213867
943,31.433333333333334,-1.1920928955078125e-07,0.0008345843525603414,0.02179870381951332,0.18888086080551147,0.7884858846664429
944,31.466666666666665,-1.1920928955078125e-07,0.0008325577946379781,0.02174568548798561,0.1884642392396927,0.7889576554298401
945,31.5,-1.1920928955078125e-07,0.0008306504460051656,0.0216959398239851,0.18807394802570343,0.7893996238708496
946,31.533333333333335,-1.1920928955078125e-07,0.0008286238880828023,0.021643098443746567,0.18766242265701294,0.7898659706115723
947,31.566666666666666,-1.1920928955078125e-07,0.0008267761440947652,0.021594302728772163,0.1872805804014206,0.7902984619140625
948,31.6,-1.1920928955078125e-07,0.0008248091908171773,0.02154288999736309,0.18687312304973602,0.7907593250274658
949,31.633333333333333,-1.1920928955078125e-07,0.0008227230282500386,0.021489690989255905,0.1864432543516159,0.7912445068359375
950,31.666666666666668,-1.1920928955078125e-07,0.0008204580517485738,0.021430721506476402,0.18596841394901276,0.7917805314064026
951,31.7,-1.1920928955078125e-07,0.0008179546566680074,0.02136484533548355,0.18544170260429382,0.7923755049705505
952,31.733333333333334,-1.1920928955078125e-07,0.000815153238363564,0.021291712298989296,0.18486812710762024,0.7930251359939575
953,31.766666666666666,-1.1920928955078125e-07,0.0008120537968352437,0.021212030202150345,0.18425069749355316,0.7937251925468445
954,31.8,-1.1920928955078125e-07,0.0008083583088591695,0.02111479640007019,0.18351466953754425,0.7945623397827148
955,31.833333333333332,-1.1920928955078125e-07,0.0008046032162383199,0.02101726084947586,0.18278132379055023,0.7953969240188599
956,31.866666666666667,-1.1920928955078125e-07,0.0008018614025786519,0.02094591036438942,0.18224497139453888,0.7960073947906494
957,31.9,-1.1920928955078125e-07,0.0007997752400115132,0.020892173051834106,0.18183539807796478,0.7964727282524109
958,31.933333333333334,-1.1920928955078125e-07,0.0007973910542204976,0.02082998678088188,0.18136507272720337,0.79700767993927
959,31.966666666666665,-1.1920928955078125e-07,0.0007945300312712789,0.020755361765623093,0.18081241846084595,0.797637939453125
960,32.0,-1.1920928955078125e-07,0.0007911325665190816,0.02066800184547901,0.1801733523607254,0.7983676791191101
961,32.03333333333333,-1.1920928955078125e-07,0.0007876754971221089,0.02057778276503086,0.17950822412967682,0.799126386642456
962,32.06666666666667,-1.1920928955078125e-07,0.0007833243580535054,0.020464831963181496,0.1786758154630661,0.8000761866569519
963,32.1,-1.1920928955078125e-07,0.0007787944050505757,0.020346879959106445,0.17779439687728882,0.801080048084259
964,32.13333333333333,-1.1920928955078125e-07,0.0007736684055998921,0.020214583724737167,0.1767953485250473,0.8022164702415466
965,32.166666666666664,-1.1920928955078125e-07,0.0007674099178984761,0.02005140110850334,0.17554451525211334,0.8036367893218994
966,32.2,-1.1920928955078125e-07,0.0007592440815642476,0.019839294254779816,0.17389924824237823,0.8055022954940796
967,32.233333333333334,-1.1920928955078125e-07,0.0007501245709136128,0.019600700587034225,0.1720130443572998,0.8076362013816833
968,32.266666666666666,-1.1920928955078125e-07,0.0007407666416838765,0.019356926903128624,0.17008645832538605,0.8098161220550537
969,32.3,-1.1920928955078125e-07,0.0007342697354033589,0.019188493490219116,0.16871847212314606,0.8113588690757751
970,32.333333333333336,-1.1920928955078125e-07,0.0007299185381270945,0.0190744586288929,0.16776777803897858,0.8124279379844666
971,32.36666666666667,-1.1920928955078125e-07,0.0007265210733748972,0.01898619346320629,0.16701459884643555,0.8132728338241577
972,32.4,-1.1920928955078125e-07,0.0007231832132674754,0.018898820504546165,0.16626571118831635,0.8141123652458191
973,32.43333333333333,-1.1920928955078125e-07,0.0007191897020675242,0.018794603645801544,0.16537728905677795,0.8151090145111084
974,32.46666666666667,-1.1920928955078125e-07,0.0007138848886825144,0.018655268475413322,0.16421164572238922,0.8164193630218506
975,32.5,-1.1920928955078125e-07,0.0007067919359542429,0.01847093552350998,0.16267739236354828,0.8181449770927429
976,32.53333333333333,-1.1920928955078125e-07,0.0006983280763961375,0.018250232562422752,0.16086828708648682,0.820183277130127
977,32.56666666666667,-1.1920928955078125e-07,0.0006919503794051707,0.018083570525050163,0.1594916135072708,0.8217329978942871
978,32.6,-1.1920928955078125e-07,0.0006880760774947703,0.017983216792345047,0.1587415486574173,0.8225873112678528
979,32.63333333333333,-1.1920928955078125e-07,0.0006851554499007761,0.017906907945871353,0.15818549692630768,0.8232226371765137
980,32.666666666666664,-1.1920928955078125e-07,0.0006824136362411082,0.01783476583659649,0.15765519440174103,0.8238278031349182
981,32.7,-1.1920928955078125e-07,0.0006801486597396433,0.017776910215616226,0.1572248339653015,0.8243181705474854
982,32.733333333333334,-1.1920928955078125e-07,0.0006779432878829539,0.017719529569149017,0.15679265558719635,0.8248100876808167
983,32.766666666666666,-1.1920928955078125e-07,0.0006754994974471629,0.017654767259955406,0.15627817809581757,0.8253916501998901
984,32.8,-1.1920928955078125e-07,0.0006725192652083933,0.017577683553099632,0.15566520392894745,0.8260846734046936
985,32.833333333333336,-1.1920928955078125e-07,0.0006703138933517039,0.017520003020763397,0.15518857538700104,0.8266212940216064
986,32.86666666666667,-1.1920928955078125e-07,0.0006687641725875437,0.01747964695096016,0.15482626855373383,0.8270254731178284
987,32.9,-1.1920928955078125e-07,0.0006679893122054636,0.017459169030189514,0.15463882684707642,0.827234148979187
988,32.93333333333333,-1.1920928955078125e-07,0.0006675124750472605,0.01744607277214527,0.1545165479183197,0.8273700475692749
989,32.96666666666667,-1.1920928955078125e-07,0.0006670952425338328,0.01743500307202339,0.15441277623176575,0.8274853229522705
990,33.0,-1.1920928955078125e-07,0.0006667376146651804,0.017427025362849236,0.15433751046657562,0.827568769454956
991,33.03333333333333,-1.1920928955078125e-07,0.0006664991960860789,0.017420299351215363,0.15427353978157043,0.8276398181915283
992,33.06666666666667,-1.1920928955078125e-07,0.0006661415682174265,0.017411310225725174,0.15418779850006104,0.8277348279953003
993,33.1,-1.1920928955078125e-07,0.0006657243357039988,0.017398929223418236,0.15406982600688934,0.8278656005859375
994,33.13333333333333,-1.1920928955078125e-07,0.0006650090799666941,0.017381489276885986,0.15390633046627045,0.8280472755432129
995,33.166666666666664,-1.1920928955078125e-07,0.0006642938242293894,0.01736178621649742,0.1537230759859085,0.8282510638237
996,33.2,-1.1920928955078125e-07,0.0006633401499129832,0.017337558791041374,0.1534997820854187,0.828499436378479
997,33.233333333333334,-1.1920928955078125e-07,0.0006622076616622508,0.017308272421360016,0.1532304733991623,0.8287990689277649
998,33.266666666666666,-1.1920928955078125e-07,0.0006609559641219676,0.017275236546993256,0.15292859077453613,0.8291354179382324
999,33.3,-1.1920928955078125e-07,0.000659644661936909,0.017240889370441437,0.15261539816856384,0.829484224319458
1000,33.333333333333336,-1.1920928955078125e-07,0.0006580949411727488,0.0172005295753479,0.15224701166152954,0.829894483089447
1001,33.36666666666667,-1.1920928955078125e-07,0.0006564856157638133,0.017158444970846176,0.15186229348182678,0.8303227424621582
1002,33.4,-1.1920928955078125e-07,0.0006547570810653269,0.01711183600127697,0.15143929421901703,0.8307942152023315
1003,33.43333333333333,-1.1920928955078125e-07,0.0006529093370772898,0.017063915729522705,0.15101078152656555,0.8312724828720093
1004,33.46666666666667,-1.1920928955078125e-07,0.0006510019884444773,0.017014211043715477,0.15057027339935303,0.8317646384239197
1005,33.5,-1.1920928955078125e-07,0.000648975430522114,0.0169612318277359,0.150107279419899,0.8322826623916626
1006,33.53333333333333,-1.1920928955078125e-07,0.0006470084772445261,0.016910575330257416,0.14966793358325958,0.8327745795249939
1007,33.56666666666667,-1.1920928955078125e-07,0.0006453395471908152,0.016866106539964676,0.14928226172924042,0.8332064151763916
1008,33.6,-1.1920928955078125e-07,0.0006436706171371043,0.01682378351688385,0.1489132046699524,0.8336194753646851
1009,33.63333333333333,-1.1920928955078125e-07,0.0006425381288863719,0.016793066635727882,0.14864346385002136,0.8339210152626038
1010,33.666666666666664,-1.1920928955078125e-07,0.000641644059214741,0.016769731417298317,0.14843805134296417,0.8341506719589233
1011,33.7,-1.1920928955078125e-07,0.0006408691988326609,0.016749849542975426,0.14826306700706482,0.834346354007721
1012,33.733333333333334,-1.1920928955078125e-07,0.0006402135477401316,0.016733359545469284,0.14811676740646362,0.8345097899436951
1013,33.766666666666666,-1.1920928955078125e-07,0.0006397367105819285,0.016719549894332886,0.1479928195476532,0.8346480131149292
1014,33.8,-1.1920928955078125e-07,0.0006392598734237254,0.016707882285118103,0.14788711071014404,0.8347658514976501
1015,33.833333333333336,-1.1920928955078125e-07,0.000638902245555073,0.01669841632246971,0.14780014753341675,0.8348626494407654
1016,33.86666666666667,-1.1920928955078125e-07,0.0006385446176864207,0.016689131036400795,0.1477130949497223,0.8349593281745911
1017,33.9,-1.1920928955078125e-07,0.0006381273851729929,0.016678176820278168,0.14760828018188477,0.8350756168365479
1018,33.93333333333333,-1.1920928955078125e-07,0.0006375909433700144,0.016664724797010422,0.14747928082942963,0.8352184891700745
1019,33.96666666666667,-1.1920928955078125e-07,0.0006369948969222605,0.016648411750793457,0.14732354879379272,0.8353911638259888
1020,34.0,-1.1920928955078125e-07,0.0006363988504745066,0.016632577404379845,0.14717361330986023,0.8355576395988464
1021,34.03333333333333,-1.1920928955078125e-07,0.0006358028040267527,0.016617637127637863,0.1470334678888321,0.8357132077217102
1022,34.06666666666667,-1.1920928955078125e-07,0.000635385571513325,0.01660662330687046,0.1469285488128662,0.8358294367790222
1023,34.1,-1.1920928955078125e-07,0.0006351471529342234,0.01659959927201271,0.14686064422130585,0.8359047174453735
1024,34.13333333333333,-1.1920928955078125e-07,0.0006349683389998972,0.01659430004656315,0.14680922031402588,0.835961639881134
1025,34.166666666666664,-1.1920928955078125e-07,0.0006347895250655711,0.01658959686756134,0.1467631459236145,0.836012601852417
1026,34.2,-1.1920928955078125e-07,0.0006345511064864695,0.016583703458309174,0.14670507609844208,0.8360767960548401
1027,34.233333333333334,-1.1920928955078125e-07,0.0006341934786178172,0.016573762521147728,0.14660906791687012,0.8361830711364746
1028,34.266666666666666,-1.1920928955078125e-07,0.0006334782228805125,0.01655477285385132,0.14642730355262756,0.8363845348358154
1029,34.3,-1.1920928955078125e-07,0.0006324649439193308,0.016528043895959854,0.1461714506149292,0.8366681337356567
1030,34.333333333333336,-1.1920928955078125e-07,0.0006312132463790476,0.016496136784553528,0.1458650827407837,0.8370077013969421
1031,34.36666666666667,-1.1920928955078125e-07,0.0006300211534835398,0.01646488346159458,0.1455654799938202,0.8373397588729858
1032,34.4,-1.1920928955078125e-07,0.0006288886652328074,0.01643487997353077,0.14528171718120575,0.8376545906066895
1033,34.43333333333333,-1.1920928955078125e-07,0.000627756176982075,0.016405532136559486,0.14500728249549866,0.8379595875740051
1034,34.46666666666667,-1.1920928955078125e-07,0.0006264448747970164,0.01637088507413864,0.14468646049499512,0.8383163213729858
1035,34.5,-1.1920928955078125e-07,0.0006250739679671824,0.016334572806954384,0.14435410499572754,0.8386863470077515
1036,34.53333333333333,-1.1920928955078125e-07,0.0006238222704268992,0.016302604228258133,0.14405938982963562,0.8390143513679504
1037,34.56666666666667,-1.1920928955078125e-07,0.0006226301775313914,0.01627158932387829,0.1437736302614212,0.8393322825431824
1038,34.6,-1.1920928955078125e-07,0.0006207824335433543,0.016222596168518066,0.14333006739616394,0.8398266434669495
1039,34.63333333333333,-1.1920928955078125e-07,0.0006183386431075633,0.016158301383256912,0.14275674521923065,0.8404667377471924
1040,34.666666666666664,-1.1920928955078125e-07,0.0006152392015792429,0.01607799530029297,0.14204759895801544,0.8412593007087708
1041,34.7,-1.1920928955078125e-07,0.0006110668764449656,0.01596893183887005,0.1410984992980957,0.8423216342926025
1042,34.733333333333334,-1.1920928955078125e-07,0.000606238900218159,0.015842009335756302,0.13999813795089722,0.8435537219047546
1043,34.766666666666666,-1.1920928955078125e-07,0.0006009936914779246,0.015704667195677757,0.13880878686904907,0.8448856472969055
1044,34.8,-1.1920928955078125e-07,0.000595867692027241,0.015571135096251965,0.137642040848732,0.8461911082267761
1045,34.833333333333336,-1.1920928955078125e-07,0.0005910397158004344,0.015445458702743053,0.1365361213684082,0.847427487373352
1046,34.86666666666667,-1.1920928955078125e-07,0.0005862117395736277,0.015319603495299816,0.13542218506336212,0.8486721515655518
1047,34.9,-1.1920928955078125e-07,0.0005810261354781687,0.015182730741798878,0.13420923054218292,0.8500271439552307
1048,34.93333333333333,-1.1920928955078125e-07,0.0005757809267379344,0.015046334825456142,0.13299787044525146,0.8513801097869873
1049,34.96666666666667,-1.1920928955078125e-07,0.0005700588808394969,0.014896898530423641,0.13167136907577515,0.8528618216514587
1050,35.0,-1.1920928955078125e-07,0.00056368118384853,0.014729718677699566,0.13018815219402313,0.8545185327529907
1051,35.03333333333333,-1.1920928955078125e-07,0.0005570650682784617,0.014555986039340496,0.12865476310253143,0.8562322854995728
1052,35.06666666666667,-1.1920928955078125e-07,0.0005509257898665965,0.01439630426466465,0.12724627554416656,0.8578066229820251
1053,35.1,-1.1920928955078125e-07,0.0005457997904159129,0.014262042939662933,0.12606266140937805,0.8591296672821045
1054,35.13333333333333,-1.1920928955078125e-07,0.0005412102327682078,0.014142010360956192,0.12500396370887756,0.8603128790855408
1055,35.166666666666664,-1.1920928955078125e-07,0.0005363822565414011,0.014016261324286461,0.12389694899320602,0.861550509929657
1056,35.2,-1.1920928955078125e-07,0.0005311966524459422,0.013880864717066288,0.12269946932792664,0.8628885746002197
1057,35.233333333333334,-1.1920928955078125e-07,0.0005253553972579539,0.01372742559760809,0.12133973091840744,0.8644075989723206
1058,35.266666666666666,-1.1920928955078125e-07,0.0005183816538192332,0.013546059839427471,0.11972968280315399,0.8662059903144836
1059,35.3,-1.1920928955078125e-07,0.0005101562128402293,0.013330274261534214,0.11780756711959839,0.8683521151542664
1060,35.333333333333336,-1.1920928955078125e-07,0.0005005598650313914,0.013078698888421059,0.11556227505207062,0.8708586096763611
1061,35.36666666666667,-1.1920928955078125e-07,0.0004921556101180613,0.012859988026320934,0.11360231786966324,0.8730456233024597
1062,35.4,-1.1920928955078125e-07,0.0004858375177718699,0.012693793512880802,0.11211488395929337,0.8747055530548096
1063,35.43333333333333,-1.1920928955078125e-07,0.00047981744864955544,0.012535934336483479,0.11070343852043152,0.8762809634208679
1064,35.46666666666667,-1.1920928955078125e-07,0.00047218805411830544,0.01233632955700159,0.1089237853884697,0.8782678246498108
1065,35.5,-1.1920928955078125e-07,0.0004636049852706492,0.012112068012356758,0.10692021250724792,0.8805042505264282
1066,35.53333333333333,-1.1920928955078125e-07,0.0004538894281722605,0.011858563870191574,0.10467959940433502,0.8830080628395081
1067,35.56666666666667,-1.1920928955078125e-07,0.00044351821998134255,0.011587070301175117,0.10228948295116425,0.885680079460144
1068,35.6,-1.1920928955078125e-07,0.0004338026628829539,0.011334508657455444,0.10005699098110199,0.8881747722625732
1069,35.63333333333333,-1.1920928955078125e-07,0.00042700773337855935,0.01115602720528841,0.09846992790699005,0.8899471759796143
1070,35.666666666666664,-1.1920928955078125e-07,0.0004216433153487742,0.011016849428415298,0.097231924533844,0.8913297057151794
1071,35.7,-1.1920928955078125e-07,0.00041621929267421365,0.01087445393204689,0.09597047418355942,0.8927389979362488
1072,35.733333333333334,-1.1920928955078125e-07,0.00040847068885341287,0.010672680102288723,0.09418971091508865,0.8947292566299438
1073,35.766666666666666,-1.1920928955078125e-07,0.00039637094596400857,0.010356731712818146,0.0914265513420105,0.8978204131126404
1074,35.8,-1.1920928955078125e-07,0.0003803969011642039,0.009938334114849567,0.08778738975524902,0.9018939733505249
1075,35.833333333333336,-1.1920928955078125e-07,0.0003620982461143285,0.009459826163947582,0.08361294120550156,0.906565248966217
1076,35.86666666666667,-1.1920928955078125e-07,0.00034195187618024647,0.008934363722801208,0.07901766896247864,0.9117061495780945
1077,35.9,-1.1920928955078125e-07,0.00032287838985212147,0.008436162024736404,0.07464338839054108,0.9165977239608765
1078,35.93333333333333,-1.1920928955078125e-07,0.00030845406581647694,0.00805934052914381,0.07132716476917267,0.9203051924705505
1079,35.96666666666667,-1.1920928955078125e-07,0.0002993345551658422,0.007820411585271358,0.0692238137125969,0.9226565957069397
1080,36.0,-1.1920928955078125e-07,0.00029259923030622303,0.0076441457495093346,0.06767173111438751,0.9243916869163513
1081,36.03333333333333,-1.1920928955078125e-07,0.00028610232402570546,0.00747466878965497,0.06618814915418625,0.9260511994361877
1082,36.06666666666667,-1.1920928955078125e-07,0.00027865174342878163,0.007279990706592798,0.06448663026094437,0.9279548525810242
1083,36.1,-1.1920928955078125e-07,0.0002705455117393285,0.007068808656185865,0.06263687461614609,0.9300239086151123
1084,36.13333333333333,-1.1920928955078125e-07,0.0002621412568259984,0.006848090793937445,0.06070694699883461,0.9321829080581665
1085,36.166666666666664,-1.1920928955078125e-07,0.00025486949016340077,0.006658466998487711,0.05905608832836151,0.9340306520462036
1086,36.2,-1.1920928955078125e-07,0.00024986270000226796,0.00652829697355628,0.05792013555765152,0.9353017807006836
1087,36.233333333333334,-1.1920928955078125e-07,0.0002458095841575414,0.00642255088314414,0.05699325352907181,0.936338484287262
1088,36.266666666666666,-1.1920928955078125e-07,0.00024116042186506093,0.0063010165467858315,0.05592527240514755,0.9375326633453369
1089,36.3,-1.1920928955078125e-07,0.0002355575852561742,0.006154637783765793,0.054636768996715546,0.9389731287956238
1090,36.333333333333336,-1.1920928955078125e-07,0.00023061039973981678,0.006026011426001787,0.05350390449166298,0.9402395486831665
1091,36.36666666666667,-1.1920928955078125e-07,0.00022643807460553944,0.005915673915296793,0.052531152963638306,0.9413268566131592
1092,36.4,-1.1920928955078125e-07,0.00022256377269513905,0.0058144512586295605,0.05163826048374176,0.9423248767852783
1093,36.43333333333333,-1.1920928955078125e-07,0.00021892788936384022,0.005719721782952547,0.050802841782569885,0.9432586431503296
1094,36.46666666666667,-1.1920928955078125e-07,0.00021553042461164296,0.005630949046462774,0.050019677728414536,0.9441339373588562
1095,36.5,-1.1920928955078125e-07,0.00021237137843854725,0.0055490280501544476,0.04929599538445473,0.9449427127838135
1096,36.53333333333333,-1.1920928955078125e-07,0.0002088547043967992,0.005456977523863316,0.04848130792379379,0.9458529949188232
1097,36.56666666666667,-1.1920928955078125e-07,0.00020426514674909413,0.005337459966540337,0.04742374271154404,0.9470346570014954
1098,36.6,-1.1920928955078125e-07,0.0001986623101402074,0.005190593656152487,0.04613335803151131,0.9484775066375732
1099,36.63333333333333,-1.1920928955078125e-07,0.000192344217794016,0.005025732330977917,0.04469151049852371,0.9500905275344849
1100,36.666666666666664,-1.1920928955078125e-07,0.00018650296260602772,0.004872367717325687,0.04335390403866768,0.9515873193740845
1101,36.7,-1.1920928955078125e-07,0.0001820325996959582,0.004756658338010311,0.04234161600470543,0.9527198672294617
1102,36.733333333333334,-1.1920928955078125e-07,0.00017899276281241328,0.0046769361943006516,0.04163774102926254,0.9535064697265625
1103,36.766666666666666,-1.1920928955078125e-07,0.00017666818166617304,0.004615982063114643,0.0410926379263401,0.9541147947311401
1104,36.8,-1.1920928955078125e-07,0.00017410518194083124,0.0045491294004023075,0.04049663618206978,0.9547802209854126
1105,36.833333333333336,-1.1920928955078125e-07,0.0001711845543468371,0.004472146276384592,0.03980978578329086,0.955547034740448
1106,36.86666666666667,-1.1920928955078125e-07,0.0001674294617259875,0.004374725744128227,0.038943760097026825,0.9565141797065735
1107,36.9,-1.1920928955078125e-07,0.00016331674123648554,0.004267234820872545,0.03799161687493324,0.9575779438018799
1108,36.93333333333333,-1.1920928955078125e-07,0.0001591444161022082,0.004157478455454111,0.0370110347867012,0.9586724638938904
1109,36.96666666666667,-1.1920928955078125e-07,0.0001534223702037707,0.004008513409644365,0.03568369522690773,0.9601544737815857
1110,37.0,-1.1920928955078125e-07,0.00014495851064566523,0.003786194371059537,0.03368423879146576,0.9623847603797913
1111,37.03333333333333,-1.1920928955078125e-07,0.00013649465108755976,0.0035653021186590195,0.031680893152952194,0.9646174311637878
1112,37.06666666666667,-1.1920928955078125e-07,0.00013041497732046992,0.003405425464734435,0.030230961740016937,0.9662333130836487
1113,37.1,-1.1920928955078125e-07,0.00012528897786978632,0.0032724218908697367,0.02902049757540226,0.9675819277763367
1114,37.13333333333333,-1.1920928955078125e-07,0.00011998416448477656,0.00313357706181705,0.027756690979003906,0.9689898490905762
1115,37.166666666666664,-1.1920928955078125e-07,0.00011366607213858515,0.002967855194583535,0.026273107156157494,0.9706454873085022
1116,37.2,-1.1920928955078125e-07,0.00010877849126700312,0.002839554799720645,0.025098318234086037,0.9719534516334534
1117,37.233333333333334,-1.1920928955078125e-07,0.00010281802678946406,0.0026833044830709696,0.02364811860024929,0.9735658764839172
1118,37.266666666666666,-1.1920928955078125e-07,9.566546941641718e-05,0.0024966001510620117,0.021919922903180122,0.9754879474639893
1119,37.3,-1.1920928955078125e-07,8.988381159724668e-05,0.002345828339457512,0.020517623052001,0.9770467877388
1120,37.333333333333336,-1.1920928955078125e-07,8.678437006892636e-05,0.002263349946588278,0.019749613478779793,0.9779003262519836
1121,37.36666666666667,-1.1920928955078125e-07,8.410216105403379e-05,0.002194518456235528,0.01911667361855507,0.978604793548584
1122,37.4,-1.1920928955078125e-07,8.231402171077207e-05,0.002147021470591426,0.018678538501262665,0.9790922403335571
1123,37.43333333333333,-1.1920928955078125e-07,8.124113810481504e-05,0.002119488548487425,0.018419174477458,0.9793802499771118
1124,37.46666666666667,-1.1920928955078125e-07,8.058548701228574e-05,0.0021010139025747776,0.018243424594402313,0.9795750975608826
1125,37.5,-1.1920928955078125e-07,8.0168254498858e-05,0.002090227324515581,0.01814085617661476,0.9796888828277588
1126,37.53333333333333,-1.1920928955078125e-07,7.987023127498105e-05,0.002083433559164405,0.018077226355671883,0.9797595739364624
1127,37.56666666666667,-1.1920928955078125e-07,7.969141734065488e-05,0.0020783678628504276,0.01802985928952694,0.9798122048377991
1128,37.6,-1.1920928955078125e-07,7.95722080511041e-05,0.0020745538640767336,0.017994899302721024,0.9798511266708374
1129,37.63333333333333,-1.1920928955078125e-07,7.951260340632871e-05,0.0020732427947223186,0.01798267289996147,0.9798647165298462
1130,37.666666666666664,-1.1920928955078125e-07,7.945299876155332e-05,0.002072348725050688,0.017974184826016426,0.9798741340637207
1131,37.7,-1.1920928955078125e-07,7.945299876155332e-05,0.0020716337021440268,0.017967239022254944,0.9798818230628967
1132,37.733333333333334,-1.1920928955078125e-07,7.939339411677793e-05,0.002071037655696273,0.01796136237680912,0.9798883199691772
1133,37.766666666666666,-1.1920928955078125e-07,7.939339411677793e-05,0.0020706800278276205,0.017958275973796844,0.9798917770385742
1134,37.8,-1.1920928955078125e-07,7.939339411677793e-05,0.002070322632789612,0.017955129966139793,0.9798953533172607
1135,37.833333333333336,-1.1920928955078125e-07,7.939339411677793e-05,0.0020701438188552856,0.017953110858798027,0.9798974990844727
1136,37.86666666666667,-1.1920928955078125e-07,7.939339411677793e-05,0.002070024609565735,0.017951982095837593,0.9798987507820129
1137,37.9,-1.1920928955078125e-07,7.939339411677793e-05,0.0020698457956314087,0.01795055903494358,0.9799003601074219
1138,37.93333333333333,-1.1920928955078125e-07,7.933378947200254e-05,0.002069607377052307,0.017948362976312637,0.9799028038978577
1139,37.96666666666667,-1.1920928955078125e-07,7.933378947200254e-05,0.0020691901445388794,0.017944741994142532,0.9799068570137024
1140,38.0,-1.1920928955078125e-07,7.933378947200254e-05,0.0020685347262769938,0.017938924953341484,0.9799133539199829
1141,38.03333333333333,-1.1920928955078125e-07,7.927418482722715e-05,0.0020677600987255573,0.0179317444562912,0.9799213409423828
1142,38.06666666666667,-1.1920928955078125e-07,7.927418482722715e-05,0.0020668660290539265,0.017923850566148758,0.9799301624298096
1143,38.1,-1.1920928955078125e-07,7.921458018245175e-05,0.0020656741689890623,0.017913226038217545,0.9799420237541199
1144,38.13333333333333,-1.1920928955078125e-07,7.915497553767636e-05,0.002064124681055546,0.017899753525853157,0.979957103729248
1145,38.166666666666664,-1.1920928955078125e-07,7.903576624812558e-05,0.002061681356281042,0.017877792939543724,0.9799816012382507
1146,38.2,-1.1920928955078125e-07,7.897616160335019e-05,0.002058999380096793,0.0178538728505373,0.9800083041191101
1147,38.233333333333334,-1.1920928955078125e-07,7.885695231379941e-05,0.002056198427453637,0.01782912388443947,0.9800359606742859
1148,38.266666666666666,-1.1920928955078125e-07,7.873774302424863e-05,0.0020531590562313795,0.017802415415644646,0.9800658226013184
1149,38.3,-1.1920928955078125e-07,7.861853373469785e-05,0.0020498812664300203,0.017773330211639404,0.980098307132721
1150,38.333333333333336,-1.1920928955078125e-07,7.849932444514707e-05,0.0020466630812734365,0.01774507947266102,0.9801298975944519
1151,38.36666666666667,-1.1920928955078125e-07,7.838011515559629e-05,0.002044577384367585,0.017726382240653038,0.9801508188247681
1152,38.4,-1.1920928955078125e-07,7.83205105108209e-05,0.0020430278964340687,0.017712552100419998,0.9801662564277649
1153,38.43333333333333,-1.1920928955078125e-07,7.82609058660455e-05,0.002040763385593891,0.017692312598228455,0.98018878698349
1154,38.46666666666667,-1.1920928955078125e-07,7.814169657649472e-05,0.0020389158744364977,0.01767551526427269,0.9802075624465942
1155,38.5,-1.1920928955078125e-07,7.808209193171933e-05,0.0020375452004373074,0.017663465812802315,0.9802210330963135
1156,38.53333333333333,-1.1920928955078125e-07,7.802248728694394e-05,0.0020358168985694647,0.01764838956296444,0.9802379012107849
1157,38.56666666666667,-1.1920928955078125e-07,7.796288264216855e-05,0.0020340289920568466,0.01763271912932396,0.9802554249763489
1158,38.6,-1.1920928955078125e-07,7.790327799739316e-05,0.0020314068533480167,0.01760980859398842,0.9802809953689575
1159,38.63333333333333,-1.1920928955078125e-07,7.772446406306699e-05,0.0020275332499295473,0.017576096579432487,0.9803187847137451
1160,38.666666666666664,-1.1920928955078125e-07,7.754565012874082e-05,0.002022586762905121,0.01753288507461548,0.980367124080658
1161,38.7,-1.1920928955078125e-07,7.724762690486386e-05,0.002014660509303212,0.01746439002454281,0.9804438352584839
1162,38.733333333333334,-1.1920928955078125e-07,7.671118510188535e-05,0.0020014899782836437,0.017350010573863983,0.9805719256401062
1163,38.766666666666666,-1.1920928955078125e-07,7.605553400935605e-05,0.001984445611014962,0.01720321923494339,0.9807364344596863
