frame,time_seconds,phase_1,phase_2,phase_3,phase_4,phase_5,confirmed_phase,accepted_phase,alarm,risk_score,frame_risk_score,risk_percentile,projection_distance,action_unit_repetition,line_energy
0,0.0,1.0,0.0,0.0,0.0,0.0,1,1,0,0.0,1.168809413909912,0.0,0.9336923956871033,-0.0,-15.337471961975098
1,0.03333333507180214,1.0,0.0,0.0,0.0,0.0,1,1,0,0.0,1.2363470792770386,0.0,0.955715537071228,-0.0,-15.025644302368164
2,0.06666667014360428,1.0,0.0,0.0,0.0,0.0,1,1,0,0.0,1.7237414121627808,0.0,1.104422688484192,-0.0,-16.344064712524414
3,0.10000000149011612,1.0,0.0,0.0,0.0,0.0,1,1,0,0.0,1.6868867874145508,0.0,1.0937187671661377,-0.0,-15.312371253967285
4,0.13333334028720856,1.0,0.0,0.0,0.0,0.0,1,1,0,0.0,1.7811055183410645,0.0,1.1225816011428833,-0.0,-17.563261032104492
5,0.1666666716337204,1.0,0.0,0.0,0.0,0.0,1,1,0,0.0,1.9733258485794067,0.0,1.1795058250427246,-0.0,-17.02735137939453
6,0.20000000298023224,1.0,0.0,0.0,0.0,0.0,1,1,0,0.0,1.9956246614456177,0.0,1.1864631175994873,-0.0,-17.648637771606445
7,0.23333333432674408,1.0,0.0,0.0,0.0,0.0,1,1,0,0.0,1.8192343711853027,0.0,1.1337229013442993,-0.0,-16.735767364501953
8,0.2666666805744171,1.0,0.0,0.0,0.0,0.0,1,1,0,0.0,1.2821248769760132,0.0,0.9704539775848389,-0.0,-16.152435302734375
9,0.30000001192092896,1.0,0.0,0.0,0.0,0.0,1,1,0,0.0,1.2263622283935547,0.0,0.9525102972984314,-0.0,-15.644630432128906
10,0.3333333432674408,1.0,0.0,0.0,0.0,0.0,1,1,0,0.0,1.260817050933838,0.0,0.9635153412818909,-0.0,-16.74001121520996
11,0.36666667461395264,1.0,0.0,0.0,0.0,0.0,1,1,0,0.0,0.8526593446731567,0.0,0.8279612064361572,-0.0,-15.289888381958008
12,0.4000000059604645,1.0,0.0,0.0,0.0,0.0,1,1,0,0.0,1.2211277484893799,0.0,0.9507644772529602,-0.0,-16.902097702026367
13,0.4333333373069763,1.0,0.0,0.0,0.0,0.0,1,1,0,0.0,1.149992823600769,0.0,0.9276722073554993,-0.0,-16.124481201171875
14,0.46666666865348816,1.0,0.0,0.0,0.0,0.0,1,1,0,0.0,1.1787261962890625,0.0,0.9367913603782654,-0.0,-16.41761016845703
15,0.5,1.0,0.0,0.0,0.0,0.0,1,1,0,1.3108251094818115,1.1215815544128418,0.0,0.9184374213218689,-0.0,-15.67400074005127
16,0.5333333611488342,1.0,0.0,0.0,0.0,0.0,1,1,0,1.2064080238342285,0.9514537453651428,0.0,0.8622445464134216,-0.0,-15.294881820678711
17,0.5666666626930237,1.0,0.0,0.0,0.0,0.0,1,1,0,1.1228886842727661,0.9840407967567444,0.0,0.8733689188957214,-0.0,-14.810165405273438
18,0.6000000238418579,1.0,0.0,0.0,0.0,0.0,1,1,0,1.0792334079742432,0.8455726504325867,0.0,0.8256325721740723,-0.0,-14.640039443969727
19,0.6333333253860474,1.0,0.0,0.0,0.0,0.0,1,1,0,1.047886610031128,0.9128936529159546,0.0,0.8491674065589905,-0.0,-14.33002758026123
20,0.6666666865348816,1.0,0.0,0.0,0.0,0.0,1,1,0,0.9911187291145325,0.6931389570236206,0.0,0.7697742581367493,-0.0,-14.70841121673584
21,0.699999988079071,1.0,0.0,0.0,0.0,0.0,1,1,0,0.9681870937347412,0.6233429908752441,0.0,0.7430091500282288,-0.0,-14.146668434143066
22,0.7333333492279053,1.0,0.0,0.0,0.0,0.0,1,1,0,0.9203795790672302,0.7430524230003357,0.0,0.7881847023963928,-0.0,-14.220830917358398
23,0.7666666507720947,1.0,0.0,0.0,0.0,0.0,1,1,0,0.8974756002426147,0.9209532141685486,0.0,0.8519182801246643,-0.0,-14.04485034942627
24,0.800000011920929,1.0,0.0,0.0,0.0,0.0,1,1,0,0.858587384223938,0.7898440361022949,0.0,0.8052858710289001,-0.0,-13.482880592346191
25,0.8333333134651184,1.0,0.0,0.0,0.0,0.0,1,1,0,0.8478291034698486,1.0139988660812378,0.0,0.8833264708518982,-0.0,-13.237380981445312
26,0.8666666746139526,1.0,0.0,0.0,0.0,0.0,1,1,0,0.8478291034698486,0.9816012978553772,0.0,0.8724954128265381,-0.0,-13.477017402648926
27,0.8999999761581421,1.0,0.0,0.0,0.0,0.0,1,1,0,0.8478291034698486,0.959911048412323,0.0,0.8651123046875,-0.0,-13.814366340637207
28,0.9333333373069763,1.0,0.0,0.0,0.0,0.0,1,1,0,0.8478291034698486,0.9297430515289307,0.0,0.8549283742904663,-0.0,-14.155221939086914
29,0.9666666388511658,1.0,0.0,0.0,0.0,0.0,1,1,0,0.8478291034698486,0.9324500560760498,0.0,0.8558880090713501,-0.0,-14.11527156829834
30,1.0,1.0,0.0,0.0,0.0,0.0,1,1,0,0.8484309315681458,0.8690961003303528,0.0,0.8338231444358826,-0.0,-13.825556755065918
31,1.0333333015441895,1.0,0.0,0.0,0.0,0.0,1,1,0,0.8484309315681458,0.9070248603820801,0.0,0.8471300005912781,-0.0,-14.288169860839844
32,1.0666667222976685,1.0,0.0,0.0,0.0,0.0,1,1,0,0.8568479418754578,0.7465105652809143,0.0,0.7894789576530457,-0.0,-13.895658493041992
33,1.100000023841858,1.0,0.0,0.0,0.0,0.0,1,1,0,0.8588035702705383,0.8103685975074768,0.0,0.8129416704177856,-0.0,-14.334068298339844
34,1.1333333253860474,1.0,0.0,0.0,0.0,0.0,1,1,0,0.8763992786407471,0.7447276711463928,0.0,0.7887736558914185,-0.0,-14.42908000946045
35,1.1666666269302368,1.0,0.0,0.0,0.0,0.0,1,1,0,0.8846262097358704,0.9648287296295166,0.0,0.8668144941329956,-0.0,-14.870061874389648
36,1.2000000476837158,1.0,0.0,0.0,0.0,0.0,1,1,0,0.8736998438835144,0.872337818145752,0.0,0.8348766565322876,-0.0,-14.4965181350708
37,1.2333333492279053,1.0,0.0,0.0,0.0,0.0,1,1,0,0.8736998438835144,1.100724458694458,0.0,0.9116849899291992,-0.0,-14.858260154724121
38,1.2666666507720947,1.0,0.0,0.0,0.0,0.0,1,1,0,0.8736998438835144,1.0119131803512573,0.0,0.8825574517250061,-0.0,-14.386841773986816
39,1.2999999523162842,1.0,0.0,0.0,0.0,0.0,1,1,0,0.8736998438835144,1.0636969804763794,0.0,0.8997330069541931,-0.0,-14.59268856048584
40,1.3333333730697632,1.0,0.0,0.0,0.0,0.0,1,1,0,0.8736998438835144,0.9445518851280212,0.0,0.860043466091156,-0.0,-14.2943115234375
41,1.3666666746139526,1.0,0.0,0.0,0.0,0.0,1,1,0,0.8877812027931213,0.8923605680465698,0.0,0.8418875336647034,-0.0,-14.847792625427246
42,1.399999976158142,1.0,0.0,0.0,0.0,0.0,1,1,0,0.8959981799125671,0.7870226502418518,0.0,0.8042903542518616,-0.0,-14.396163940429688
43,1.4333332777023315,1.0,0.0,0.0,0.0,0.0,1,1,0,0.909122884273529,1.039707064628601,0.0,0.8919870853424072,-0.0,-14.943052291870117
44,1.4666666984558105,1.0,0.0,0.0,0.0,0.0,1,1,0,0.9152020215988159,0.7454248070716858,0.0,0.7890738844871521,-0.0,-14.783459663391113
45,1.5,1.0,0.0,0.0,0.0,0.0,1,1,0,0.9152020215988159,0.8355063796043396,0.0,0.8218679428100586,-0.0,-14.936201095581055
46,1.5333333015441895,1.0,0.0,0.0,0.0,0.0,1,1,0,0.9192532300949097,0.7754931449890137,0.0,0.8000957369804382,-0.0,-15.66772174835205
47,1.5666667222976685,1.0,0.0,0.0,0.0,0.0,1,1,0,0.9196401238441467,1.1051089763641357,0.0,0.9131622314453125,-0.0,-15.42313289642334
48,1.600000023841858,1.0,0.0,0.0,0.0,0.0,1,1,0,0.9005435109138489,0.8165625333786011,0.0,0.8150584697723389,-0.0,-15.476373672485352
49,1.6333333253860474,1.0,0.0,0.0,0.0,0.0,1,1,0,0.8782897591590881,0.8411595821380615,0.0,0.8239009976387024,-0.0,-15.425227165222168
50,1.6666666269302368,1.0,0.0,0.0,0.0,0.0,1,1,0,0.8782897591590881,1.1374787092208862,0.0,0.9234536290168762,-0.0,-16.077524185180664
51,1.7000000476837158,1.0,0.0,0.0,0.0,0.0,1,1,0,0.8782897591590881,1.2677855491638184,0.0,0.9658011198043823,-0.0,-15.937347412109375
52,1.7333333492279053,1.0,0.0,0.0,0.0,0.0,1,1,0,0.8782897591590881,0.7114036679267883,0.0,0.7766278386116028,-0.0,-15.285699844360352
53,1.7666666507720947,1.0,0.0,0.0,0.0,0.0,1,1,0,0.8782897591590881,0.8996967673301697,0.0,0.8445550799369812,-0.0,-14.931878089904785
54,1.7999999523162842,1.0,0.0,0.0,0.0,0.0,1,1,0,0.8975824117660522,0.728493332862854,0.0,0.782943069934845,-0.0,-15.768978118896484
55,1.8333333730697632,1.0,0.0,0.0,0.0,0.0,1,1,0,0.9118688702583313,0.9048595428466797,0.0,0.8463308811187744,-0.0,-15.197836875915527
56,1.8666666746139526,1.0,0.0,0.0,0.0,0.0,1,1,0,0.9118688702583313,0.7363740801811218,0.0,0.785805344581604,-0.0,-14.769912719726562
57,1.899999976158142,1.0,0.0,0.0,0.0,0.0,1,1,0,0.8665971755981445,0.622157871723175,0.0,0.742591381072998,-0.0,-14.856047630310059
58,1.9333332777023315,1.0,0.0,0.0,0.0,0.0,1,1,0,0.8644989132881165,0.795580267906189,0.0,0.8072865009307861,-0.0,-15.132326126098633
59,1.9666666984558105,1.0,0.0,0.0,0.0,0.0,1,1,0,0.8644989132881165,0.8772291541099548,0.0,0.8365923762321472,-0.0,-14.813752174377441
60,2.0,1.0,0.0,0.0,0.0,0.0,1,1,0,0.8398948907852173,0.8553685545921326,0.0,0.8288409113883972,-0.0,-14.58037281036377
61,2.0333333015441895,1.0,0.0,0.0,0.0,0.0,1,1,0,0.8009384274482727,0.8782209157943726,0.0,0.8369542956352234,-0.0,-14.065624237060547
62,2.066666603088379,1.0,0.0,0.0,0.0,0.0,1,1,0,0.8009384274482727,1.0355557203292847,0.0,0.8906891942024231,-0.0,-14.549721717834473
63,2.0999999046325684,1.0,0.0,0.0,0.0,0.0,1,1,0,0.8009384274482727,1.1246905326843262,0.0,0.9193466901779175,-0.0,-14.513681411743164
64,2.133333444595337,1.0,0.0,0.0,0.0,0.0,1,1,0,0.8009384274482727,1.0112305879592896,0.0,0.8824092745780945,-0.0,-13.993924140930176
65,2.1666667461395264,1.0,0.0,0.0,0.0,0.0,1,1,0,0.8009384274482727,1.0130170583724976,0.0,0.8830091953277588,-0.0,-13.892960548400879
66,2.200000047683716,1.0,0.0,0.0,0.0,0.0,1,1,0,0.8333536386489868,0.8877515196800232,0.0,0.8403846621513367,-0.0,-13.724223136901855
67,2.2333333492279053,1.0,0.0,0.0,0.0,0.0,1,1,0,0.8558530211448669,0.9084784984588623,0.0,0.8475998044013977,-0.0,-13.830358505249023
68,2.2666666507720947,1.0,0.0,0.0,0.0,0.0,1,1,0,0.8841267228126526,0.6550070643424988,0.0,0.7552575469017029,-0.0,-12.813017845153809
69,2.299999952316284,1.0,0.0,0.0,0.0,0.0,1,1,0,0.8949424624443054,0.7219459414482117,0.0,0.7804925441741943,-0.0,-12.803742408752441
70,2.3333332538604736,1.0,0.0,0.0,0.0,0.0,1,1,0,0.9030093550682068,0.7941955327987671,0.0,0.8068715929985046,-0.0,-12.721545219421387
71,2.366666555404663,1.0,0.0,0.0,0.0,0.0,1,1,0,0.9030093550682068,0.9403310418128967,0.0,0.8585802912712097,-0.0,-13.104878425598145
72,2.4000000953674316,1.0,0.0,0.0,0.0,0.0,1,1,0,0.866694450378418,0.6102966070175171,0.0,0.7377986907958984,-0.0,-12.607492446899414
73,2.433333396911621,1.0,0.0,0.0,0.0,0.0,1,1,0,0.8356879949569702,0.8146260380744934,0.0,0.8143476247787476,-0.0,-12.867270469665527
74,2.4666666984558105,1.0,0.0,0.0,0.0,0.0,1,1,0,0.806791365146637,0.7222645878791809,0.0,0.7806206941604614,-0.0,-12.793801307678223
75,2.5,1.0,0.0,0.0,0.0,0.0,1,1,0,0.7995649576187134,0.9407526254653931,0.0,0.8586927652359009,0.3072575032711029,-12.734509468078613
76,2.5333333015441895,1.0,0.0,0.0,0.0,0.0,1,1,0,0.7995649576187134,0.921709418296814,0.0,0.8522307276725769,-0.0,-12.379223823547363
77,2.566666603088379,1.0,0.0,0.0,0.0,0.0,1,1,0,0.7957193851470947,0.8360652923583984,0.0,0.8220701813697815,-0.0,-13.085118293762207
78,2.5999999046325684,1.0,0.0,0.0,0.0,0.0,1,1,0,0.7957193851470947,0.7237654328346252,0.0,0.7811604738235474,-0.0,-12.776979446411133
79,2.633333444595337,1.0,0.0,0.0,0.0,0.0,1,1,0,0.7957193851470947,0.8261842131614685,0.0,0.8185219168663025,-0.0,-13.24954605102539
80,2.6666667461395264,1.0,0.0,0.0,0.0,0.0,1,1,0,0.7957193851470947,0.7591477632522583,0.0,0.7940201759338379,-0.0,-13.399463653564453
81,2.700000047683716,1.0,0.0,0.0,0.0,0.0,1,1,0,0.7848405838012695,0.6935938000679016,0.0,0.7699408531188965,-0.0,-13.08914852142334
82,2.7333333492279053,1.0,0.0,0.0,0.0,0.0,1,1,0,0.7848405838012695,0.6380125880241394,0.0,0.748629629611969,-0.0,-13.138991355895996
83,2.7666666507720947,1.0,0.0,0.0,0.0,0.0,1,1,0,0.7724111676216125,0.6626161932945251,0.0,0.7582080960273743,-0.0,-13.336275100708008
84,2.799999952316284,1.0,0.0,0.0,0.0,0.0,1,1,0,0.7673639059066772,0.6717917323112488,0.0,0.7616330981254578,-0.0,-13.215778350830078
85,2.8333332538604736,1.0,0.0,0.0,0.0,0.0,1,1,0,0.7434051036834717,0.7011644840240479,0.0,0.7729167938232422,-0.0,-13.816075325012207
86,2.866666555404663,1.0,0.0,0.0,0.0,0.0,1,1,0,0.7129690647125244,0.61734938621521,0.0,0.7407346963882446,-0.0,-13.224774360656738
87,2.9000000953674316,1.0,0.0,0.0,0.0,0.0,1,1,0,0.6981203556060791,0.6875779032707214,0.0,0.7675787806510925,-0.0,-13.851499557495117
88,2.933333396911621,1.0,0.0,0.0,0.0,0.0,1,1,0,0.689342737197876,0.6359890103340149,0.0,0.7478737831115723,-0.0,-13.788313865661621
89,2.9666666984558105,1.0,0.0,0.0,0.0,0.0,1,1,0,0.6671023964881897,0.60378098487854,0.0,0.7353352308273315,-0.0,-13.6988525390625
90,3.0,1.0,0.0,0.0,0.0,0.0,1,1,0,0.6422495245933533,0.5106192827224731,0.0,0.6984366774559021,-0.0,-12.758743286132812
91,3.0333333015441895,1.0,0.0,0.0,0.0,0.0,1,1,0,0.6191493272781372,0.46259140968322754,0.0,0.6782914400100708,-0.0,-13.579496383666992
92,3.066666603088379,1.0,0.0,0.0,0.0,0.0,1,1,0,0.5959323048591614,0.40584269165992737,0.0,0.6535128951072693,-0.0,-13.654319763183594
93,3.0999999046325684,1.0,0.0,0.0,0.0,0.0,1,1,0,0.5695109963417053,0.3984032869338989,0.0,0.6502618789672852,-0.0,-13.756485939025879
94,3.133333444595337,1.0,0.0,0.0,0.0,0.0,1,1,0,0.5391907691955566,0.36858904361724854,0.0,0.6366258263587952,-0.0,-13.601349830627441
95,3.1666667461395264,1.0,0.0,0.0,0.0,0.0,1,1,0,0.5031861066818237,0.3411179184913635,0.0,0.6236534118652344,-0.0,-13.265264511108398
96,3.200000047683716,1.0,0.0,0.0,0.0,0.0,1,1,0,0.48220497369766235,0.40753817558288574,0.0,0.6543259620666504,-0.0,-14.177275657653809
97,3.2333333492279053,1.0,0.0,0.0,0.0,0.0,1,1,0,0.4528200924396515,0.39372915029525757,0.0,0.648184061050415,-0.0,-12.98997974395752
98,3.2666666507720947,1.0,0.0,0.0,0.0,0.0,1,1,0,0.43474718928337097,0.4552598297595978,0.0,0.6751564741134644,-0.0,-12.653019905090332
99,3.299999952316284,1.0,0.0,0.0,0.0,0.0,1,1,0,0.4192933440208435,0.44924259185791016,0.0,0.6725205183029175,-0.0,-12.715886116027832
100,3.3333332538604736,1.0,0.0,0.0,0.0,0.0,1,1,0,0.40635237097740173,0.38120970129966736,0.0,0.6424813866615295,-0.0,-12.47537899017334
101,3.366666555404663,1.0,0.0,0.0,0.0,0.0,1,1,0,0.4035158157348633,0.434225857257843,0.0,0.6660372614860535,-0.0,-12.02369213104248
102,3.4000000953674316,1.0,0.0,0.0,0.0,0.0,1,1,0,0.4035158157348633,0.503145158290863,0.0,0.6952820420265198,-0.0,-11.978204727172852
103,3.433333396911621,1.0,0.0,0.0,0.0,0.0,1,1,0,0.4035158157348633,0.6464233994483948,0.0,0.7519137263298035,-0.0,-11.983918190002441
104,3.4666666984558105,1.0,0.0,0.0,0.0,0.0,1,1,0,0.4035158157348633,0.5677868127822876,0.0,0.7212059497833252,-0.0,-12.347333908081055
105,3.5,1.0,0.0,0.0,0.0,0.0,1,1,0,0.4035158157348633,0.60964435338974,0.0,0.7375723123550415,-0.0,-11.568487167358398
106,3.5333333015441895,1.0,0.0,0.0,0.0,0.0,1,1,0,0.4132460653781891,0.5296828746795654,0.0,0.7061648964881897,-0.0,-11.619686126708984
107,3.566666603088379,1.0,0.0,0.0,0.0,0.0,1,1,0,0.4380480945110321,0.5556886792182922,0.0,0.7165079712867737,-0.0,-11.971085548400879
108,3.5999999046325684,1.0,0.0,0.0,0.0,0.0,1,1,0,0.4579678475856781,0.44900888204574585,0.0,0.6724225878715515,-0.0,-11.993088722229004
109,3.633333444595337,1.0,0.0,0.0,0.0,0.0,1,1,0,0.48482051491737366,0.43544700741767883,0.0,0.6665661334991455,-0.0,-11.675028800964355
110,3.6666667461395264,1.0,0.0,0.0,0.0,0.0,1,1,0,0.4970349669456482,0.36387765407562256,0.0,0.63442462682724,-0.0,-11.440624237060547
111,3.700000047683716,1.0,0.0,0.0,0.0,0.0,1,1,0,0.5025333762168884,0.36462903022766113,0.0,0.6348307728767395,-0.0,-11.753839492797852
112,3.7333333492279053,1.0,0.0,0.0,0.0,0.0,1,1,0,0.47498810291290283,0.22769227623939514,0.0,0.5658438205718994,-0.0,-12.452359199523926
113,3.7666666507720947,1.0,0.0,0.0,0.0,0.0,1,1,0,0.4391409456729889,0.28795182704925537,0.0,0.597511351108551,-0.0,-12.288491249084473
114,3.799999952316284,1.0,0.0,0.0,0.0,0.0,1,1,0,0.4046669900417328,0.22304734587669373,0.0,0.5632953643798828,-0.0,-12.634440422058105
115,3.8333332538604736,1.0,0.0,0.0,0.0,0.0,1,1,0,0.3672054708003998,0.23502923548221588,0.0,0.569940984249115,-0.0,-12.987298965454102
116,3.866666555404663,1.0,0.0,0.0,0.0,0.0,1,1,0,0.3371846675872803,0.22947460412979126,0.0,0.566850483417511,-0.0,-12.905158996582031
117,3.9000000953674316,1.0,0.0,0.0,0.0,0.0,1,1,0,0.304517924785614,0.22902126610279083,0.0,0.5666109919548035,-0.0,-12.855045318603516
118,3.933333396911621,1.0,0.0,0.0,0.0,0.0,1,1,0,0.2812158167362213,0.21598787605762482,0.0,0.5592165589332581,-0.0,-13.011788368225098
119,3.9666666984558105,1.0,0.0,0.0,0.0,0.0,1,1,0,0.2690764367580414,0.3140532672405243,0.0,0.6106902956962585,-0.0,-13.068564414978027
120,4.0,1.0,0.0,0.0,0.0,0.0,1,1,0,0.26278939843177795,0.30100733041763306,0.0,0.604209840297699,-0.0,-13.49311351776123
121,4.0333333015441895,1.0,0.0,0.0,0.0,0.0,1,1,0,0.26084843277931213,0.3452194333076477,0.0,0.6255143880844116,-0.0,-13.370365142822266
122,4.066666603088379,1.0,0.0,0.0,0.0,0.0,1,1,0,0.26084843277931213,0.4262845814228058,0.0,0.6625056266784668,-0.0,-13.876626014709473
123,4.099999904632568,1.0,0.0,0.0,0.0,0.0,1,1,0,0.26084843277931213,0.6203452944755554,0.0,0.7419073581695557,-0.0,-14.88080883026123
124,4.133333206176758,1.0,0.0,0.0,0.0,0.0,1,1,0,0.26084843277931213,0.39850914478302,0.0,0.6503069996833801,-0.0,-14.515073776245117
125,4.166666507720947,1.0,0.0,0.0,0.0,0.0,1,1,0,0.26084843277931213,0.581687867641449,0.0,0.7266576886177063,-0.0,-15.054364204406738
126,4.199999809265137,1.0,0.0,0.0,0.0,0.0,1,1,0,0.2807076871395111,0.5909122228622437,0.0,0.7302307486534119,-0.0,-14.595922470092773
127,4.233333110809326,1.0,0.0,0.0,0.0,0.0,1,1,0,0.31394702196121216,0.4622759521007538,0.0,0.6781567335128784,-0.0,-15.404082298278809
128,4.266666889190674,1.0,0.0,0.0,0.0,0.0,1,1,0,0.33149319887161255,0.5699812769889832,0.0,0.7220471501350403,-0.0,-16.481151580810547
129,4.300000190734863,1.0,0.0,0.0,0.0,0.0,1,1,0,0.3661590814590454,0.4804544150829315,0.0,0.6856662034988403,-0.0,-16.04957389831543
130,4.333333492279053,1.0,0.0,0.0,0.0,0.0,1,1,0,0.4023028314113617,0.5378719568252563,0.0,0.7094612121582031,-0.0,-16.4301815032959
131,4.366666793823242,1.0,0.0,0.0,0.0,0.0,1,1,0,0.42562830448150635,0.5922984480857849,0.0,0.7307963371276855,-0.0,-16.906192779541016
132,4.400000095367432,1.0,0.0,0.0,0.0,0.0,1,1,0,0.4610276222229004,0.6038234829902649,0.0,0.735359251499176,-0.0,-16.60636329650879
133,4.433333396911621,1.0,0.0,0.0,0.0,0.0,1,1,0,0.47766774892807007,0.6363027095794678,0.0,0.747962236404419,-0.0,-16.96272087097168
134,4.4666666984558105,1.0,0.0,0.0,0.0,0.0,1,1,0,0.5013542175292969,0.5570648312568665,0.0,0.7170248031616211,-0.0,-16.508420944213867
135,4.5,1.0,0.0,0.0,0.0,0.0,1,1,0,0.5260621309280396,0.6725231409072876,0.0,0.761906623840332,-0.0,-16.247413635253906
136,4.5333333015441895,1.0,0.0,0.0,0.0,0.0,1,1,0,0.5438160300254822,0.7375446557998657,0.0,0.786191463470459,-0.0,-16.72901725769043
137,4.566666603088379,1.0,0.0,0.0,0.0,0.0,1,1,0,0.5454117655754089,0.5822417140007019,0.0,0.7268796563148499,-0.0,-15.761879920959473
138,4.599999904632568,1.0,0.0,0.0,0.0,0.0,1,1,0,0.5612673163414001,0.8433341383934021,0.0,0.8246899247169495,-0.0,-15.86878776550293
139,4.633333206176758,1.0,0.0,0.0,0.0,0.0,1,1,0,0.5703508257865906,0.8360445499420166,0.0,0.822060227394104,-0.0,-15.425751686096191
140,4.666666507720947,1.0,0.0,0.0,0.0,0.0,1,1,0,0.5850141048431396,0.7361683249473572,0.0,0.7857102751731873,-0.0,-15.316197395324707
141,4.699999809265137,1.0,0.0,0.0,0.0,0.0,1,1,0,0.5970106720924377,0.8578116297721863,0.0,0.8297780752182007,-0.0,-15.157132148742676
142,4.733333110809326,1.0,0.0,0.0,0.0,0.0,1,1,0,0.6243459582328796,0.4734553098678589,0.0,0.6827616095542908,-0.0,-15.249899864196777
143,4.766666889190674,1.0,0.0,0.0,0.0,0.0,1,1,0,0.659904956817627,1.0055629014968872,0.0,0.88056880235672,0.4012746810913086,-15.221491813659668
144,4.800000190734863,1.0,0.0,0.0,0.0,0.0,1,1,0,0.6797345876693726,0.93899005651474,0.0,0.8581603169441223,0.4830148220062256,-16.185518264770508
145,4.833333492279053,1.0,0.0,0.0,0.0,0.0,1,1,0,0.6932491064071655,0.7299591302871704,0.0,0.7834972739219666,0.37744322419166565,-14.766584396362305
146,4.866666793823242,1.0,0.0,0.0,0.0,0.0,1,1,0,0.6932491064071655,0.5882407426834106,0.0,0.7291593551635742,0.3784097731113434,-14.711565017700195
147,4.900000095367432,1.0,0.0,0.0,0.0,0.0,1,1,0,0.7301751375198364,0.5799558758735657,0.0,0.7260384559631348,0.23287013173103333,-14.761368751525879
148,4.933333396911621,1.0,0.0,0.0,0.0,0.0,1,1,0,0.7213215827941895,0.467027485370636,0.0,0.6801026463508606,-0.0,-14.943645477294922
149,4.9666666984558105,1.0,0.0,0.0,0.0,0.0,1,1,0,0.7119688987731934,0.7425176501274109,0.0,0.7879902124404907,-0.0,-14.455838203430176
150,5.0,1.0,0.0,0.0,0.0,0.0,1,1,0,0.6878353953361511,0.49483340978622437,0.0,0.6917431950569153,-0.0,-15.131546974182129
151,5.0333333015441895,1.0,0.0,0.0,0.0,0.0,1,1,0,0.6686639189720154,0.6660965085029602,0.0,0.759486734867096,-0.0,-14.832651138305664
152,5.066666603088379,1.0,0.0,0.0,0.0,0.0,1,1,0,0.6686639189720154,0.6069959998130798,0.0,0.736611008644104,-0.0,-15.407893180847168
153,5.099999904632568,1.0,0.0,0.0,0.0,0.0,1,1,0,0.6361766457557678,0.5471493601799011,0.0,0.7131531238555908,-0.0,-13.290765762329102
154,5.133333206176758,1.0,0.0,0.0,0.0,0.0,1,1,0,0.6014655232429504,0.59187912940979,0.0,0.7306243777275085,-0.0,-14.237100601196289
155,5.166666507720947,1.0,0.0,0.0,0.0,0.0,1,1,0,0.5812342762947083,0.5276467204093933,0.0,0.7052971124649048,-0.0,-12.893918991088867
156,5.199999809265137,1.0,0.0,0.0,0.0,0.0,1,1,0,0.543989360332489,0.2157917022705078,0.0,0.5590937733650208,-0.0,-13.242959022521973
157,5.233333110809326,1.0,0.0,0.0,0.0,0.0,1,1,0,0.5165754556655884,0.30581632256507874,0.0,0.6066727638244629,-0.0,-11.36837387084961
158,5.266666889190674,1.0,0.0,0.0,0.0,0.0,1,1,0,0.4855669140815735,0.1569424569606781,0.0,0.523425817489624,-0.0,-12.356801986694336
159,5.300000190734863,1.0,0.0,0.0,0.0,0.0,1,1,0,0.44943687319755554,0.38121700286865234,0.0,0.6424838304519653,-0.0,-11.308030128479004
160,5.333333492279053,1.0,0.0,0.0,0.0,0.0,1,1,0,0.4458138942718506,0.4586038589477539,0.0,0.676537036895752,-0.0,-11.17369270324707
161,5.366666793823242,1.0,0.0,0.0,0.0,0.0,1,1,0,0.4458138942718506,1.9729878902435303,0.0,0.6154749393463135,1.6060192584991455,-9.71086311340332
162,5.400000095367432,1.0,0.0,0.0,0.0,0.0,1,1,0,0.4458138942718506,1.9533352851867676,0.0,0.6435526609420776,1.5926294326782227,-9.73067855834961
163,5.433333396911621,1.0,0.0,0.0,0.0,0.0,1,1,0,0.4458138942718506,1.9331116676330566,0.0,0.6253181099891663,1.5786656141281128,-9.065020561218262
164,5.4666666984558105,1.0,0.0,0.0,0.0,0.0,1,1,0,0.4458138942718506,1.9143099784851074,0.0,0.6629675626754761,1.5658034086227417,-9.73708438873291
165,5.5,1.0,0.0,0.0,0.0,0.0,1,1,0,0.5765030384063721,1.897118330001831,0.0,0.6359865069389343,1.5539597272872925,-8.534138679504395
166,5.5333333015441895,1.0,0.0,0.0,0.0,0.0,1,1,0,0.7111369967460632,1.8798816204071045,0.0,0.5855136513710022,1.542219877243042,-9.477119445800781
167,5.566666603088379,1.0,0.0,0.0,0.0,0.0,1,1,0,0.8497332334518433,1.8635246753692627,0.0,0.618569552898407,1.53119957447052,-9.395918846130371
168,5.599999904632568,1.0,0.0,0.0,0.0,0.0,1,1,0,0.9819762706756592,1.8431403636932373,0.0,0.533796489238739,1.517258882522583,-8.664985656738281
169,5.633333206176758,1.0,0.0,0.0,0.0,0.0,1,1,0,1.1189234256744385,1.8261727094650269,0.0,0.6800507307052612,1.5055383443832397,-9.616229057312012
170,5.666666507720947,1.0,0.0,0.0,0.0,0.0,1,1,0,1.285332441329956,1.8081066608428955,0.0,0.6186423897743225,1.4931843280792236,-10.863577842712402
171,5.699999809265137,1.0,0.0,0.0,0.0,0.0,1,1,0,1.441103219985962,1.789255142211914,0.007246376811594235,0.5655588507652283,1.4805320501327515,-10.266908645629883
172,5.733333110809326,1.0,0.0,0.0,0.0,0.0,1,1,0,1.6097230911254883,1.7707278728485107,0.01449275362318836,0.5186005234718323,1.467705488204956,-9.689422607421875
173,5.766666889190674,1.0,0.0,0.0,0.0,0.0,1,1,0,1.754218578338623,1.753882884979248,0.03260869565217395,0.5416748523712158,1.456239104270935,-9.421319961547852
174,5.800000190734863,1.0,0.0,0.0,0.0,0.0,1,1,0,1.8170546293258667,1.7387362718582153,0.036231884057971064,0.5360209345817566,1.445741891860962,-9.23668098449707
175,5.833333492279053,1.0,0.0,0.0,0.0,0.0,1,1,0,1.7994651794433594,1.72122323513031,0.03260869565217395,0.5521596074104309,1.4339303970336914,-9.14248275756836
176,5.866666793823242,1.0,0.0,0.0,0.0,0.0,1,1,0,1.781847357749939,1.7037038803100586,0.03260869565217395,0.5892227292060852,1.4220322370529175,-8.139967918395996
177,5.900000095367432,1.0,0.0,0.0,0.0,0.0,1,1,0,1.7641863822937012,1.6869151592254639,0.03260869565217395,0.5376436114311218,1.4104902744293213,-8.936562538146973
178,5.933333396911621,1.0,0.0,0.0,0.0,0.0,1,1,0,1.7469713687896729,1.670989751815796,0.02898550724637683,0.5631186366081238,1.3997019529342651,-8.649517059326172
179,5.9666666984558105,1.0,0.0,0.0,0.0,0.0,1,1,0,1.7298957109451294,1.6554157733917236,0.025362318840579712,0.5922130942344666,1.3889901638031006,-8.43432331085205
180,6.0,1.0,0.0,0.0,0.0,0.0,1,1,0,1.7128922939300537,1.6380733251571655,0.021739130434782594,0.5922698378562927,1.3770579099655151,-6.803184509277344
181,6.0333333015441895,1.0,0.0,0.0,0.0,0.0,1,1,0,1.6962242126464844,1.6225738525390625,0.01449275362318836,0.6088836193084717,1.3664270639419556,-7.646398544311523
182,6.066666603088379,1.0,0.0,0.0,0.0,0.0,1,1,0,1.679742693901062,1.6059132814407349,0.01449275362318836,0.5976757407188416,1.354817509651184,-7.511207103729248
183,6.099999904632568,1.0,0.0,0.0,0.0,0.0,1,1,0,1.6633915901184082,1.590370774269104,0.01449275362318836,0.6666033267974854,1.3440436124801636,-7.007279872894287
184,6.133333206176758,1.0,0.0,0.0,0.0,0.0,1,1,0,1.6469733715057373,1.5745549201965332,0.01449275362318836,0.6166085600852966,1.3329448699951172,-5.710475921630859
185,6.166666507720947,1.0,0.0,0.0,0.0,0.0,1,1,0,1.6308046579360962,1.5595357418060303,0.01449275362318836,0.6410991549491882,1.3225034475326538,-6.315803050994873
186,6.199999809265137,1.0,0.0,0.0,0.0,0.0,1,1,0,1.614929437637329,1.544952154159546,0.01449275362318836,0.6335941553115845,1.312555193901062,-7.03258752822876
187,6.233333110809326,1.0,0.0,0.0,0.0,0.0,1,1,0,1.599297285079956,1.5305931568145752,0.01449275362318836,0.62381511926651,1.3026478290557861,-7.157583713531494
188,6.266666889190674,1.0,0.0,0.0,0.0,0.0,1,1,0,1.583727240562439,1.5152897834777832,0.01449275362318836,0.5952250957489014,1.2919247150421143,-6.2320122718811035
189,6.300000190734863,1.0,0.0,0.0,0.0,0.0,1,1,0,1.5682284832000732,1.5004284381866455,0.01449275362318836,0.6134766936302185,1.2814600467681885,-6.750919818878174
190,6.333333492279053,1.0,0.0,0.0,0.0,0.0,1,1,0,1.5528206825256348,1.4839942455291748,0.01449275362318836,0.6463640928268433,1.270114541053772,-6.601677894592285
191,6.366666793823242,1.0,0.0,0.0,0.0,0.0,1,1,0,1.5375888347625732,1.4702552556991577,0.01449275362318836,0.5537433624267578,1.2604867219924927,-6.608011722564697
192,6.400000095367432,1.0,0.0,0.0,0.0,0.0,1,1,0,1.5226414203643799,1.456439733505249,0.010869565217391353,0.5987993478775024,1.250933051109314,-5.325274467468262
193,6.433333396911621,1.0,0.0,0.0,0.0,0.0,1,1,0,1.5077316761016846,1.4412729740142822,0.010869565217391353,0.5627712607383728,1.2403221130371094,-5.527349472045898
194,6.4666666984558105,1.0,0.0,0.0,0.0,0.0,1,1,0,1.4931179285049438,1.4284179210662842,0.010869565217391353,0.8783923387527466,1.2314032316207886,-5.662990570068359
195,6.5,1.0,0.0,0.0,0.0,0.0,1,1,0,1.4786419868469238,1.4147768020629883,0.010869565217391353,0.8286839127540588,1.221907615661621,-5.597869873046875
196,6.5333333015441895,1.0,0.0,0.0,0.0,0.0,1,1,0,1.464229941368103,1.4008314609527588,0.010869565217391353,0.8563956618309021,1.2122211456298828,-5.152361869812012
197,6.566666603088379,1.0,0.0,0.0,0.0,0.0,1,1,0,1.4499132633209229,1.3874262571334839,0.007246376811594235,0.8480247259140015,1.202962875366211,-6.32196569442749
198,6.599999904632568,1.0,0.0,0.0,0.0,0.0,1,1,0,1.4356492757797241,1.3726491928100586,0.007246376811594235,0.7569387555122375,1.192624807357788,-6.788323879241943
199,6.633333206176758,1.0,0.0,0.0,0.0,0.0,1,1,0,1.4215285778045654,1.3592215776443481,0.0,0.6741506457328796,1.1831716299057007,-7.167988300323486
200,6.666666507720947,1.0,0.0,0.0,0.0,0.0,1,1,0,1.40769624710083,1.3456716537475586,0.0,0.749994158744812,1.173807144165039,-6.37536096572876
201,6.699999809265137,1.0,0.0,0.0,0.0,0.0,1,1,0,1.3939613103866577,1.3329060077667236,0.0,0.8126891851425171,1.1649714708328247,-5.96659517288208
202,6.733333110809326,1.0,0.0,0.0,0.0,0.0,1,1,0,1.380295753479004,1.3197839260101318,0.0,0.6722333431243896,1.1559224128723145,-6.191059112548828
203,6.766666889190674,1.0,0.0,0.0,0.0,0.0,1,1,0,1.3669246435165405,1.3075616359710693,0.0,0.5820133090019226,1.1471641063690186,-7.183488368988037
204,6.800000190734863,1.0,0.0,0.0,0.0,0.0,1,1,0,1.35358464717865,1.2950183153152466,0.0,0.6840807199478149,1.138267159461975,-6.246910095214844
205,6.833333492279053,1.0,0.0,0.0,0.0,0.0,1,1,0,1.3403781652450562,1.2827119827270508,0.0,0.7175235748291016,1.1297729015350342,-6.999392509460449
206,6.866666793823242,1.0,0.0,0.0,0.0,0.0,1,1,0,1.3273345232009888,1.2703946828842163,0.0,0.7304416298866272,1.121082067489624,-7.122287750244141
207,6.900000095367432,1.0,0.0,0.0,0.0,0.0,1,1,0,1.314319372177124,1.257274866104126,0.0,0.7150327563285828,1.1119554042816162,-7.922338008880615
208,6.933333396911621,1.0,0.0,0.0,0.0,0.0,1,1,0,1.3015862703323364,1.245317816734314,0.0,0.9429786205291748,1.1034762859344482,-7.5191802978515625
209,6.9666666984558105,1.0,0.0,0.0,0.0,0.0,1,1,0,1.2890217304229736,1.2335762977600098,0.0,0.905670702457428,1.095197319984436,-7.516350269317627
210,7.0,1.0,0.0,0.0,0.0,0.0,1,1,0,1.2766189575195312,1.2216434478759766,0.0,0.9011321067810059,1.0867409706115723,-7.932098865509033
211,7.0333333015441895,1.0,0.0,0.0,0.0,0.0,1,1,0,1.2698947191238403,1.265663743019104,0.0,0.9651035070419312,1.0785366296768188,-8.188645362854004
212,7.066666603088379,1.0,0.0,0.0,0.0,0.0,1,1,0,1.257794737815857,1.1987848281860352,0.0,0.9380939602851868,1.0706088542938232,-8.173310279846191
213,7.099999904632568,1.0,0.0,0.0,0.0,0.0,1,1,0,1.2458133697509766,1.187747836112976,0.0,0.8780099153518677,1.0627883672714233,-8.799668312072754
214,7.133333206176758,1.0,0.0,0.0,0.0,0.0,1,1,0,1.2339251041412354,1.1761361360549927,0.0,0.8707417845726013,1.0546774864196777,-10.04091739654541
215,7.166666507720947,1.0,0.0,0.0,0.0,0.0,1,1,0,1.223711609840393,1.1805768013000488,0.0,0.9375700354576111,1.046816349029541,-9.937948226928711
216,7.199999809265137,1.0,0.0,0.0,0.0,0.0,1,1,0,1.212127685546875,1.1545549631118774,0.0,0.8427687287330627,1.039525032043457,-9.830946922302246
217,7.233333110809326,1.0,0.0,0.0,0.0,0.0,1,1,0,1.2006586790084839,1.142585039138794,0.0,0.8351475596427917,1.0310052633285522,-9.092942237854004
218,7.266666889190674,1.0,0.0,0.0,0.0,0.0,1,1,0,1.2006586790084839,1.3135491609573364,0.0,0.9800330400466919,1.023414134979248,-9.541486740112305
219,7.300000190734863,1.0,0.0,0.0,0.0,0.0,1,1,0,1.198561668395996,1.1443747282028198,0.0,0.9257830381393433,1.0160630941390991,-10.05001163482666
220,7.333333492279053,1.0,0.0,0.0,0.0,0.0,1,1,0,1.193638563156128,1.1724117994308472,0.0,0.9348324537277222,1.0082181692123413,-9.653736114501953
221,7.366666793823242,1.0,0.0,0.0,0.0,0.0,1,1,0,1.1770410537719727,1.0996891260147095,0.0,0.8631888628005981,1.0005426406860352,-9.276651382446289
222,7.400000095367432,1.0,0.0,0.0,0.0,0.0,1,1,0,1.1661485433578491,1.089860200881958,0.0,0.8329755067825317,0.9935657382011414,-9.295042037963867
223,7.433333396911621,1.0,0.0,0.0,0.0,0.0,1,1,0,1.1553475856781006,1.0797373056411743,0.0,0.7873993515968323,0.9863622188568115,-8.907217025756836
224,7.4666666984558105,1.0,0.0,0.0,0.0,0.0,1,1,0,1.144697904586792,1.0696403980255127,0.0,0.8850550055503845,0.9791035056114197,-9.951416969299316
225,7.5,1.0,0.0,0.0,0.0,0.0,1,1,0,1.1325523853302002,1.0591216087341309,0.0,0.8814379572868347,0.9715960621833801,-8.677176475524902
226,7.5333333015441895,1.0,0.0,0.0,0.0,0.0,1,1,0,1.1220647096633911,1.0496774911880493,0.0,0.8673498630523682,0.9647312164306641,-9.237309455871582
227,7.566666603088379,1.0,0.0,0.0,0.0,0.0,1,1,0,1.1118261814117432,1.0402004718780518,0.0,0.8745591044425964,0.9580417275428772,-8.943565368652344
228,7.599999904632568,1.0,0.0,0.0,0.0,0.0,1,1,0,1.0834933519363403,1.0302200317382812,0.0,0.8498867750167847,0.9510622024536133,-9.01259994506836
229,7.633333206176758,1.0,0.0,0.0,0.0,0.0,1,1,0,1.0711350440979004,1.02079176902771,0.0,0.8119516372680664,0.9442195892333984,-8.475473403930664
230,7.666666507720947,1.0,0.0,0.0,0.0,0.0,1,1,0,1.0594696998596191,1.0557582378387451,0.0,0.897049069404602,0.9376662969589233,-9.982991218566895
231,7.699999809265137,1.0,0.0,0.0,0.0,0.0,1,1,0,1.049767017364502,1.0026624202728271,0.0,0.8697320222854614,0.9313781261444092,-10.024445533752441
232,7.733333110809326,1.0,0.0,0.0,0.0,0.0,1,1,0,1.040095329284668,0.9931432008743286,0.0,0.8312209844589233,0.9245824217796326,-11.2162446975708
233,7.766666889190674,1.0,0.0,0.0,0.0,0.0,1,1,0,1.0316600799560547,0.9953854084014893,0.0,0.877181887626648,0.9177539348602295,-10.881171226501465
234,7.800000190734863,1.0,0.0,0.0,0.0,0.0,1,1,0,1.0316600799560547,1.1289386749267578,0.0,0.9207326769828796,0.911462128162384,-11.521785736083984
235,7.833333492279053,1.0,0.0,0.0,0.0,0.0,1,1,0,1.0283337831497192,0.9665603637695312,0.0,0.8390113711357117,0.9053694605827332,-11.178601264953613
236,7.866666793823242,1.0,0.0,0.0,0.0,0.0,1,1,0,1.0191320180892944,0.9576592445373535,0.0,0.8566257953643799,0.8989060521125793,-11.306777954101562
237,7.900000095367432,1.0,0.0,0.0,0.0,0.0,1,1,0,1.0100269317626953,0.9491502642631531,0.0,0.8511016964912415,0.8928796648979187,-10.696907997131348
238,7.933333396911621,1.0,0.0,0.0,0.0,0.0,1,1,0,1.0073354244232178,1.0033042430877686,0.0,0.8797735571861267,0.8866214156150818,-11.592328071594238
239,7.9666666984558105,1.0,0.0,0.0,0.0,0.0,1,1,0,1.0028924942016602,0.9763623476028442,0.0,0.8707901239395142,0.880050778388977,-11.979104042053223
240,8.0,1.0,0.0,0.0,0.0,0.0,1,1,0,1.0028924942016602,1.2616993188858032,0.0,0.963787317276001,0.8738717436790466,-12.075912475585938
241,8.033333778381348,1.0,0.0,0.0,0.0,0.0,1,1,0,1.0028924942016602,1.0526093244552612,0.0,0.896217942237854,0.8682699203491211,-11.540777206420898
242,8.066666603088379,1.0,0.0,0.0,0.0,0.0,1,1,0,1.0028924942016602,1.2207257747650146,0.0,0.9506416320800781,0.862277090549469,-10.869744300842285
243,8.100000381469727,1.0,0.0,0.0,0.0,0.0,1,1,0,1.0028924942016602,0.8998103141784668,0.0,0.8349874019622803,0.8571805357933044,-10.625372886657715
244,8.133333206176758,1.0,0.0,0.0,0.0,0.0,1,1,0,1.0234864950180054,1.0110446214675903,0.0,0.8823557496070862,0.8509625196456909,-9.639347076416016
245,8.166666984558105,1.0,0.0,0.0,0.0,0.0,1,1,0,1.0215692520141602,0.8833276033401489,0.0,0.8058996200561523,0.8452763557434082,-9.645710945129395
246,8.199999809265137,1.0,0.0,0.0,0.0,0.0,1,1,0,1.013358235359192,0.8755483627319336,0.0,0.8341690301895142,0.8395696878433228,-8.867036819458008
247,8.233333587646484,1.0,0.0,0.0,0.0,0.0,1,1,0,1.0079655647277832,0.8952232003211975,0.0,0.8429211974143982,0.8334837555885315,-8.986017227172852
248,8.266666412353516,1.0,0.0,0.0,0.0,0.0,1,1,0,0.9971360564231873,0.8950096368789673,0.0,0.8428444862365723,0.8281323313713074,-9.026928901672363
249,8.300000190734863,1.0,0.0,0.0,0.0,0.0,1,1,0,0.9907328486442566,0.912330150604248,0.0,0.7288103699684143,0.8662334680557251,-8.363138198852539
250,8.333333015441895,1.0,0.0,0.0,0.0,0.0,1,1,0,0.9617053270339966,0.971424400806427,0.0,0.7458736300468445,0.9088580012321472,-8.530747413635254
251,8.366666793823242,1.0,0.0,0.0,0.0,0.0,1,1,0,0.9546279311180115,0.9818352460861206,0.0,0.731057345867157,0.9163561463356018,-7.565295696258545
252,8.399999618530273,1.0,0.0,0.0,0.0,0.0,1,1,0,0.9308361411094666,0.9828076362609863,0.0,0.7652682662010193,0.9170669317245483,-7.858321189880371
253,8.433333396911621,1.0,0.0,0.0,0.0,0.0,1,1,0,0.9308361411094666,0.9794665575027466,0.0,0.7561320662498474,0.9146400690078735,-6.59481143951416
254,8.466666221618652,1.0,0.0,0.0,0.0,0.0,1,1,0,0.9308361411094666,1.6081833839416504,0.0,0.6961690783500671,1.3563247919082642,-6.9016900062561035
255,8.5,1.0,0.0,0.0,0.0,0.0,1,1,0,0.9308361411094666,1.592012882232666,0.0,0.7111924886703491,1.34514582157135,-6.3914055824279785
256,8.533333778381348,1.0,0.0,0.0,0.0,0.0,1,1,0,0.9308361411094666,1.5762593746185303,0.0,0.7689660787582397,1.33411705493927,-5.790044784545898
257,8.566666603088379,1.0,0.0,0.0,0.0,0.0,1,1,0,0.9388017654418945,1.561375617980957,0.0,0.8064654469490051,1.323775053024292,-5.077371597290039
258,8.600000381469727,1.0,0.0,0.0,0.0,0.0,1,1,0,0.9985156059265137,1.5468244552612305,0.0,0.7493717670440674,1.313860297203064,-5.69087028503418
259,8.633333206176758,1.0,0.0,0.0,0.0,0.0,1,1,0,1.0693840980529785,1.6948732137680054,0.0,0.8029658198356628,1.4160456657409668,-4.818629264831543
260,8.666666984558105,1.0,0.0,0.0,0.0,0.0,1,1,0,1.1394551992416382,1.734987735748291,0.0,0.7279449701309204,1.443219542503357,-5.518203258514404
261,8.699999809265137,1.0,0.0,0.0,0.0,0.0,1,1,0,1.2060705423355103,1.732813835144043,0.0,0.7339892983436584,1.441754937171936,-5.003911972045898
262,8.733333587646484,1.0,0.0,0.0,0.0,0.0,1,1,0,1.271251916885376,1.7970020771026611,0.0,0.8054164052009583,1.485632061958313,-5.356678009033203
263,8.766666412353516,1.0,0.0,0.0,0.0,0.0,1,1,0,1.3495062589645386,1.8331637382507324,0.0,0.7514577507972717,1.510354995727539,-5.3624958992004395
264,8.800000190734863,1.0,0.0,0.0,0.0,0.0,1,1,0,1.4258625507354736,1.8828113079071045,0.0,0.7775779962539673,1.5442252159118652,-5.112851142883301
265,8.833333015441895,1.0,0.0,0.0,0.0,0.0,1,1,0,1.5009604692459106,1.9523817300796509,0.010869565217391353,0.7845880389213562,1.5919795036315918,-4.812399387359619
266,8.866666793823242,1.0,0.0,0.0,0.0,0.0,1,1,0,1.582379937171936,2.001371145248413,0.01449275362318836,0.7245255708694458,1.6254740953445435,-5.185353755950928
267,8.899999618530273,1.0,0.0,0.0,0.0,0.0,1,1,0,1.6677496433258057,1.6733214855194092,0.01449275362318836,0.7538448572158813,1.401259422302246,-4.69448184967041
268,8.933333396911621,1.0,0.0,0.0,0.0,0.0,1,1,0,1.6952123641967773,1.4025073051452637,0.01449275362318836,0.7621493935585022,1.2133554220199585,-5.510380744934082
269,8.966666221618652,1.0,0.0,0.0,0.0,0.0,1,1,0,1.7312493324279785,1.3893163204193115,0.025362318840579712,0.7925825715065002,1.2042181491851807,-5.125458240509033
270,9.0,1.0,0.0,0.0,0.0,0.0,1,1,0,1.739967703819275,4.11142635345459,0.02898550724637683,0.8916759490966797,3.0403199195861816,-4.472882270812988
271,9.033333778381348,1.0,0.0,0.0,0.0,0.0,1,1,0,1.739967703819275,4.067980766296387,0.02898550724637683,0.8563181161880493,3.011463165283203,-3.990727663040161
272,9.066666603088379,1.0,0.0,0.0,0.0,0.0,1,1,0,1.739967703819275,4.036085605621338,0.02898550724637683,0.8017889261245728,2.990273952484131,-3.812709331512451
273,9.100000381469727,1.0,0.0,0.0,0.0,0.0,1,1,0,1.739967703819275,3.993070363998413,0.02898550724637683,0.808954119682312,2.9616916179656982,-3.4415903091430664
274,9.133333206176758,1.0,0.0,0.0,0.0,0.0,1,1,0,1.9776115417480469,3.9556612968444824,0.07608695652173914,0.7859818339347839,2.9361770153045654,-3.331665515899658
275,9.166666984558105,1.0,0.0,0.0,0.0,0.0,1,1,0,2.2111282348632812,3.910127639770508,0.14492753623188404,0.8242106437683105,2.9059529304504395,-3.157898187637329
276,9.199999809265137,1.0,0.0,0.0,0.0,0.0,1,1,0,2.4350366592407227,3.8718748092651367,0.23550724637681164,0.8387559056282043,2.8799819946289062,-3.6135377883911133
277,9.233333587646484,1.0,0.0,0.0,0.0,0.0,1,1,0,2.651027202606201,3.822795867919922,0.35144927536231885,0.8590430617332458,2.846897840499878,-3.930737018585205
278,9.266666412353516,1.0,0.0,0.0,0.0,0.0,1,1,0,2.8583121299743652,3.786184072494507,0.5,0.8290038108825684,2.8221333026885986,-3.4455747604370117
279,9.300000190734863,1.0,0.0,0.0,0.0,0.0,1,1,0,3.054086923599243,3.7436678409576416,0.605072463768116,0.8791314363479614,2.7939791679382324,-4.300866603851318
280,9.333333015441895,1.0,0.0,0.0,0.0,0.0,1,1,0,3.2411372661590576,3.7131693363189697,0.6557971014492754,0.7758422493934631,2.7728796005249023,-4.686243534088135
281,9.366666793823242,1.0,0.0,0.0,0.0,0.0,1,1,0,3.456084728240967,3.6763100624084473,0.7391304347826086,0.7856820225715637,2.7485039234161377,-4.662392616271973
282,9.399999618530273,1.0,0.0,0.0,0.0,0.0,1,1,0,3.6944522857666016,3.6402134895324707,0.822463768115942,0.7613908648490906,2.7246220111846924,-4.068516731262207
283,9.433333396911621,1.0,0.0,0.0,0.0,0.0,1,1,0,3.773294687271118,3.612942695617676,0.8405797101449275,0.8054320216178894,2.7065727710723877,-4.206776142120361
284,9.466666221618652,1.0,0.0,0.0,0.0,0.0,1,1,0,3.7355740070343018,3.5784549713134766,0.8333333333333334,0.7591448426246643,2.6833748817443848,-4.983687877655029
285,9.5,1.0,0.0,0.0,0.0,0.0,1,1,0,3.6990790367126465,3.545177936553955,0.8260869565217391,0.6989283561706543,2.661353588104248,-5.159315586090088
286,9.533333778381348,1.0,0.0,0.0,0.0,0.0,1,1,0,3.6632933616638184,3.514017105102539,0.8152173913043479,0.6955785155296326,2.640395402908325,-4.448310852050781
287,9.566666603088379,0.27034449577331543,0.7296555042266846,0.0,0.0,0.0,1,1,0,3.628589391708374,3.475757122039795,0.8079710144927537,0.6624208688735962,2.6147658824920654,-4.473581790924072
288,9.600000381469727,0.2078394889831543,0.7921605110168457,0.0,0.0,0.0,2,2,0,3.5937108993530273,3.437399387359619,0.8043478260869565,0.6435776352882385,2.5888030529022217,-4.749148368835449
289,9.633333206176758,0.13400530815124512,0.8659946918487549,0.0,0.0,0.0,2,2,0,3.559001922607422,3.3965768814086914,0.786231884057971,0.6316961050033569,2.561544179916382,-4.981410503387451
290,9.666666984558105,0.11257326602935791,0.8874267339706421,0.0,0.0,0.0,2,2,0,3.524251699447632,3.365666389465332,0.7681159420289855,0.6548154354095459,2.5411157608032227,-4.585111141204834
291,9.699999809265137,0.09072917699813843,0.9092708230018616,0.0,0.0,0.0,2,2,0,3.4901223182678223,3.3350179195404053,0.7536231884057971,0.6930123567581177,2.520602226257324,-4.770979881286621
292,9.733333587646484,0.09072917699813843,0.9092708230018616,0.0,0.0,0.0,2,2,0,3.4566757678985596,3.3057470321655273,0.7391304347826086,0.6639435887336731,2.501013994216919,-4.9689860343933105
293,9.766666412353516,0.09072917699813843,0.9092708230018616,0.0,0.0,0.0,2,2,0,3.423050880432129,3.2766952514648438,0.7282608695652174,0.6848388910293579,2.4818129539489746,-4.526238441467285
294,9.800000190734863,0.09072917699813843,0.9092708230018616,0.0,0.0,0.0,2,2,0,3.3895318508148193,3.2432632446289062,0.7101449275362319,0.6915261745452881,2.4594907760620117,-4.582695007324219
295,9.833333015441895,0.09072917699813843,0.9092708230018616,0.0,0.0,0.0,2,2,0,3.3557541370391846,3.2074007987976074,0.7065217391304348,0.715328574180603,2.435368776321411,-4.382597923278809
296,9.866666793823242,0.09072917699813843,0.9092708230018616,0.0,0.0,0.0,2,2,0,3.3222577571868896,3.1790528297424316,0.6811594202898551,0.7180492281913757,2.4164395332336426,-4.760445594787598
297,9.899999618530273,0.09072917699813843,0.9092708230018616,0.0,0.0,0.0,2,2,0,3.3222577571868896,8.187931060791016,0.6811594202898551,0.7080389857292175,5.458621025085449,-5.411050319671631
298,9.933333396911621,0.09072917699813843,0.9092708230018616,0.0,0.0,0.0,2,2,0,3.3222577571868896,8.187931060791016,0.6811594202898551,0.6921229362487793,5.458621025085449,-5.579105854034424
299,9.966666221618652,0.09072917699813843,0.9092708230018616,0.0,0.0,0.0,2,2,0,3.3222577571868896,8.187931060791016,0.6811594202898551,0.7187048196792603,5.458621025085449,-5.8791327476501465
300,10.0,0.09072917699813843,0.9092708230018616,0.0,0.0,0.0,2,2,0,3.3222577571868896,8.187931060791016,0.6811594202898551,0.6965335607528687,5.458621025085449,-6.17209005355835
301,10.033333778381348,0.09072917699813843,0.9092708230018616,0.0,0.0,0.0,2,2,0,3.7934751510620117,7.472249984741211,0.8405797101449275,0.7062715888023376,5.157591342926025,-6.272432804107666
302,10.066666603088379,0.09072917699813843,0.9092708230018616,0.0,0.0,0.0,2,2,0,4.268528461456299,7.472249984741211,0.9094202898550725,0.7208518981933594,5.157591342926025,-6.208834171295166
303,10.100000381469727,0.09072917699813843,0.9092708230018616,0.0,0.0,0.0,2,0,1,4.747663497924805,7.472249984741211,0.9528985507246377,0.7130314707756042,5.157591342926025,-6.009883880615234
304,10.133333206176758,0.09072917699813843,0.9092708230018616,0.0,0.0,0.0,2,0,1,5.2298903465271,7.472249984741211,0.9710144927536232,0.6473955512046814,5.157591342926025,-6.478822231292725
305,10.166666984558105,0.09072917699813843,0.9092708230018616,0.0,0.0,0.0,2,0,1,5.643613338470459,7.472249984741211,0.9855072463768116,0.6353960037231445,5.157591342926025,-6.758182525634766
306,10.199999809265137,0.09072917699813843,0.9092708230018616,0.0,0.0,0.0,2,0,1,6.060263633728027,7.472249984741211,0.9855072463768116,0.6942880153656006,5.157591342926025,-7.461122512817383
307,10.233333587646484,0.09072917699813843,0.9092708230018616,0.0,0.0,0.0,2,0,1,6.479819297790527,7.139476776123047,0.9891304347826086,0.6391268968582153,4.981500148773193,-7.907090663909912
308,10.266666412353516,0.09072917699813843,0.9092708230018616,0.0,0.0,0.0,2,0,1,6.902717590332031,7.139476776123047,0.9891304347826086,0.6530006527900696,4.981500148773193,-8.863112449645996
309,10.300000190734863,0.09072917699813843,0.9092708230018616,0.0,0.0,0.0,2,0,1,7.329202651977539,7.139476776123047,0.9927536231884058,0.6716923713684082,4.981500148773193,-9.60429573059082
310,10.333333015441895,0.09072917699813843,0.9092708230018616,0.0,0.0,0.0,2,0,1,7.317221641540527,6.920284271240234,0.9927536231884058,0.5920596122741699,4.856561183929443,-10.203987121582031
311,10.366666793823242,0.09072917699813843,0.9092708230018616,0.0,0.0,0.0,2,0,1,7.262024879455566,6.920284271240234,0.9927536231884058,0.564231276512146,4.856561183929443,-10.232571601867676
312,10.399999618530273,0.09072917699813843,0.9092708230018616,0.0,0.0,0.0,2,0,1,7.2068281173706055,6.920284271240234,0.9927536231884058,0.5469143986701965,4.856561183929443,-10.735740661621094
313,10.433333396911621,0.09072917699813843,0.9092708230018616,0.0,0.0,0.0,2,0,1,7.135260105133057,6.75656795501709,0.9927536231884058,0.5424343347549438,4.759651184082031,-11.669852256774902
314,10.466666221618652,0.09072917699813843,0.9092708230018616,0.0,0.0,0.0,2,0,1,7.050619602203369,6.625843048095703,0.9891304347826086,0.5564419031143188,4.680469989776611,-11.686566352844238
315,10.5,0.09072917699813843,0.9092708230018616,0.0,0.0,0.0,2,0,1,6.945774078369141,6.423794746398926,0.9891304347826086,0.5173579454421997,4.555531024932861,-12.339229583740234
316,10.533333778381348,0.09072917699813843,0.9092708230018616,0.0,0.0,0.0,2,0,1,6.840928554534912,6.423794746398926,0.9891304347826086,0.5915127396583557,4.555531024932861,-12.2872314453125
317,10.566666603088379,0.09072917699813843,0.9092708230018616,0.0,0.0,0.0,2,0,1,6.76120662689209,6.342258453369141,0.9891304347826086,0.5815319418907166,4.504378795623779,-12.210016250610352
318,10.600000381469727,0.09072917699813843,0.9092708230018616,0.0,0.0,0.0,2,0,1,6.66771936416626,6.20460319519043,0.9891304347826086,0.5371516346931458,4.417228698730469,-11.704445838928223
319,10.633333206176758,0.09072917699813843,0.9092708230018616,0.0,0.0,0.0,2,0,1,6.5742316246032715,6.20460319519043,0.9891304347826086,0.5196048617362976,4.417228698730469,-11.71218490600586
320,10.666666984558105,0.09072917699813843,0.9092708230018616,0.0,0.0,0.0,2,0,1,6.502663612365723,6.20460319519043,0.9891304347826086,0.583573043346405,4.417228698730469,-11.756982803344727
321,10.699999809265137,0.09072917699813843,0.9092708230018616,0.0,0.0,0.0,2,0,1,6.410068511962891,5.994334697723389,0.9855072463768116,0.6194813251495361,4.282529830932617,-11.87813663482666
322,10.733333587646484,0.09072917699813843,0.9092708230018616,0.0,0.0,0.0,2,0,1,6.313129425048828,5.9508891105651855,0.9855072463768116,0.6885119676589966,4.2545013427734375,-12.106748580932617
323,10.766666412353516,0.09072917699813843,0.9092708230018616,0.0,0.0,0.0,2,0,1,6.228488445281982,5.910161018371582,0.9855072463768116,0.6276018023490906,4.228172302246094,-12.105185508728027
324,10.800000190734863,0.09072917699813843,0.9092708230018616,0.0,0.0,0.0,2,0,1,6.14277982711792,5.768755912780762,0.9855072463768116,0.6832892894744873,4.136402130126953,-12.943769454956055
325,10.833333015441895,0.09072917699813843,0.9092708230018616,0.0,0.0,0.0,2,0,1,6.065664291381836,5.652637958526611,0.9855072463768116,0.6609507203102112,4.060681343078613,-13.099282264709473
326,10.866666793823242,0.09072917699813843,0.9092708230018616,0.0,0.0,0.0,2,0,1,5.98102331161499,5.577387809753418,0.9855072463768116,0.6737418174743652,4.011463165283203,-13.642590522766113
327,10.899999618530273,0.09072917699813843,0.9092708230018616,0.0,0.0,0.0,2,0,1,5.895689964294434,5.488921165466309,0.9855072463768116,0.7072770595550537,3.9534711837768555,-14.153483390808105
328,10.933333396911621,0.09072917699813843,0.9092708230018616,0.0,0.0,0.0,2,0,1,5.824121475219727,5.488921165466309,0.9855072463768116,0.7621021866798401,3.9534711837768555,-14.809891700744629
329,10.966666221618652,0.09072917699813843,0.9092708230018616,0.0,0.0,0.0,2,0,1,5.7485432624816895,5.448819637298584,0.9855072463768116,0.8063681125640869,3.927142381668091,-15.53523063659668
330,11.0,0.09072917699813843,0.9092708230018616,0.0,0.0,0.0,2,0,1,5.667377471923828,5.392947196960449,0.9855072463768116,0.7426789999008179,3.8904194831848145,-14.764147758483887
331,11.033333778381348,0.09072917699813843,0.9092708230018616,0.0,0.0,0.0,2,0,1,5.600464344024658,5.325204372406006,0.9855072463768116,0.593724250793457,3.845837354660034,-13.804008483886719
332,11.066666603088379,0.09072917699813843,0.9092708230018616,0.0,0.0,0.0,2,0,1,5.530312538146973,5.2493696212768555,0.9855072463768116,0.5639496445655823,3.795863389968872,-13.634233474731445
333,11.100000381469727,0.09072917699813843,0.9092708230018616,0.0,0.0,0.0,2,0,1,5.457441329956055,5.181449890136719,0.9818840579710145,0.618953287601471,3.7510509490966797,-14.527738571166992
334,11.133333206176758,0.09072917699813843,0.9092708230018616,0.0,0.0,0.0,2,0,1,5.394951343536377,5.143856048583984,0.9782608695652174,0.7294498682022095,3.7262275218963623,-15.069183349609375
335,11.166666984558105,0.09072917699813843,0.9092708230018616,0.0,0.0,0.0,2,0,1,5.336062908172607,5.063754081726074,0.9782608695652174,0.6644898653030396,3.6732914447784424,-14.338031768798828
336,11.199999809265137,0.09072917699813843,0.9092708230018616,0.0,0.0,0.0,2,0,1,5.282580852508545,5.042566776275635,0.9782608695652174,0.7204082608222961,3.659280776977539,-14.67775821685791
337,11.233333587646484,0.09072917699813843,0.9092708230018616,0.0,0.0,0.0,2,0,1,5.2339043617248535,5.002154350280762,0.9710144927536232,0.8255875110626221,3.6325464248657227,-15.952235221862793
338,11.266666412353516,0.09072917699813843,0.9092708230018616,0.0,0.0,0.0,2,0,1,5.1823530197143555,4.973409652709961,0.9710144927536232,0.7303900718688965,3.613523244857788,-15.6029052734375
339,11.300000190734863,0.09072917699813843,0.9092708230018616,0.0,0.0,0.0,2,0,1,5.13028621673584,4.928152561187744,0.967391304347826,0.5539621114730835,3.583559989929199,-14.693467140197754
340,11.333333015441895,0.09072917699813843,0.9092708230018616,0.0,0.0,0.0,2,0,1,5.13028621673584,8.187931060791016,0.967391304347826,0.7250009179115295,5.458621025085449,-15.525918960571289
341,11.366666793823242,0.09072917699813843,0.9092708230018616,0.0,0.0,0.0,2,0,1,5.13028621673584,8.187931060791016,0.967391304347826,0.6951256990432739,5.458621025085449,-15.702753067016602
342,11.399999618530273,0.09072917699813843,0.9092708230018616,0.0,0.0,0.0,2,0,1,5.13028621673584,8.187931060791016,0.967391304347826,0.6191502213478088,5.458621025085449,-14.790924072265625
343,11.433333396911621,0.09072917699813843,0.9092708230018616,0.0,0.0,0.0,2,0,1,5.13028621673584,8.187931060791016,0.967391304347826,0.5797125697135925,5.458621025085449,-14.754465103149414
344,11.466666221618652,0.09072917699813843,0.9092708230018616,0.0,0.0,0.0,2,0,1,5.40978479385376,8.187931060791016,0.9782608695652174,0.6053649187088013,5.458621025085449,-14.909026145935059
345,11.5,0.09072917699813843,0.9092708230018616,0.0,0.0,0.0,2,0,1,5.696057319641113,8.187931060791016,0.9855072463768116,0.618466317653656,5.458621025085449,-14.960987091064453
346,11.533333778381348,0.09072917699813843,0.9092708230018616,0.0,0.0,0.0,2,0,1,5.989913463592529,8.187931060791016,0.9855072463768116,0.5964223742485046,5.458621025085449,-13.517133712768555
347,11.566666603088379,0.09072917699813843,0.9092708230018616,0.0,0.0,0.0,2,0,1,6.290561676025391,8.187931060791016,0.9855072463768116,0.738183856010437,5.458621025085449,-13.624885559082031
348,11.600000381469727,0.09072917699813843,0.9092708230018616,0.0,0.0,0.0,2,0,1,6.594969272613525,8.187931060791016,0.9891304347826086,0.7622637748718262,5.458621025085449,-13.445295333862305
349,11.633333206176758,0.09072917699813843,0.9092708230018616,0.0,0.0,0.0,2,0,1,6.907386779785156,8.187931060791016,0.9891304347826086,0.7087487578392029,5.458621025085449,-13.074934959411621
350,11.666666984558105,0.09072917699813843,0.9092708230018616,0.0,0.0,0.0,2,0,1,7.221923351287842,8.187931060791016,0.9927536231884058,0.6755969524383545,5.458621025085449,-13.263906478881836
351,11.699999809265137,0.09072917699813843,0.9092708230018616,0.0,0.0,0.0,2,0,1,7.540501117706299,8.187931060791016,0.9927536231884058,0.7884597182273865,5.458621025085449,-12.819437026977539
352,11.733333587646484,0.09072917699813843,0.9092708230018616,0.0,0.0,0.0,2,0,1,7.861953258514404,8.187931060791016,0.9927536231884058,0.7260045409202576,5.458621025085449,-11.897615432739258
353,11.766666412353516,0.09072917699813843,0.9092708230018616,0.0,0.0,0.0,2,0,1,8.187931060791016,8.187931060791016,0.9963768115942029,0.7475628852844238,5.458621025085449,-12.473448753356934
354,11.800000190734863,0.09072917699813843,0.9092708230018616,0.0,0.0,0.0,2,0,1,8.187931060791016,8.187931060791016,0.9963768115942029,0.7331394553184509,5.458621025085449,-12.228309631347656
355,11.833333015441895,0.09072917699813843,0.9092708230018616,0.0,0.0,0.0,2,0,1,8.187931060791016,8.187931060791016,0.9963768115942029,0.6522948741912842,5.458621025085449,-12.970112800598145
356,11.866666793823242,0.09072917699813843,0.9092708230018616,0.0,0.0,0.0,2,0,1,8.187931060791016,8.187931060791016,0.9963768115942029,0.5830358862876892,5.458621025085449,-13.835156440734863
357,11.899999618530273,0.09072917699813843,0.9092708230018616,0.0,0.0,0.0,2,0,1,8.187931060791016,8.187931060791016,0.9963768115942029,0.5504453182220459,5.458621025085449,-13.86307144165039
358,11.933333396911621,0.09072917699813843,0.9092708230018616,0.0,0.0,0.0,2,0,1,8.187931060791016,8.187931060791016,0.9963768115942029,0.6542379260063171,5.458621025085449,-13.26662540435791
359,11.966666221618652,0.09072917699813843,0.9092708230018616,0.0,0.0,0.0,2,0,1,8.187931060791016,8.187931060791016,0.9963768115942029,0.7080436944961548,5.458621025085449,-13.656903266906738
360,12.0,0.09072917699813843,0.9092708230018616,0.0,0.0,0.0,2,0,1,8.187931060791016,8.187931060791016,0.9963768115942029,0.7433732151985168,5.458621025085449,-12.988481521606445
361,12.033333778381348,0.09072917699813843,0.9092708230018616,0.0,0.0,0.0,2,0,1,8.187931060791016,8.187931060791016,0.9963768115942029,0.760738730430603,5.458621025085449,-12.835102081298828
362,12.066666603088379,0.09072917699813843,0.9092708230018616,0.0,0.0,0.0,2,0,1,8.187931060791016,8.187931060791016,0.9963768115942029,0.7089357972145081,5.458621025085449,-12.788477897644043
363,12.100000381469727,0.09072917699813843,0.9092708230018616,0.0,0.0,0.0,2,0,1,8.187931060791016,8.187931060791016,0.9963768115942029,0.6427302956581116,5.458621025085449,-12.19882583618164
364,12.133333206176758,0.09072917699813843,0.9092708230018616,0.0,0.0,0.0,2,0,1,8.187931060791016,8.187931060791016,0.9963768115942029,0.6493276357650757,5.458621025085449,-11.885765075683594
365,12.166666984558105,0.09072917699813843,0.9092708230018616,0.0,0.0,0.0,2,0,1,8.116362571716309,7.472249984741211,0.9963768115942029,0.7042984366416931,5.157591342926025,-10.478384017944336
366,12.199999809265137,0.09072917699813843,0.9092708230018616,0.0,0.0,0.0,2,0,1,8.116362571716309,8.187931060791016,0.9963768115942029,0.7322865724563599,5.458621025085449,-10.269774436950684
367,12.233333587646484,0.09072917699813843,0.9092708230018616,0.0,0.0,0.0,2,0,1,8.116362571716309,8.187931060791016,0.9963768115942029,0.6999234557151794,5.458621025085449,-9.864714622497559
368,12.266666412353516,0.09072917699813843,0.9092708230018616,0.0,0.0,0.0,2,0,1,8.116362571716309,8.187931060791016,0.9963768115942029,0.6988341808319092,5.458621025085449,-9.846327781677246
369,12.300000190734863,0.09072917699813843,0.9092708230018616,0.0,0.0,0.0,2,0,1,8.116362571716309,8.187931060791016,0.9963768115942029,0.6733059287071228,5.458621025085449,-10.342257499694824
370,12.333333015441895,0.09072917699813843,0.9092708230018616,0.0,0.0,0.0,2,0,1,8.116362571716309,8.187931060791016,0.9963768115942029,0.699089765548706,5.458621025085449,-11.949629783630371
371,12.366666793823242,0.09072917699813843,0.9092708230018616,0.0,0.0,0.0,2,0,1,8.116362571716309,8.187931060791016,0.9963768115942029,0.752234160900116,5.458621025085449,-12.077105522155762
372,12.399999618530273,0.09072917699813843,0.9092708230018616,0.0,0.0,0.0,2,0,1,8.116362571716309,8.187931060791016,0.9963768115942029,0.7350704669952393,5.458621025085449,-11.888319969177246
373,12.433333396911621,0.09072917699813843,0.9092708230018616,0.0,0.0,0.0,2,0,1,8.116362571716309,8.187931060791016,0.9963768115942029,0.6857366561889648,5.458621025085449,-12.85574722290039
374,12.466666221618652,0.09072917699813843,0.9092708230018616,0.0,0.0,0.0,2,0,1,8.116362571716309,8.187931060791016,0.9963768115942029,0.739599883556366,5.458621025085449,-13.150422096252441
375,12.5,0.09072917699813843,0.9092708230018616,0.0,0.0,0.0,2,0,1,8.116362571716309,8.187931060791016,0.9963768115942029,0.7373515963554382,5.458621025085449,-13.268092155456543
376,12.533333778381348,0.09072917699813843,0.9092708230018616,0.0,0.0,0.0,2,0,1,8.116362571716309,8.187931060791016,0.9963768115942029,0.7953885793685913,5.458621025085449,-13.594194412231445
377,12.566666603088379,0.09072917699813843,0.9092708230018616,0.0,0.0,0.0,2,0,1,8.116362571716309,8.187931060791016,0.9963768115942029,0.8560163378715515,5.458621025085449,-14.713724136352539
378,12.600000381469727,0.09072917699813843,0.9092708230018616,0.0,0.0,0.0,2,0,1,8.116362571716309,8.187931060791016,0.9963768115942029,0.8660268187522888,5.458621025085449,-15.189789772033691
379,12.633333206176758,0.09072917699813843,0.9092708230018616,0.0,0.0,0.0,2,0,1,8.187931060791016,8.187931060791016,0.9963768115942029,0.8445524573326111,5.458621025085449,-14.465538024902344
380,12.666666984558105,0.09072917699813843,0.9092708230018616,0.0,0.0,0.0,2,0,1,8.187931060791016,8.187931060791016,0.9963768115942029,0.7293451428413391,5.458621025085449,-13.579951286315918
381,12.699999809265137,0.09072917699813843,0.9092708230018616,0.0,0.0,0.0,2,0,1,8.187931060791016,8.187931060791016,0.9963768115942029,0.8516351580619812,5.458621025085449,-14.143449783325195
382,12.733333587646484,0.09072917699813843,0.9092708230018616,0.0,0.0,0.0,2,0,1,8.187931060791016,8.187931060791016,0.9963768115942029,0.8754578232765198,5.458621025085449,-13.846818923950195
383,12.766666412353516,0.09072917699813843,0.9092708230018616,0.0,0.0,0.0,2,0,1,8.187931060791016,8.187931060791016,0.9963768115942029,0.8926491141319275,5.458621025085449,-12.157715797424316
384,12.800000190734863,0.09072917699813843,0.9092708230018616,0.0,0.0,0.0,2,0,1,8.187931060791016,8.187931060791016,0.9963768115942029,0.7641086578369141,5.458621025085449,-12.185796737670898
385,12.833333015441895,0.09072917699813843,0.9092708230018616,0.0,0.0,0.0,2,0,1,8.187931060791016,8.187931060791016,0.9963768115942029,0.8526278138160706,5.458621025085449,-12.896995544433594
386,12.866666793823242,0.09072917699813843,0.9092708230018616,0.0,0.0,0.0,2,0,1,8.187931060791016,8.187931060791016,0.9963768115942029,0.7593013644218445,5.458621025085449,-13.277634620666504
387,12.899999618530273,0.09072917699813843,0.9092708230018616,0.0,0.0,0.0,2,0,1,8.187931060791016,8.187931060791016,0.9963768115942029,0.7299391627311707,5.458621025085449,-12.416708946228027
388,12.933333396911621,0.09072917699813843,0.9092708230018616,0.0,0.0,0.0,2,0,1,8.187931060791016,8.187931060791016,0.9963768115942029,0.7213943004608154,5.458621025085449,-12.785067558288574
389,12.966666221618652,0.09072917699813843,0.9092708230018616,0.0,0.0,0.0,2,0,1,8.187931060791016,8.187931060791016,0.9963768115942029,0.8094525933265686,5.458621025085449,-12.58254623413086
390,13.0,0.09072917699813843,0.9092708230018616,0.0,0.0,0.0,2,0,1,8.187931060791016,8.187931060791016,0.9963768115942029,0.7988393902778625,5.458621025085449,-12.61262321472168
391,13.033333778381348,0.09072917699813843,0.9092708230018616,0.0,0.0,0.0,2,0,1,8.187931060791016,8.187931060791016,0.9963768115942029,0.7150945663452148,5.458621025085449,-10.151293754577637
392,13.066666603088379,0.09072917699813843,0.9092708230018616,0.0,0.0,0.0,2,0,1,8.187931060791016,8.187931060791016,0.9963768115942029,0.6470006108283997,5.458621025085449,-10.428690910339355
393,13.100000381469727,0.09072917699813843,0.9092708230018616,0.0,0.0,0.0,2,0,1,8.187931060791016,8.187931060791016,0.9963768115942029,0.6710139513015747,5.458621025085449,-9.686870574951172
394,13.133333206176758,0.09072917699813843,0.9092708230018616,0.0,0.0,0.0,2,0,1,8.187931060791016,8.187931060791016,0.9963768115942029,0.6873899102210999,5.458621025085449,-9.978452682495117
395,13.166666984558105,0.09072917699813843,0.9092708230018616,0.0,0.0,0.0,2,0,1,8.187931060791016,8.187931060791016,0.9963768115942029,0.601697564125061,5.458621025085449,-9.822771072387695
396,13.199999809265137,0.09072917699813843,0.9092708230018616,0.0,0.0,0.0,2,0,1,8.187931060791016,8.187931060791016,0.9963768115942029,0.8098264336585999,5.458621025085449,-10.25013542175293
397,13.233333587646484,0.09072917699813843,0.9092708230018616,0.0,0.0,0.0,2,0,1,8.187931060791016,8.187931060791016,0.9963768115942029,0.7448260188102722,5.458621025085449,-10.629788398742676
398,13.266666412353516,0.09072917699813843,0.9092708230018616,0.0,0.0,0.0,2,0,1,8.187931060791016,8.187931060791016,0.9963768115942029,0.7828130722045898,5.458621025085449,-10.327131271362305
399,13.300000190734863,0.09072917699813843,0.9092708230018616,0.0,0.0,0.0,2,0,1,8.187931060791016,8.187931060791016,0.9963768115942029,0.729422390460968,5.458621025085449,-9.36367416381836
400,13.333333015441895,0.09072917699813843,0.9092708230018616,0.0,0.0,0.0,2,0,1,8.187931060791016,8.187931060791016,0.9963768115942029,0.6894937753677368,5.458621025085449,-9.490376472473145
401,13.366666793823242,0.09072917699813843,0.9092708230018616,0.0,0.0,0.0,2,0,1,8.187931060791016,8.187931060791016,0.9963768115942029,0.7715886831283569,5.458621025085449,-10.475194931030273
402,13.399999618530273,0.09072917699813843,0.9092708230018616,0.0,0.0,0.0,2,0,1,8.187931060791016,8.187931060791016,0.9963768115942029,0.749408483505249,5.458621025085449,-10.819561004638672
403,13.433333396911621,0.09072917699813843,0.9092708230018616,0.0,0.0,0.0,2,0,1,8.187931060791016,8.187931060791016,0.9963768115942029,0.7058036923408508,5.458621025085449,-11.347147941589355
404,13.466666221618652,0.09072917699813843,0.9092708230018616,0.0,0.0,0.0,2,0,1,8.187931060791016,8.187931060791016,0.9963768115942029,0.763524055480957,5.458621025085449,-10.976462364196777
405,13.5,0.09072917699813843,0.9092708230018616,0.0,0.0,0.0,2,0,1,8.187931060791016,8.187931060791016,0.9963768115942029,0.6716969609260559,5.458621025085449,-10.428712844848633
406,13.533333778381348,0.09072917699813843,0.9092708230018616,0.0,0.0,0.0,2,0,1,8.187931060791016,8.187931060791016,0.9963768115942029,0.7923374176025391,5.458621025085449,-10.051785469055176
407,13.566666603088379,0.09072917699813843,0.9092708230018616,0.0,0.0,0.0,2,0,1,8.187931060791016,8.187931060791016,0.9963768115942029,0.8704745769500732,5.458621025085449,-10.219759941101074
408,13.600000381469727,0.09072917699813843,0.9092708230018616,0.0,0.0,0.0,2,0,1,8.187931060791016,8.187931060791016,0.9963768115942029,0.765625,5.458621025085449,-9.93310260772705
409,13.633333206176758,0.09072917699813843,0.9092708230018616,0.0,0.0,0.0,2,0,1,8.187931060791016,8.187931060791016,0.9963768115942029,0.9159587025642395,5.458621025085449,-9.81678295135498
410,13.666666984558105,0.09072917699813843,0.9092708230018616,0.0,0.0,0.0,2,0,1,8.187931060791016,8.187931060791016,0.9963768115942029,0.7994833588600159,5.458621025085449,-10.763382911682129
411,13.699999809265137,0.09072917699813843,0.9092708230018616,0.0,0.0,0.0,2,0,1,8.187931060791016,8.187931060791016,0.9963768115942029,0.8409286737442017,5.458621025085449,-10.797056198120117
412,13.733333587646484,0.09072917699813843,0.9092708230018616,0.0,0.0,0.0,2,0,1,8.187931060791016,8.187931060791016,0.9963768115942029,0.8321715593338013,5.458621025085449,-10.177706718444824
413,13.766666412353516,0.09072917699813843,0.9092708230018616,0.0,0.0,0.0,2,0,1,8.187931060791016,8.187931060791016,0.9963768115942029,0.7151497006416321,5.458621025085449,-9.10014533996582
414,13.800000190734863,0.09072917699813843,0.9092708230018616,0.0,0.0,0.0,2,0,1,8.187931060791016,8.187931060791016,0.9963768115942029,0.6878740191459656,5.458621025085449,-9.044647216796875
415,13.833333015441895,0.09072917699813843,0.9092708230018616,0.0,0.0,0.0,2,0,1,8.187931060791016,8.187931060791016,0.9963768115942029,0.7151145339012146,5.458621025085449,-8.542202949523926
416,13.866666793823242,0.09072917699813843,0.9092708230018616,0.0,0.0,0.0,2,0,1,8.187931060791016,8.187931060791016,0.9963768115942029,0.6530877351760864,5.458621025085449,-7.946613788604736
417,13.899999618530273,0.09072917699813843,0.9092708230018616,0.0,0.0,0.0,2,0,1,8.187931060791016,8.187931060791016,0.9963768115942029,0.74834144115448,5.458621025085449,-8.499129295349121
418,13.933333396911621,0.09072917699813843,0.9092708230018616,0.0,0.0,0.0,2,0,1,8.187931060791016,8.187931060791016,0.9963768115942029,0.7009505033493042,5.458621025085449,-9.240705490112305
419,13.966666221618652,0.09072917699813843,0.9092708230018616,0.0,0.0,0.0,2,0,1,8.187931060791016,8.187931060791016,0.9963768115942029,0.7749173045158386,5.458621025085449,-9.63996410369873
420,14.0,0.09072917699813843,0.9092708230018616,0.0,0.0,0.0,2,0,1,8.187931060791016,8.187931060791016,0.9963768115942029,0.700485348701477,5.458621025085449,-10.304361343383789
421,14.033333778381348,0.09072917699813843,0.9092708230018616,0.0,0.0,0.0,2,0,1,8.187931060791016,8.187931060791016,0.9963768115942029,0.7166796922683716,5.458621025085449,-10.483925819396973
422,14.066666603088379,0.09072917699813843,0.9092708230018616,0.0,0.0,0.0,2,0,1,8.187931060791016,8.187931060791016,0.9963768115942029,0.781143069267273,5.458621025085449,-10.809551239013672
423,14.100000381469727,0.09072917699813843,0.9092708230018616,0.0,0.0,0.0,2,0,1,8.187931060791016,8.187931060791016,0.9963768115942029,0.7854453325271606,5.458621025085449,-11.400630950927734
424,14.133333206176758,0.09072917699813843,0.9092708230018616,0.0,0.0,0.0,2,0,1,8.187931060791016,8.187931060791016,0.9963768115942029,0.7632597088813782,5.458621025085449,-12.2753324508667
425,14.166666984558105,0.09072917699813843,0.9092708230018616,0.0,0.0,0.0,2,0,1,8.187931060791016,8.187931060791016,0.9963768115942029,0.809482753276825,5.458621025085449,-12.445026397705078
426,14.199999809265137,0.09072917699813843,0.9092708230018616,0.0,0.0,0.0,2,0,1,8.187931060791016,8.187931060791016,0.9963768115942029,0.8012809157371521,5.458621025085449,-12.998927116394043
427,14.233333587646484,0.09072917699813843,0.9092708230018616,0.0,0.0,0.0,2,0,1,8.187931060791016,8.187931060791016,0.9963768115942029,0.8670309782028198,5.458621025085449,-13.238297462463379
428,14.266666412353516,0.09072917699813843,0.9092708230018616,0.0,0.0,0.0,2,0,1,8.187931060791016,8.187931060791016,0.9963768115942029,0.7354294061660767,5.458621025085449,-13.78436279296875
429,14.300000190734863,0.09072917699813843,0.9092708230018616,0.0,0.0,0.0,2,0,1,8.187931060791016,8.187931060791016,0.9963768115942029,0.6358581185340881,5.458621025085449,-13.179492950439453
430,14.333333015441895,0.09072917699813843,0.9092708230018616,0.0,0.0,0.0,2,0,1,8.187931060791016,8.187931060791016,0.9963768115942029,0.7109222412109375,5.458621025085449,-13.10273551940918
431,14.366666793823242,0.09072917699813843,0.9092708230018616,0.0,0.0,0.0,2,0,1,8.187931060791016,8.187931060791016,0.9963768115942029,0.765556275844574,5.458621025085449,-12.115323066711426
432,14.399999618530273,0.09072917699813843,0.9092708230018616,0.0,0.0,0.0,2,0,1,8.187931060791016,8.187931060791016,0.9963768115942029,0.8347886204719543,5.458621025085449,-12.16006088256836
433,14.433333396911621,0.09072917699813843,0.9092708230018616,0.0,0.0,0.0,2,0,1,8.187931060791016,8.187931060791016,0.9963768115942029,0.8518512845039368,5.458621025085449,-12.170769691467285
434,14.466666221618652,0.09072917699813843,0.9092708230018616,0.0,0.0,0.0,2,0,1,8.187931060791016,8.187931060791016,0.9963768115942029,0.7938818335533142,5.458621025085449,-12.159598350524902
435,14.5,0.09072917699813843,0.9092708230018616,0.0,0.0,0.0,2,0,1,8.187931060791016,8.187931060791016,0.9963768115942029,0.8131494522094727,5.458621025085449,-12.117134094238281
436,14.533333778381348,0.09072917699813843,0.9092708230018616,0.0,0.0,0.0,2,0,1,8.187931060791016,8.187931060791016,0.9963768115942029,0.7152574062347412,5.458621025085449,-12.421875953674316
437,14.566666603088379,0.09072917699813843,0.9092708230018616,0.0,0.0,0.0,2,0,1,8.187931060791016,8.187931060791016,0.9963768115942029,0.6102975010871887,5.458621025085449,-12.43430233001709
438,14.600000381469727,0.09072917699813843,0.9092708230018616,0.0,0.0,0.0,2,0,1,8.187931060791016,8.187931060791016,0.9963768115942029,0.7212499380111694,5.458621025085449,-11.66116714477539
439,14.633333206176758,0.09072917699813843,0.9092708230018616,0.0,0.0,0.0,2,0,1,8.187931060791016,8.187931060791016,0.9963768115942029,0.733612596988678,5.458621025085449,-10.89677619934082
440,14.666666984558105,0.09072917699813843,0.9092708230018616,0.0,0.0,0.0,2,0,1,8.187931060791016,8.187931060791016,0.9963768115942029,0.7656445503234863,5.458621025085449,-12.344297409057617
441,14.699999809265137,0.09072917699813843,0.9092708230018616,0.0,0.0,0.0,2,0,1,8.187931060791016,8.187931060791016,0.9963768115942029,0.7980766296386719,5.458621025085449,-12.485661506652832
442,14.733333587646484,0.09072917699813843,0.9092708230018616,0.0,0.0,0.0,2,0,1,8.187931060791016,8.187931060791016,0.9963768115942029,0.7334396243095398,5.458621025085449,-12.873270988464355
443,14.766666412353516,0.09072917699813843,0.9092708230018616,0.0,0.0,0.0,2,0,1,8.187931060791016,8.187931060791016,0.9963768115942029,0.78334641456604,5.458621025085449,-13.47000789642334
444,14.800000190734863,0.09072917699813843,0.9092708230018616,0.0,0.0,0.0,2,0,1,8.187931060791016,8.187931060791016,0.9963768115942029,0.753849983215332,5.458621025085449,-14.134377479553223
445,14.833333015441895,0.09072917699813843,0.9092708230018616,0.0,0.0,0.0,2,0,1,8.187931060791016,8.187931060791016,0.9963768115942029,0.6992614269256592,5.458621025085449,-14.084470748901367
446,14.866666793823242,0.09072917699813843,0.9092708230018616,0.0,0.0,0.0,2,0,1,8.187931060791016,8.187931060791016,0.9963768115942029,0.7296153903007507,5.458621025085449,-14.239123344421387
447,14.899999618530273,0.09072917699813843,0.9092708230018616,0.0,0.0,0.0,2,0,1,8.187931060791016,8.187931060791016,0.9963768115942029,0.7560634613037109,5.458621025085449,-14.501179695129395
448,14.933333396911621,0.09072917699813843,0.9092708230018616,0.0,0.0,0.0,2,0,1,8.187931060791016,8.187931060791016,0.9963768115942029,0.8439660668373108,5.458621025085449,-15.280400276184082
449,14.966666221618652,0.09072917699813843,0.9092708230018616,0.0,0.0,0.0,2,0,1,8.187931060791016,8.187931060791016,0.9963768115942029,0.8108978867530823,5.458621025085449,-14.99898624420166
450,15.0,0.09072917699813843,0.9092708230018616,0.0,0.0,0.0,2,0,1,8.187931060791016,8.187931060791016,0.9963768115942029,0.8552862405776978,5.458621025085449,-14.695632934570312
451,15.033333778381348,0.09072917699813843,0.9092708230018616,0.0,0.0,0.0,2,0,1,8.187931060791016,8.187931060791016,0.9963768115942029,0.9063972234725952,5.458621025085449,-14.946789741516113
452,15.066666603088379,0.09072917699813843,0.9092708230018616,0.0,0.0,0.0,2,0,1,8.187931060791016,8.187931060791016,0.9963768115942029,0.9598632454872131,5.458621025085449,-16.20391845703125
453,15.100000381469727,0.09072917699813843,0.9092708230018616,0.0,0.0,0.0,2,0,1,8.187931060791016,8.187931060791016,0.9963768115942029,0.8253533244132996,5.458621025085449,-15.331485748291016
454,15.133333206176758,0.09072917699813843,0.9092708230018616,0.0,0.0,0.0,2,0,1,8.187931060791016,8.187931060791016,0.9963768115942029,0.8572927713394165,5.458621025085449,-14.42026138305664
455,15.166666984558105,0.09072917699813843,0.9092708230018616,0.0,0.0,0.0,2,0,1,8.187931060791016,8.187931060791016,0.9963768115942029,0.8545514941215515,5.458621025085449,-14.267963409423828
456,15.199999809265137,0.09072917699813843,0.9092708230018616,0.0,0.0,0.0,2,0,1,8.187931060791016,8.187931060791016,0.9963768115942029,0.9073243141174316,5.458621025085449,-14.973054885864258
457,15.233333587646484,0.09072917699813843,0.9092708230018616,0.0,0.0,0.0,2,0,1,8.187931060791016,8.187931060791016,0.9963768115942029,0.8895288705825806,5.458621025085449,-14.454750061035156
458,15.266666412353516,0.09072917699813843,0.9092708230018616,0.0,0.0,0.0,2,0,1,8.187931060791016,8.187931060791016,0.9963768115942029,0.9336502552032471,5.458621025085449,-14.413229942321777
459,15.300000190734863,0.09072917699813843,0.9092708230018616,0.0,0.0,0.0,2,0,1,8.187931060791016,8.187931060791016,0.9963768115942029,0.8386712074279785,5.458621025085449,-13.770421028137207
460,15.333333015441895,0.09072917699813843,0.9092708230018616,0.0,0.0,0.0,2,0,1,8.187931060791016,8.187931060791016,0.9963768115942029,0.7997569441795349,5.458621025085449,-13.950295448303223
461,15.366666793823242,0.09072917699813843,0.9092708230018616,0.0,0.0,0.0,2,0,1,8.187931060791016,8.187931060791016,0.9963768115942029,0.7649278044700623,5.458621025085449,-13.08346176147461
462,15.399999618530273,0.09072917699813843,0.9092708230018616,0.0,0.0,0.0,2,0,1,8.187931060791016,8.187931060791016,0.9963768115942029,0.7241141200065613,5.458621025085449,-13.27910327911377
463,15.433333396911621,0.09072917699813843,0.9092708230018616,0.0,0.0,0.0,2,0,1,8.187931060791016,8.187931060791016,0.9963768115942029,0.6815735101699829,5.458621025085449,-12.973244667053223
464,15.466666221618652,0.09072917699813843,0.9092708230018616,0.0,0.0,0.0,2,0,1,8.187931060791016,8.187931060791016,0.9963768115942029,0.7495083808898926,5.458621025085449,-12.405786514282227
465,15.5,0.09072917699813843,0.9092708230018616,0.0,0.0,0.0,2,0,1,8.187931060791016,8.187931060791016,0.9963768115942029,0.7714908123016357,5.458621025085449,-12.284891128540039
466,15.533333778381348,0.09072917699813843,0.9092708230018616,0.0,0.0,0.0,2,0,1,8.187931060791016,8.187931060791016,0.9963768115942029,0.7543665766716003,5.458621025085449,-11.98836898803711
467,15.566666603088379,0.09072917699813843,0.9092708230018616,0.0,0.0,0.0,2,0,1,8.187931060791016,8.187931060791016,0.9963768115942029,0.7499848008155823,5.458621025085449,-11.133720397949219
468,15.600000381469727,0.09072917699813843,0.9092708230018616,0.0,0.0,0.0,2,0,1,8.187931060791016,8.187931060791016,0.9963768115942029,0.7256497144699097,5.458621025085449,-11.156291961669922
469,15.633333206176758,0.09072917699813843,0.9092708230018616,0.0,0.0,0.0,2,0,1,8.187931060791016,8.187931060791016,0.9963768115942029,0.7561083436012268,5.458621025085449,-12.863476753234863
470,15.666666984558105,0.09072917699813843,0.9092708230018616,0.0,0.0,0.0,2,0,1,8.187931060791016,8.187931060791016,0.9963768115942029,0.7218695878982544,5.458621025085449,-13.306859970092773
471,15.699999809265137,0.09072917699813843,0.9092708230018616,0.0,0.0,0.0,2,0,1,8.187931060791016,8.187931060791016,0.9963768115942029,0.8589188456535339,5.458621025085449,-12.675263404846191
472,15.733333587646484,0.09072917699813843,0.9092708230018616,0.0,0.0,0.0,2,0,1,8.187931060791016,8.187931060791016,0.9963768115942029,0.8204250931739807,5.458621025085449,-12.9196138381958
473,15.766666412353516,0.09072917699813843,0.9092708230018616,0.0,0.0,0.0,2,0,1,8.187931060791016,8.187931060791016,0.9963768115942029,0.768960177898407,5.458621025085449,-13.53610610961914
474,15.800000190734863,0.09072917699813843,0.9092708230018616,0.0,0.0,0.0,2,0,1,8.187931060791016,8.187931060791016,0.9963768115942029,0.8153603672981262,5.458621025085449,-14.127191543579102
475,15.833333015441895,0.09072917699813843,0.9092708230018616,0.0,0.0,0.0,2,0,1,8.187931060791016,8.187931060791016,0.9963768115942029,0.6926549673080444,5.458621025085449,-13.203662872314453
476,15.866666793823242,0.09072917699813843,0.9092708230018616,0.0,0.0,0.0,2,0,1,8.187931060791016,8.187931060791016,0.9963768115942029,0.8518275022506714,5.458621025085449,-13.022905349731445
477,15.899999618530273,0.09072917699813843,0.9092708230018616,0.0,0.0,0.0,2,0,1,8.187931060791016,8.187931060791016,0.9963768115942029,0.6629027128219604,5.458621025085449,-14.251708030700684
478,15.933333396911621,0.09072917699813843,0.9092708230018616,0.0,0.0,0.0,2,0,1,8.187931060791016,8.187931060791016,0.9963768115942029,0.6726035475730896,5.458621025085449,-13.75542163848877
479,15.966666221618652,0.09072917699813843,0.9092708230018616,0.0,0.0,0.0,2,0,1,8.187931060791016,8.187931060791016,0.9963768115942029,0.6637033224105835,5.458621025085449,-12.92035961151123
480,16.0,0.09072917699813843,0.9092708230018616,0.0,0.0,0.0,2,0,1,8.187931060791016,8.187931060791016,0.9963768115942029,0.7570282816886902,5.458621025085449,-12.768348693847656
481,16.03333282470703,0.09072917699813843,0.9092708230018616,0.0,0.0,0.0,2,0,1,8.187931060791016,8.187931060791016,0.9963768115942029,0.7944405674934387,5.458621025085449,-12.746726036071777
482,16.066667556762695,0.09072917699813843,0.9092708230018616,0.0,0.0,0.0,2,0,1,8.187931060791016,8.187931060791016,0.9963768115942029,0.7361083030700684,5.458621025085449,-12.413626670837402
483,16.100000381469727,0.09072917699813843,0.9092708230018616,0.0,0.0,0.0,2,0,1,8.187931060791016,8.187931060791016,0.9963768115942029,0.7074597477912903,5.458621025085449,-12.833781242370605
484,16.133333206176758,0.09072917699813843,0.9092708230018616,0.0,0.0,0.0,2,0,1,8.187931060791016,8.187931060791016,0.9963768115942029,0.7237135767936707,5.458621025085449,-13.037861824035645
485,16.16666603088379,0.09072917699813843,0.9092708230018616,0.0,0.0,0.0,2,0,1,8.187931060791016,8.187931060791016,0.9963768115942029,0.726960301399231,5.458621025085449,-12.854884147644043
486,16.200000762939453,0.09072917699813843,0.9092708230018616,0.0,0.0,0.0,2,0,1,8.187931060791016,8.187931060791016,0.9963768115942029,0.5577531456947327,5.458621025085449,-13.09178638458252
487,16.233333587646484,0.09072917699813843,0.9092708230018616,0.0,0.0,0.0,2,0,1,8.187931060791016,8.187931060791016,0.9963768115942029,0.7111859321594238,5.458621025085449,-10.860228538513184
488,16.266666412353516,0.09072917699813843,0.9092708230018616,0.0,0.0,0.0,2,0,1,8.187931060791016,8.187931060791016,0.9963768115942029,0.6843448877334595,5.458621025085449,-11.545973777770996
489,16.299999237060547,0.09072917699813843,0.9092708230018616,0.0,0.0,0.0,2,0,1,8.187931060791016,8.187931060791016,0.9963768115942029,0.7123649716377258,5.458621025085449,-11.949509620666504
490,16.33333396911621,0.09072917699813843,0.9092708230018616,0.0,0.0,0.0,2,0,1,8.187931060791016,8.187931060791016,0.9963768115942029,0.7517338991165161,5.458621025085449,-11.706148147583008
491,16.366666793823242,0.09072917699813843,0.9092708230018616,0.0,0.0,0.0,2,0,1,8.187931060791016,8.187931060791016,0.9963768115942029,0.7832660675048828,5.458621025085449,-12.200947761535645
492,16.399999618530273,0.09072917699813843,0.9092708230018616,0.0,0.0,0.0,2,0,1,8.187931060791016,8.187931060791016,0.9963768115942029,0.7857747077941895,5.458621025085449,-13.881575584411621
493,16.433332443237305,0.09072917699813843,0.9092708230018616,0.0,0.0,0.0,2,0,1,8.187931060791016,8.187931060791016,0.9963768115942029,0.7558268904685974,5.458621025085449,-14.68093490600586
494,16.46666717529297,0.09072917699813843,0.9092708230018616,0.0,0.0,0.0,2,0,1,8.187931060791016,8.187931060791016,0.9963768115942029,0.8053496479988098,5.458621025085449,-14.001047134399414
495,16.5,0.09072917699813843,0.9092708230018616,0.0,0.0,0.0,2,0,1,8.187931060791016,8.187931060791016,0.9963768115942029,0.7043269872665405,5.458621025085449,-13.71142864227295
496,16.53333282470703,0.09072917699813843,0.9092708230018616,0.0,0.0,0.0,2,0,1,8.187931060791016,8.187931060791016,0.9963768115942029,0.7268112301826477,5.458621025085449,-14.791498184204102
497,16.566667556762695,0.09072917699813843,0.9092708230018616,0.0,0.0,0.0,2,0,1,8.187931060791016,8.187931060791016,0.9963768115942029,0.6962214708328247,5.458621025085449,-15.20212173461914
498,16.600000381469727,0.09072917699813843,0.9092708230018616,0.0,0.0,0.0,2,0,1,8.187931060791016,8.187931060791016,0.9963768115942029,0.6906890869140625,5.458621025085449,-13.958348274230957
499,16.633333206176758,0.09072917699813843,0.9092708230018616,0.0,0.0,0.0,2,0,1,8.187931060791016,8.187931060791016,0.9963768115942029,0.7308935523033142,5.458621025085449,-14.619073867797852
500,16.66666603088379,0.09072917699813843,0.9092708230018616,0.0,0.0,0.0,2,0,1,8.187931060791016,8.187931060791016,0.9963768115942029,0.7844909429550171,5.458621025085449,-15.27452564239502
501,16.700000762939453,0.09072917699813843,0.9092708230018616,0.0,0.0,0.0,2,0,1,8.187931060791016,8.187931060791016,0.9963768115942029,0.662950873374939,5.458621025085449,-14.077280044555664
502,16.733333587646484,0.09072917699813843,0.9092708230018616,0.0,0.0,0.0,2,0,1,8.187931060791016,8.187931060791016,0.9963768115942029,0.6421535015106201,5.458621025085449,-14.087380409240723
503,16.766666412353516,0.09072917699813843,0.9092708230018616,0.0,0.0,0.0,2,0,1,8.187931060791016,8.187931060791016,0.9963768115942029,0.7773451209068298,5.458621025085449,-13.035805702209473
504,16.799999237060547,0.09072917699813843,0.9092708230018616,0.0,0.0,0.0,2,0,1,8.187931060791016,8.187931060791016,0.9963768115942029,0.8431315422058105,5.458621025085449,-13.875256538391113
505,16.83333396911621,0.09072917699813843,0.9092708230018616,0.0,0.0,0.0,2,0,1,8.187931060791016,8.187931060791016,0.9963768115942029,0.821365475654602,5.458621025085449,-13.133739471435547
506,16.866666793823242,0.09072917699813843,0.9092708230018616,0.0,0.0,0.0,2,0,1,8.187931060791016,8.187931060791016,0.9963768115942029,0.7364066243171692,5.458621025085449,-13.366311073303223
507,16.899999618530273,0.09072917699813843,0.9092708230018616,0.0,0.0,0.0,2,0,1,8.187931060791016,8.187931060791016,0.9963768115942029,0.8657618761062622,5.458621025085449,-12.598875999450684
508,16.933332443237305,0.09072917699813843,0.9092708230018616,0.0,0.0,0.0,2,0,1,8.187931060791016,8.187931060791016,0.9963768115942029,0.7728011012077332,5.458621025085449,-12.817170143127441
509,16.96666717529297,0.09072917699813843,0.9092708230018616,0.0,0.0,0.0,2,0,1,8.187931060791016,8.187931060791016,0.9963768115942029,0.689540445804596,5.458621025085449,-11.708697319030762
510,17.0,0.09072917699813843,0.9092708230018616,0.0,0.0,0.0,2,0,1,8.187931060791016,8.187931060791016,0.9963768115942029,0.7366329431533813,5.458621025085449,-10.983377456665039
511,17.03333282470703,0.09072917699813843,0.9092708230018616,0.0,0.0,0.0,2,0,1,8.187931060791016,8.187931060791016,0.9963768115942029,0.7450428605079651,5.458621025085449,-11.344715118408203
512,17.066667556762695,0.09072917699813843,0.9092708230018616,0.0,0.0,0.0,2,0,1,8.187931060791016,8.187931060791016,0.9963768115942029,0.7610607743263245,5.458621025085449,-12.531229972839355
513,17.100000381469727,0.09072917699813843,0.9092708230018616,0.0,0.0,0.0,2,0,1,8.187931060791016,8.187931060791016,0.9963768115942029,0.7625511288642883,5.458621025085449,-12.594727516174316
514,17.133333206176758,0.09072917699813843,0.9092708230018616,0.0,0.0,0.0,2,0,1,8.187931060791016,8.187931060791016,0.9963768115942029,0.833265483379364,5.458621025085449,-12.534745216369629
515,17.16666603088379,0.09072917699813843,0.9092708230018616,0.0,0.0,0.0,2,0,1,8.187931060791016,8.187931060791016,0.9963768115942029,0.7632172107696533,5.458621025085449,-13.581197738647461
516,17.200000762939453,0.09072917699813843,0.9092708230018616,0.0,0.0,0.0,2,0,1,8.187931060791016,8.187931060791016,0.9963768115942029,0.7818171977996826,5.458621025085449,-14.888428688049316
517,17.233333587646484,0.09072917699813843,0.9092708230018616,0.0,0.0,0.0,2,0,1,8.187931060791016,8.187931060791016,0.9963768115942029,0.8242778182029724,5.458621025085449,-14.567411422729492
518,17.266666412353516,0.09072917699813843,0.9092708230018616,0.0,0.0,0.0,2,0,1,8.187931060791016,8.187931060791016,0.9963768115942029,0.804812490940094,5.458621025085449,-14.093147277832031
519,17.299999237060547,0.09072917699813843,0.9092708230018616,0.0,0.0,0.0,2,0,1,8.187931060791016,8.187931060791016,0.9963768115942029,0.763001024723053,5.458621025085449,-14.455843925476074
520,17.33333396911621,0.09072917699813843,0.9092708230018616,0.0,0.0,0.0,2,0,1,8.187931060791016,8.187931060791016,0.9963768115942029,0.7812806367874146,5.458621025085449,-15.432849884033203
521,17.366666793823242,0.09072917699813843,0.9092708230018616,0.0,0.0,0.0,2,0,1,8.187931060791016,8.187931060791016,0.9963768115942029,0.7792980074882507,5.458621025085449,-14.379891395568848
522,17.399999618530273,0.09072917699813843,0.9092708230018616,0.0,0.0,0.0,2,0,1,8.187931060791016,8.187931060791016,0.9963768115942029,0.8169594407081604,5.458621025085449,-14.824151992797852
523,17.433332443237305,0.09072917699813843,0.9092708230018616,0.0,0.0,0.0,2,0,1,8.187931060791016,8.187931060791016,0.9963768115942029,0.7731241583824158,5.458621025085449,-15.493721961975098
524,17.46666717529297,0.09072917699813843,0.9092708230018616,0.0,0.0,0.0,2,0,1,8.187931060791016,8.187931060791016,0.9963768115942029,0.8280762434005737,5.458621025085449,-15.623035430908203
525,17.5,0.09072917699813843,0.9092708230018616,0.0,0.0,0.0,2,0,1,8.187931060791016,8.187931060791016,0.9963768115942029,0.7439898252487183,5.458621025085449,-15.196596145629883
526,17.53333282470703,0.09072917699813843,0.9092708230018616,0.0,0.0,0.0,2,0,1,8.187931060791016,8.187931060791016,0.9963768115942029,0.7346957921981812,5.458621025085449,-14.16219711303711
527,17.566667556762695,0.09072917699813843,0.9092708230018616,0.0,0.0,0.0,2,0,1,8.187931060791016,8.187931060791016,0.9963768115942029,0.8471295237541199,5.458621025085449,-14.659231185913086
528,17.600000381469727,0.09072917699813843,0.9092708230018616,0.0,0.0,0.0,2,0,1,8.187931060791016,8.187931060791016,0.9963768115942029,0.8017112016677856,5.458621025085449,-13.972554206848145
529,17.633333206176758,0.09072917699813843,0.9092708230018616,0.0,0.0,0.0,2,0,1,8.187931060791016,8.187931060791016,0.9963768115942029,0.6955011487007141,5.458621025085449,-12.890379905700684
530,17.66666603088379,0.09072917699813843,0.9092708230018616,0.0,0.0,0.0,2,0,1,8.187931060791016,8.187931060791016,0.9963768115942029,0.7085866332054138,5.458621025085449,-13.039977073669434
531,17.700000762939453,0.09072917699813843,0.9092708230018616,0.0,0.0,0.0,2,0,1,8.187931060791016,8.187931060791016,0.9963768115942029,0.6741129159927368,5.458621025085449,-13.664912223815918
532,17.733333587646484,0.09072917699813843,0.9092708230018616,0.0,0.0,0.0,2,0,1,8.187931060791016,8.187931060791016,0.9963768115942029,0.6432652473449707,5.458621025085449,-14.146507263183594
533,17.766666412353516,0.09072917699813843,0.9092708230018616,0.0,0.0,0.0,2,0,1,8.187931060791016,8.187931060791016,0.9963768115942029,0.6015433073043823,5.458621025085449,-14.232661247253418
534,17.799999237060547,0.09072917699813843,0.9092708230018616,0.0,0.0,0.0,2,0,1,8.187931060791016,8.187931060791016,0.9963768115942029,0.6285920739173889,5.458621025085449,-13.546951293945312
535,17.83333396911621,0.09072917699813843,0.9092708230018616,0.0,0.0,0.0,2,0,1,8.187931060791016,8.187931060791016,0.9963768115942029,0.6486122012138367,5.458621025085449,-13.564729690551758
536,17.866666793823242,0.09072917699813843,0.9092708230018616,0.0,0.0,0.0,2,0,1,8.187931060791016,8.187931060791016,0.9963768115942029,0.6657198071479797,5.458621025085449,-12.821846008300781
537,17.899999618530273,0.09072917699813843,0.9092708230018616,0.0,0.0,0.0,2,0,1,8.187931060791016,8.187931060791016,0.9963768115942029,0.7434762120246887,5.458621025085449,-12.540921211242676
538,17.933332443237305,0.09072917699813843,0.9092708230018616,0.0,0.0,0.0,2,0,1,8.187931060791016,8.187931060791016,0.9963768115942029,0.7727890610694885,5.458621025085449,-11.971223831176758
539,17.96666717529297,0.09072917699813843,0.9092708230018616,0.0,0.0,0.0,2,0,1,8.187931060791016,8.187931060791016,0.9963768115942029,0.7880913019180298,5.458621025085449,-11.975441932678223
540,18.0,0.09072917699813843,0.9092708230018616,0.0,0.0,0.0,2,0,1,8.187931060791016,8.187931060791016,0.9963768115942029,0.8181959986686707,5.458621025085449,-12.036881446838379
541,18.03333282470703,0.09072917699813843,0.9092708230018616,0.0,0.0,0.0,2,0,1,8.187931060791016,8.187931060791016,0.9963768115942029,0.790154218673706,5.458621025085449,-12.704721450805664
542,18.066667556762695,0.09072917699813843,0.9092708230018616,0.0,0.0,0.0,2,0,1,8.187931060791016,8.187931060791016,0.9963768115942029,0.7515565752983093,5.458621025085449,-13.321310997009277
543,18.100000381469727,0.09072917699813843,0.9092708230018616,0.0,0.0,0.0,2,0,1,8.187931060791016,8.187931060791016,0.9963768115942029,0.8239096403121948,5.458621025085449,-13.37814998626709
544,18.133333206176758,0.09072917699813843,0.9092708230018616,0.0,0.0,0.0,2,0,1,8.187931060791016,8.187931060791016,0.9963768115942029,0.8235690593719482,5.458621025085449,-13.126688957214355
545,18.16666603088379,0.09072917699813843,0.9092708230018616,0.0,0.0,0.0,2,0,1,8.187931060791016,8.187931060791016,0.9963768115942029,0.7149696946144104,5.458621025085449,-13.107661247253418
546,18.200000762939453,0.09072917699813843,0.9092708230018616,0.0,0.0,0.0,2,0,1,8.187931060791016,8.187931060791016,0.9963768115942029,0.7201409339904785,5.458621025085449,-13.813971519470215
547,18.233333587646484,0.09072917699813843,0.9092708230018616,0.0,0.0,0.0,2,0,1,8.187931060791016,8.187931060791016,0.9963768115942029,0.6842513084411621,5.458621025085449,-14.197576522827148
548,18.266666412353516,0.09072917699813843,0.9092708230018616,0.0,0.0,0.0,2,0,1,8.187931060791016,8.187931060791016,0.9963768115942029,0.7123866081237793,5.458621025085449,-13.901246070861816
549,18.299999237060547,0.09072917699813843,0.9092708230018616,0.0,0.0,0.0,2,0,1,8.187931060791016,8.187931060791016,0.9963768115942029,0.6831891536712646,5.458621025085449,-13.589277267456055
550,18.33333396911621,0.09072917699813843,0.9092708230018616,0.0,0.0,0.0,2,0,1,8.187931060791016,8.187931060791016,0.9963768115942029,0.687017560005188,5.458621025085449,-13.539714813232422
551,18.366666793823242,0.09072917699813843,0.9092708230018616,0.0,0.0,0.0,2,0,1,8.187931060791016,8.187931060791016,0.9963768115942029,0.7096710801124573,5.458621025085449,-13.265291213989258
552,18.399999618530273,0.09072917699813843,0.9092708230018616,0.0,0.0,0.0,2,0,1,8.187931060791016,8.187931060791016,0.9963768115942029,0.7066116333007812,5.458621025085449,-12.123435974121094
553,18.433332443237305,0.09072917699813843,0.9092708230018616,0.0,0.0,0.0,2,0,1,8.187931060791016,8.187931060791016,0.9963768115942029,0.6485318541526794,5.458621025085449,-11.49235725402832
554,18.46666717529297,0.09072917699813843,0.9092708230018616,0.0,0.0,0.0,2,0,1,8.187931060791016,8.187931060791016,0.9963768115942029,0.6919434666633606,5.458621025085449,-11.501755714416504
555,18.5,0.09072917699813843,0.9092708230018616,0.0,0.0,0.0,2,0,1,8.187931060791016,8.187931060791016,0.9963768115942029,0.6393649578094482,5.458621025085449,-12.175533294677734
556,18.53333282470703,0.09072917699813843,0.9092708230018616,0.0,0.0,0.0,2,0,1,8.187931060791016,8.187931060791016,0.9963768115942029,0.5920007824897766,5.458621025085449,-12.426371574401855
557,18.566667556762695,0.09072917699813843,0.9092708230018616,0.0,0.0,0.0,2,0,1,8.187931060791016,8.187931060791016,0.9963768115942029,0.6527700424194336,5.458621025085449,-12.050899505615234
558,18.600000381469727,0.09072917699813843,0.9092708230018616,0.0,0.0,0.0,2,0,1,8.187931060791016,8.187931060791016,0.9963768115942029,0.5691140294075012,5.458621025085449,-12.211366653442383
559,18.633333206176758,0.09072917699813843,0.9092708230018616,0.0,0.0,0.0,2,0,1,8.187931060791016,8.187931060791016,0.9963768115942029,0.6337807178497314,5.458621025085449,-11.204767227172852
560,18.66666603088379,0.09072917699813843,0.9092708230018616,0.0,0.0,0.0,2,0,1,8.187931060791016,8.187931060791016,0.9963768115942029,0.6144052147865295,5.458621025085449,-11.010536193847656
561,18.700000762939453,0.09072917699813843,0.9092708230018616,0.0,0.0,0.0,2,0,1,8.187931060791016,8.187931060791016,0.9963768115942029,0.559262752532959,5.458621025085449,-11.692140579223633
562,18.733333587646484,0.09072917699813843,0.9092708230018616,0.0,0.0,0.0,2,0,1,8.187931060791016,8.187931060791016,0.9963768115942029,0.5696373581886292,5.458621025085449,-11.828092575073242
563,18.766666412353516,0.09072917699813843,0.9092708230018616,0.0,0.0,0.0,2,0,1,8.187931060791016,8.187931060791016,0.9963768115942029,0.6016151309013367,5.458621025085449,-12.23619556427002
564,18.799999237060547,0.09072917699813843,0.9092708230018616,0.0,0.0,0.0,2,0,1,8.187931060791016,8.187931060791016,0.9963768115942029,0.6576409935951233,5.458621025085449,-12.446307182312012
565,18.83333396911621,0.09072917699813843,0.9092708230018616,0.0,0.0,0.0,2,0,1,8.187931060791016,8.187931060791016,0.9963768115942029,0.6586554050445557,5.458621025085449,-12.94400691986084
566,18.866666793823242,0.09072917699813843,0.9092708230018616,0.0,0.0,0.0,2,0,1,8.187931060791016,8.187931060791016,0.9963768115942029,0.6870975494384766,5.458621025085449,-12.830487251281738
567,18.899999618530273,0.09072917699813843,0.9092708230018616,0.0,0.0,0.0,2,0,1,8.187931060791016,8.187931060791016,0.9963768115942029,0.6471772789955139,5.458621025085449,-12.791792869567871
568,18.933332443237305,0.09072917699813843,0.9092708230018616,0.0,0.0,0.0,2,0,1,8.187931060791016,8.187931060791016,0.9963768115942029,0.6228916645050049,5.458621025085449,-12.340530395507812
569,18.96666717529297,0.09072917699813843,0.9092708230018616,0.0,0.0,0.0,2,0,1,8.187931060791016,8.187931060791016,0.9963768115942029,0.6288469433784485,5.458621025085449,-13.013456344604492
570,19.0,0.09072917699813843,0.9092708230018616,0.0,0.0,0.0,2,0,1,8.187931060791016,8.187931060791016,0.9963768115942029,0.6344029903411865,5.458621025085449,-12.869231224060059
571,19.03333282470703,0.09072917699813843,0.9092708230018616,0.0,0.0,0.0,2,0,1,8.187931060791016,8.187931060791016,0.9963768115942029,0.5916858911514282,5.458621025085449,-12.996893882751465
572,19.066667556762695,0.09072917699813843,0.9092708230018616,0.0,0.0,0.0,2,0,1,8.187931060791016,8.187931060791016,0.9963768115942029,0.6484360098838806,5.458621025085449,-13.955581665039062
573,19.100000381469727,0.09072917699813843,0.9092708230018616,0.0,0.0,0.0,2,0,1,8.187931060791016,8.187931060791016,0.9963768115942029,0.625615119934082,5.458621025085449,-14.495128631591797
574,19.133333206176758,0.09072917699813843,0.9092708230018616,0.0,0.0,0.0,2,0,1,8.187931060791016,8.187931060791016,0.9963768115942029,0.6273213028907776,5.458621025085449,-13.83308219909668
575,19.16666603088379,0.09072917699813843,0.9092708230018616,0.0,0.0,0.0,2,0,1,8.187931060791016,8.187931060791016,0.9963768115942029,0.6562597155570984,5.458621025085449,-13.452699661254883
576,19.200000762939453,0.09072917699813843,0.9092708230018616,0.0,0.0,0.0,2,0,1,8.187931060791016,8.187931060791016,0.9963768115942029,0.5861302614212036,5.458621025085449,-12.381973266601562
577,19.233333587646484,0.09072917699813843,0.9092708230018616,0.0,0.0,0.0,2,0,1,8.187931060791016,8.187931060791016,0.9963768115942029,0.6179134845733643,5.458621025085449,-12.944878578186035
578,19.266666412353516,0.09072917699813843,0.9092708230018616,0.0,0.0,0.0,2,0,1,8.187931060791016,8.187931060791016,0.9963768115942029,0.6736049652099609,5.458621025085449,-13.664254188537598
579,19.299999237060547,0.09072917699813843,0.9092708230018616,0.0,0.0,0.0,2,0,1,8.187931060791016,8.187931060791016,0.9963768115942029,0.7264586091041565,5.458621025085449,-13.734546661376953
580,19.33333396911621,0.09072917699813843,0.9092708230018616,0.0,0.0,0.0,2,0,1,8.187931060791016,8.187931060791016,0.9963768115942029,0.676463782787323,5.458621025085449,-13.58178424835205
581,19.366666793823242,0.09072917699813843,0.9092708230018616,0.0,0.0,0.0,2,0,1,8.187931060791016,8.187931060791016,0.9963768115942029,0.7018290758132935,5.458621025085449,-13.67928695678711
582,19.399999618530273,0.09072917699813843,0.9092708230018616,0.0,0.0,0.0,2,0,1,8.187931060791016,8.187931060791016,0.9963768115942029,0.6593112349510193,5.458621025085449,-12.989603042602539
583,19.433332443237305,0.09072917699813843,0.9092708230018616,0.0,0.0,0.0,2,0,1,8.187931060791016,8.187931060791016,0.9963768115942029,0.6598662734031677,5.458621025085449,-13.44880199432373
584,19.46666717529297,0.09072917699813843,0.9092708230018616,0.0,0.0,0.0,2,0,1,8.187931060791016,8.187931060791016,0.9963768115942029,0.7260095477104187,5.458621025085449,-11.884408950805664
585,19.5,0.09072917699813843,0.9092708230018616,0.0,0.0,0.0,2,0,1,8.187931060791016,8.187931060791016,0.9963768115942029,0.7109511494636536,5.458621025085449,-12.676700592041016
586,19.53333282470703,0.09072917699813843,0.9092708230018616,0.0,0.0,0.0,2,0,1,8.187931060791016,8.187931060791016,0.9963768115942029,0.749442458152771,5.458621025085449,-12.506121635437012
587,19.566667556762695,0.09072917699813843,0.9092708230018616,0.0,0.0,0.0,2,0,1,8.187931060791016,8.187931060791016,0.9963768115942029,0.789219081401825,5.458621025085449,-12.503898620605469
588,19.600000381469727,0.09072917699813843,0.9092708230018616,0.0,0.0,0.0,2,0,1,8.187931060791016,8.187931060791016,0.9963768115942029,0.7621580958366394,5.458621025085449,-13.568750381469727
589,19.633333206176758,0.09072917699813843,0.9092708230018616,0.0,0.0,0.0,2,0,1,8.187931060791016,8.187931060791016,0.9963768115942029,0.7696735262870789,5.458621025085449,-14.768020629882812
590,19.66666603088379,0.09072917699813843,0.9092708230018616,0.0,0.0,0.0,2,0,1,8.187931060791016,8.187931060791016,0.9963768115942029,0.7802194356918335,5.458621025085449,-14.935568809509277
591,19.700000762939453,0.09072917699813843,0.9092708230018616,0.0,0.0,0.0,2,0,1,8.187931060791016,8.187931060791016,0.9963768115942029,0.8307345509529114,5.458621025085449,-14.861717224121094
592,19.733333587646484,0.09072917699813843,0.9092708230018616,0.0,0.0,0.0,2,0,1,8.187931060791016,8.187931060791016,0.9963768115942029,0.7200915813446045,5.458621025085449,-14.938000679016113
593,19.766666412353516,0.09072917699813843,0.9092708230018616,0.0,0.0,0.0,2,0,1,8.187931060791016,8.187931060791016,0.9963768115942029,0.7371065020561218,5.458621025085449,-15.205314636230469
594,19.799999237060547,0.09072917699813843,0.9092708230018616,0.0,0.0,0.0,2,0,1,8.187931060791016,8.187931060791016,0.9963768115942029,0.7259765267372131,5.458621025085449,-15.3970365524292
595,19.83333396911621,0.09072917699813843,0.9092708230018616,0.0,0.0,0.0,2,0,1,8.187931060791016,8.187931060791016,0.9963768115942029,0.7736823558807373,5.458621025085449,-15.10611343383789
596,19.866666793823242,0.09072917699813843,0.9092708230018616,0.0,0.0,0.0,2,0,1,8.187931060791016,8.187931060791016,0.9963768115942029,0.6940933465957642,5.458621025085449,-14.946904182434082
597,19.899999618530273,0.09072917699813843,0.9092708230018616,0.0,0.0,0.0,2,0,1,8.187931060791016,8.187931060791016,0.9963768115942029,0.7174320816993713,5.458621025085449,-15.289615631103516
598,19.933332443237305,0.09072917699813843,0.9092708230018616,0.0,0.0,0.0,2,0,1,8.187931060791016,8.187931060791016,0.9963768115942029,0.6689307689666748,5.458621025085449,-14.9051513671875
599,19.96666717529297,0.09072917699813843,0.9092708230018616,0.0,0.0,0.0,2,0,1,8.187931060791016,8.187931060791016,0.9963768115942029,0.6507799029350281,5.458621025085449,-14.146503448486328
600,20.0,0.09072917699813843,0.9092708230018616,0.0,0.0,0.0,2,0,1,8.187931060791016,8.187931060791016,0.9963768115942029,0.6872047781944275,5.458621025085449,-14.216828346252441
601,20.03333282470703,0.09072917699813843,0.9092708230018616,0.0,0.0,0.0,2,0,1,8.187931060791016,8.187931060791016,0.9963768115942029,0.7226704359054565,5.458621025085449,-13.932164192199707
602,20.066667556762695,0.09072917699813843,0.9092708230018616,0.0,0.0,0.0,2,0,1,8.187931060791016,8.187931060791016,0.9963768115942029,0.7180677652359009,5.458621025085449,-13.595632553100586
603,20.100000381469727,0.09072917699813843,0.9092708230018616,0.0,0.0,0.0,2,0,1,8.187931060791016,8.187931060791016,0.9963768115942029,0.6597042679786682,5.458621025085449,-13.398683547973633
604,20.133333206176758,0.09072917699813843,0.9092708230018616,0.0,0.0,0.0,2,0,1,8.187931060791016,8.187931060791016,0.9963768115942029,0.6587499976158142,5.458621025085449,-13.245733261108398
605,20.16666603088379,0.09072917699813843,0.9092708230018616,0.0,0.0,0.0,2,0,1,8.187931060791016,8.187931060791016,0.9963768115942029,0.5756053924560547,5.458621025085449,-13.795110702514648
606,20.200000762939453,0.09072917699813843,0.9092708230018616,0.0,0.0,0.0,2,0,1,8.187931060791016,8.187931060791016,0.9963768115942029,0.5699214339256287,5.458621025085449,-13.636347770690918
607,20.233333587646484,0.09072917699813843,0.9092708230018616,0.0,0.0,0.0,2,0,1,8.187931060791016,8.187931060791016,0.9963768115942029,0.5533990263938904,5.458621025085449,-12.297494888305664
608,20.266666412353516,0.09072917699813843,0.9092708230018616,0.0,0.0,0.0,2,0,1,8.187931060791016,8.187931060791016,0.9963768115942029,0.5047612190246582,5.458621025085449,-12.958233833312988
609,20.299999237060547,0.09072917699813843,0.9092708230018616,0.0,0.0,0.0,2,0,1,8.187931060791016,8.187931060791016,0.9963768115942029,0.587166428565979,5.458621025085449,-12.572476387023926
610,20.33333396911621,0.09072917699813843,0.9092708230018616,0.0,0.0,0.0,2,0,1,8.187931060791016,8.187931060791016,0.9963768115942029,0.553449809551239,5.458621025085449,-12.56212043762207
611,20.366666793823242,0.09072917699813843,0.9092708230018616,0.0,0.0,0.0,2,0,1,8.187931060791016,8.187931060791016,0.9963768115942029,0.6571177840232849,5.458621025085449,-11.67504596710205
612,20.399999618530273,0.09072917699813843,0.9092708230018616,0.0,0.0,0.0,2,0,1,8.187931060791016,8.187931060791016,0.9963768115942029,0.6546830534934998,5.458621025085449,-12.287766456604004
613,20.433332443237305,0.09072917699813843,0.9092708230018616,0.0,0.0,0.0,2,0,1,8.187931060791016,8.187931060791016,0.9963768115942029,0.674687385559082,5.458621025085449,-12.7035551071167
614,20.46666717529297,0.09072917699813843,0.9092708230018616,0.0,0.0,0.0,2,0,1,8.187931060791016,8.187931060791016,0.9963768115942029,0.6081739664077759,5.458621025085449,-13.152700424194336
615,20.5,0.09072917699813843,0.9092708230018616,0.0,0.0,0.0,2,0,1,8.187931060791016,8.187931060791016,0.9963768115942029,0.5864448547363281,5.458621025085449,-12.451812744140625
616,20.53333282470703,0.09072917699813843,0.9092708230018616,0.0,0.0,0.0,2,0,1,8.187931060791016,8.187931060791016,0.9963768115942029,0.5894429683685303,5.458621025085449,-12.754802703857422
617,20.566667556762695,0.09072917699813843,0.9092708230018616,0.0,0.0,0.0,2,0,1,8.187931060791016,8.187931060791016,0.9963768115942029,0.6726729273796082,5.458621025085449,-12.756112098693848
618,20.600000381469727,0.09072917699813843,0.9092708230018616,0.0,0.0,0.0,2,0,1,8.187931060791016,8.187931060791016,0.9963768115942029,0.6802391409873962,5.458621025085449,-12.55187702178955
619,20.633333206176758,0.09072917699813843,0.9092708230018616,0.0,0.0,0.0,2,0,1,8.187931060791016,8.187931060791016,0.9963768115942029,0.6676172018051147,5.458621025085449,-13.241168975830078
620,20.66666603088379,0.09072917699813843,0.9092708230018616,0.0,0.0,0.0,2,0,1,8.187931060791016,8.187931060791016,0.9963768115942029,0.619329035282135,5.458621025085449,-13.679792404174805
621,20.700000762939453,0.09072917699813843,0.9092708230018616,0.0,0.0,0.0,2,0,1,8.187931060791016,8.187931060791016,0.9963768115942029,0.5156649947166443,5.458621025085449,-13.877705574035645
622,20.733333587646484,0.09072917699813843,0.9092708230018616,0.0,0.0,0.0,2,0,1,8.187931060791016,8.187931060791016,0.9963768115942029,0.5780888795852661,5.458621025085449,-13.208831787109375
623,20.766666412353516,0.09072917699813843,0.9092708230018616,0.0,0.0,0.0,2,0,1,8.187931060791016,8.187931060791016,0.9963768115942029,0.5755642652511597,5.458621025085449,-12.005070686340332
624,20.799999237060547,0.09072917699813843,0.9092708230018616,0.0,0.0,0.0,2,0,1,8.187931060791016,8.187931060791016,0.9963768115942029,0.5875766277313232,5.458621025085449,-12.442118644714355
625,20.83333396911621,0.09072917699813843,0.9092708230018616,0.0,0.0,0.0,2,0,1,8.187931060791016,8.187931060791016,0.9963768115942029,0.6153750419616699,5.458621025085449,-11.562701225280762
626,20.866666793823242,0.09072917699813843,0.9092708230018616,0.0,0.0,0.0,2,0,1,8.187931060791016,8.187931060791016,0.9963768115942029,0.5853479504585266,5.458621025085449,-11.252544403076172
627,20.899999618530273,0.09072917699813843,0.9092708230018616,0.0,0.0,0.0,2,0,1,8.187931060791016,8.187931060791016,0.9963768115942029,0.6000721454620361,5.458621025085449,-11.082335472106934
628,20.933332443237305,0.09072917699813843,0.9092708230018616,0.0,0.0,0.0,2,0,1,8.187931060791016,8.187931060791016,0.9963768115942029,0.5523481369018555,5.458621025085449,-12.552021980285645
629,20.96666717529297,0.09072917699813843,0.9092708230018616,0.0,0.0,0.0,2,0,1,8.187931060791016,8.187931060791016,0.9963768115942029,0.561451256275177,5.458621025085449,-12.65740966796875
630,21.0,0.09072917699813843,0.9092708230018616,0.0,0.0,0.0,2,0,1,8.187931060791016,8.187931060791016,0.9963768115942029,0.5949594378471375,5.458621025085449,-12.734990119934082
631,21.03333282470703,0.09072917699813843,0.9092708230018616,0.0,0.0,0.0,2,0,1,8.187931060791016,8.187931060791016,0.9963768115942029,0.601869523525238,5.458621025085449,-11.713010787963867
632,21.066667556762695,0.09072917699813843,0.9092708230018616,0.0,0.0,0.0,2,0,1,8.187931060791016,8.187931060791016,0.9963768115942029,0.6725009679794312,5.458621025085449,-11.66799259185791
633,21.100000381469727,0.09072917699813843,0.9092708230018616,0.0,0.0,0.0,2,0,1,8.187931060791016,8.187931060791016,0.9963768115942029,0.6708483099937439,5.458621025085449,-11.12187671661377
634,21.133333206176758,0.09072917699813843,0.9092708230018616,0.0,0.0,0.0,2,0,1,8.187931060791016,8.187931060791016,0.9963768115942029,0.6824439167976379,5.458621025085449,-11.734803199768066
635,21.16666603088379,0.09072917699813843,0.9092708230018616,0.0,0.0,0.0,2,0,1,8.187931060791016,8.187931060791016,0.9963768115942029,0.6672253608703613,5.458621025085449,-11.780425071716309
636,21.200000762939453,0.09072917699813843,0.9092708230018616,0.0,0.0,0.0,2,0,1,8.187931060791016,8.187931060791016,0.9963768115942029,0.6088433265686035,5.458621025085449,-12.638930320739746
637,21.233333587646484,0.09072917699813843,0.9092708230018616,0.0,0.0,0.0,2,0,1,8.187931060791016,8.187931060791016,0.9963768115942029,0.6466026306152344,5.458621025085449,-13.212259292602539
638,21.266666412353516,0.09072917699813843,0.9092708230018616,0.0,0.0,0.0,2,0,1,8.187931060791016,8.187931060791016,0.9963768115942029,0.6423577070236206,5.458621025085449,-12.869623184204102
639,21.299999237060547,0.09072917699813843,0.9092708230018616,0.0,0.0,0.0,2,0,1,8.187931060791016,8.187931060791016,0.9963768115942029,0.6675958037376404,5.458621025085449,-12.594291687011719
640,21.33333396911621,0.09072917699813843,0.9092708230018616,0.0,0.0,0.0,2,0,1,8.187931060791016,8.187931060791016,0.9963768115942029,0.6081953644752502,5.458621025085449,-13.373281478881836
641,21.366666793823242,0.09072917699813843,0.9092708230018616,0.0,0.0,0.0,2,0,1,8.187931060791016,8.187931060791016,0.9963768115942029,0.6313992738723755,5.458621025085449,-13.638357162475586
642,21.399999618530273,0.09072917699813843,0.9092708230018616,0.0,0.0,0.0,2,0,1,8.187931060791016,8.187931060791016,0.9963768115942029,0.5928511619567871,5.458621025085449,-13.60391616821289
643,21.433332443237305,0.09072917699813843,0.9092708230018616,0.0,0.0,0.0,2,0,1,8.187931060791016,8.187931060791016,0.9963768115942029,0.6210041642189026,5.458621025085449,-14.042318344116211
644,21.46666717529297,0.09072917699813843,0.9092708230018616,0.0,0.0,0.0,2,0,1,8.187931060791016,8.187931060791016,0.9963768115942029,0.600477933883667,5.458621025085449,-15.09034252166748
645,21.5,0.09072917699813843,0.9092708230018616,0.0,0.0,0.0,2,0,1,8.187931060791016,8.187931060791016,0.9963768115942029,0.6005455255508423,5.458621025085449,-15.035863876342773
646,21.53333282470703,0.09072917699813843,0.9092708230018616,0.0,0.0,0.0,2,0,1,8.187931060791016,8.187931060791016,0.9963768115942029,0.6623261570930481,5.458621025085449,-13.675369262695312
647,21.566667556762695,0.09072917699813843,0.9092708230018616,0.0,0.0,0.0,2,0,1,8.187931060791016,8.187931060791016,0.9963768115942029,0.6682644486427307,5.458621025085449,-14.172167778015137
648,21.600000381469727,0.09072917699813843,0.9092708230018616,0.0,0.0,0.0,2,0,1,8.187931060791016,8.187931060791016,0.9963768115942029,0.7735893130302429,5.458621025085449,-13.892288208007812
649,21.633333206176758,0.09072917699813843,0.9092708230018616,0.0,0.0,0.0,2,0,1,8.187931060791016,8.187931060791016,0.9963768115942029,0.7424057722091675,5.458621025085449,-13.549736022949219
650,21.66666603088379,0.09072917699813843,0.9092708230018616,0.0,0.0,0.0,2,0,1,8.187931060791016,8.187931060791016,0.9963768115942029,0.7878270149230957,5.458621025085449,-13.141195297241211
651,21.700000762939453,0.09072917699813843,0.9092708230018616,0.0,0.0,0.0,2,0,1,8.187931060791016,8.187931060791016,0.9963768115942029,0.7631127834320068,5.458621025085449,-12.768525123596191
652,21.733333587646484,0.09072917699813843,0.9092708230018616,0.0,0.0,0.0,2,0,1,8.187931060791016,8.187931060791016,0.9963768115942029,0.7065746188163757,5.458621025085449,-13.156598091125488
653,21.766666412353516,0.09072917699813843,0.9092708230018616,0.0,0.0,0.0,2,0,1,8.187931060791016,8.187931060791016,0.9963768115942029,0.6639890074729919,5.458621025085449,-12.857215881347656
654,21.799999237060547,0.09072917699813843,0.9092708230018616,0.0,0.0,0.0,2,0,1,8.187931060791016,8.187931060791016,0.9963768115942029,0.6426190733909607,5.458621025085449,-12.21713924407959
655,21.83333396911621,0.09072917699813843,0.9092708230018616,0.0,0.0,0.0,2,0,1,8.187931060791016,8.187931060791016,0.9963768115942029,0.6758304238319397,5.458621025085449,-12.533036231994629
656,21.866666793823242,0.09072917699813843,0.9092708230018616,0.0,0.0,0.0,2,0,1,8.187931060791016,8.187931060791016,0.9963768115942029,0.6531525254249573,5.458621025085449,-12.684003829956055
657,21.899999618530273,0.09072917699813843,0.9092708230018616,0.0,0.0,0.0,2,0,1,8.187931060791016,8.187931060791016,0.9963768115942029,0.6975289583206177,5.458621025085449,-13.289231300354004
658,21.933332443237305,0.09072917699813843,0.9092708230018616,0.0,0.0,0.0,2,0,1,8.187931060791016,8.187931060791016,0.9963768115942029,0.6740212440490723,5.458621025085449,-13.406785011291504
659,21.96666717529297,0.09072917699813843,0.9092708230018616,0.0,0.0,0.0,2,0,1,8.187931060791016,8.187931060791016,0.9963768115942029,0.6824210286140442,5.458621025085449,-14.448808670043945
660,22.0,0.09072917699813843,0.9092708230018616,0.0,0.0,0.0,2,0,1,8.187931060791016,8.187931060791016,0.9963768115942029,0.7566230297088623,5.458621025085449,-15.114776611328125
661,22.03333282470703,0.09072917699813843,0.9092708230018616,0.0,0.0,0.0,2,0,1,8.187931060791016,8.187931060791016,0.9963768115942029,0.7351523041725159,5.458621025085449,-15.70012378692627
662,22.066667556762695,0.09072917699813843,0.9092708230018616,0.0,0.0,0.0,2,0,1,8.187931060791016,8.187931060791016,0.9963768115942029,0.6855929493904114,5.458621025085449,-14.952108383178711
663,22.100000381469727,0.09072917699813843,0.9092708230018616,0.0,0.0,0.0,2,0,1,8.187931060791016,8.187931060791016,0.9963768115942029,0.6716060638427734,5.458621025085449,-15.140056610107422
664,22.133333206176758,0.09072917699813843,0.9092708230018616,0.0,0.0,0.0,2,0,1,8.187931060791016,8.187931060791016,0.9963768115942029,0.6518352627754211,5.458621025085449,-14.783717155456543
665,22.16666603088379,0.09072917699813843,0.9092708230018616,0.0,0.0,0.0,2,0,1,8.187931060791016,8.187931060791016,0.9963768115942029,0.6911596655845642,5.458621025085449,-13.963306427001953
666,22.200000762939453,0.09072917699813843,0.9092708230018616,0.0,0.0,0.0,2,0,1,8.187931060791016,8.187931060791016,0.9963768115942029,0.6940733194351196,5.458621025085449,-13.496052742004395
667,22.233333587646484,0.09072917699813843,0.9092708230018616,0.0,0.0,0.0,2,0,1,8.187931060791016,8.187931060791016,0.9963768115942029,0.6744584441184998,5.458621025085449,-13.725095748901367
668,22.266666412353516,0.09072917699813843,0.9092708230018616,0.0,0.0,0.0,2,0,1,8.187931060791016,8.187931060791016,0.9963768115942029,0.6350033283233643,5.458621025085449,-13.94332504272461
669,22.299999237060547,0.09072917699813843,0.9092708230018616,0.0,0.0,0.0,2,0,1,8.187931060791016,8.187931060791016,0.9963768115942029,0.6252209544181824,5.458621025085449,-14.060159683227539
670,22.33333396911621,0.09072917699813843,0.9092708230018616,0.0,0.0,0.0,2,0,1,8.187931060791016,8.187931060791016,0.9963768115942029,0.7689093351364136,5.458621025085449,-13.438302993774414
671,22.366666793823242,0.09072917699813843,0.9092708230018616,0.0,0.0,0.0,2,0,1,8.187931060791016,8.187931060791016,0.9963768115942029,0.7683165073394775,5.458621025085449,-13.12706470489502
672,22.399999618530273,0.09072917699813843,0.9092708230018616,0.0,0.0,0.0,2,0,1,8.187931060791016,8.187931060791016,0.9963768115942029,0.7953718304634094,5.458621025085449,-12.869857788085938
673,22.433332443237305,0.09072917699813843,0.9092708230018616,0.0,0.0,0.0,2,0,1,8.187931060791016,8.187931060791016,0.9963768115942029,0.7272729873657227,5.458621025085449,-12.17035961151123
674,22.46666717529297,0.09072917699813843,0.9092708230018616,0.0,0.0,0.0,2,0,1,8.187931060791016,8.187931060791016,0.9963768115942029,0.6947005987167358,5.458621025085449,-12.384244918823242
675,22.5,0.09072917699813843,0.9092708230018616,0.0,0.0,0.0,2,0,1,8.187931060791016,8.187931060791016,0.9963768115942029,0.7555063962936401,5.458621025085449,-12.803474426269531
676,22.53333282470703,0.09072917699813843,0.9092708230018616,0.0,0.0,0.0,2,0,1,8.187931060791016,8.187931060791016,0.9963768115942029,0.7756364941596985,5.458621025085449,-13.334303855895996
677,22.566667556762695,0.09072917699813843,0.9092708230018616,0.0,0.0,0.0,2,0,1,8.187931060791016,8.187931060791016,0.9963768115942029,0.5995267033576965,5.458621025085449,-13.455312728881836
678,22.600000381469727,0.09072917699813843,0.9092708230018616,0.0,0.0,0.0,2,0,1,8.187931060791016,8.187931060791016,0.9963768115942029,0.6380966305732727,5.458621025085449,-12.445436477661133
679,22.633333206176758,0.09072917699813843,0.9092708230018616,0.0,0.0,0.0,2,0,1,8.187931060791016,8.187931060791016,0.9963768115942029,0.5084415674209595,5.458621025085449,-12.802681922912598
680,22.66666603088379,0.09072917699813843,0.9092708230018616,0.0,0.0,0.0,2,0,1,8.187931060791016,8.187931060791016,0.9963768115942029,0.5864133834838867,5.458621025085449,-11.541625022888184
681,22.700000762939453,0.09072917699813843,0.9092708230018616,0.0,0.0,0.0,2,0,1,8.187931060791016,8.187931060791016,0.9963768115942029,0.5617891550064087,5.458621025085449,-10.808597564697266
682,22.733333587646484,0.09072917699813843,0.9092708230018616,0.0,0.0,0.0,2,0,1,8.187931060791016,8.187931060791016,0.9963768115942029,0.598315954208374,5.458621025085449,-10.146382331848145
683,22.766666412353516,0.09072917699813843,0.9092708230018616,0.0,0.0,0.0,2,0,1,8.187931060791016,8.187931060791016,0.9963768115942029,0.6593358516693115,5.458621025085449,-10.356856346130371
684,22.799999237060547,0.09072917699813843,0.9092708230018616,0.0,0.0,0.0,2,0,1,8.187931060791016,8.187931060791016,0.9963768115942029,0.6395308375358582,5.458621025085449,-9.038656234741211
685,22.83333396911621,0.09072917699813843,0.9092708230018616,0.0,0.0,0.0,2,0,1,8.187931060791016,8.187931060791016,0.9963768115942029,0.6794053912162781,5.458621025085449,-8.504424095153809
686,22.866666793823242,0.09072917699813843,0.9092708230018616,0.0,0.0,0.0,2,0,1,8.187931060791016,8.187931060791016,0.9963768115942029,0.6609194278717041,5.458621025085449,-10.242391586303711
687,22.899999618530273,0.09072917699813843,0.9092708230018616,0.0,0.0,0.0,2,0,1,8.187931060791016,8.187931060791016,0.9963768115942029,0.6917538046836853,5.458621025085449,-10.883260726928711
688,22.933332443237305,0.09072917699813843,0.9092708230018616,0.0,0.0,0.0,2,0,1,8.187931060791016,8.187931060791016,0.9963768115942029,0.7228562831878662,5.458621025085449,-9.974268913269043
689,22.96666717529297,0.09072917699813843,0.9092708230018616,0.0,0.0,0.0,2,0,1,8.187931060791016,8.187931060791016,0.9963768115942029,0.7206780910491943,5.458621025085449,-9.907532691955566
690,23.0,0.09072917699813843,0.9092708230018616,0.0,0.0,0.0,2,0,1,8.187931060791016,8.187931060791016,0.9963768115942029,0.7007691264152527,5.458621025085449,-10.783543586730957
691,23.03333282470703,0.09072917699813843,0.9092708230018616,0.0,0.0,0.0,2,0,1,8.187931060791016,8.187931060791016,0.9963768115942029,0.6417337656021118,5.458621025085449,-11.936624526977539
692,23.066667556762695,0.09072917699813843,0.9092708230018616,0.0,0.0,0.0,2,0,1,8.187931060791016,8.187931060791016,0.9963768115942029,0.6688387393951416,5.458621025085449,-11.692262649536133
693,23.100000381469727,0.09072917699813843,0.9092708230018616,0.0,0.0,0.0,2,0,1,8.187931060791016,8.187931060791016,0.9963768115942029,0.7519070506095886,5.458621025085449,-10.755449295043945
694,23.133333206176758,0.09072917699813843,0.9092708230018616,0.0,0.0,0.0,2,0,1,8.187931060791016,8.187931060791016,0.9963768115942029,0.5782999992370605,5.458621025085449,-11.007925987243652
695,23.16666603088379,0.09072917699813843,0.9092708230018616,0.0,0.0,0.0,2,0,1,8.187931060791016,8.187931060791016,0.9963768115942029,0.5457624793052673,5.458621025085449,-11.547533988952637
696,23.200000762939453,0.09072917699813843,0.9092708230018616,0.0,0.0,0.0,2,0,1,8.187931060791016,8.187931060791016,0.9963768115942029,0.5991247296333313,5.458621025085449,-11.091622352600098
697,23.233333587646484,0.09072917699813843,0.9092708230018616,0.0,0.0,0.0,2,0,1,8.187931060791016,8.187931060791016,0.9963768115942029,0.6201167106628418,5.458621025085449,-11.177464485168457
698,23.266666412353516,0.09072917699813843,0.9092708230018616,0.0,0.0,0.0,2,0,1,8.187931060791016,8.187931060791016,0.9963768115942029,0.5390775203704834,5.458621025085449,-11.027678489685059
699,23.299999237060547,0.09072917699813843,0.9092708230018616,0.0,0.0,0.0,2,0,1,8.187931060791016,8.187931060791016,0.9963768115942029,0.5767002105712891,5.458621025085449,-12.550955772399902
700,23.33333396911621,0.09072917699813843,0.9092708230018616,0.0,0.0,0.0,2,0,1,8.187931060791016,8.187931060791016,0.9963768115942029,0.5451379418373108,5.458621025085449,-12.794631958007812
701,23.366666793823242,0.09072917699813843,0.9092708230018616,0.0,0.0,0.0,2,0,1,8.187931060791016,8.187931060791016,0.9963768115942029,0.4980613589286804,5.458621025085449,-12.27875804901123
702,23.399999618530273,0.09072917699813843,0.9092708230018616,0.0,0.0,0.0,2,0,1,8.187931060791016,8.187931060791016,0.9963768115942029,0.5102152824401855,5.458621025085449,-12.623315811157227
703,23.433332443237305,0.09072917699813843,0.9092708230018616,0.0,0.0,0.0,2,0,1,8.187931060791016,8.187931060791016,0.9963768115942029,0.504462480545044,5.458621025085449,-12.047086715698242
704,23.46666717529297,0.09072917699813843,0.9092708230018616,0.0,0.0,0.0,2,0,1,8.187931060791016,8.187931060791016,0.9963768115942029,0.4599744379520416,5.458621025085449,-12.433387756347656
705,23.5,0.09072917699813843,0.9092708230018616,0.0,0.0,0.0,2,0,1,8.187931060791016,8.187931060791016,0.9963768115942029,0.5321200489997864,5.458621025085449,-10.212990760803223
706,23.53333282470703,0.09072917699813843,0.9092708230018616,0.0,0.0,0.0,2,0,1,8.187931060791016,8.187931060791016,0.9963768115942029,0.5104303359985352,5.458621025085449,-11.356606483459473
707,23.566667556762695,0.09072917699813843,0.9092708230018616,0.0,0.0,0.0,2,0,1,8.187931060791016,8.187931060791016,0.9963768115942029,0.5380882024765015,5.458621025085449,-12.789536476135254
708,23.600000381469727,0.09072917699813843,0.9092708230018616,0.0,0.0,0.0,2,0,1,8.187931060791016,8.187931060791016,0.9963768115942029,0.5826005935668945,5.458621025085449,-13.224925994873047
709,23.633333206176758,0.09072917699813843,0.9092708230018616,0.0,0.0,0.0,2,0,1,8.187931060791016,8.187931060791016,0.9963768115942029,0.5985252857208252,5.458621025085449,-12.922691345214844
710,23.66666603088379,0.09072917699813843,0.9092708230018616,0.0,0.0,0.0,2,0,1,8.187931060791016,8.187931060791016,0.9963768115942029,0.5594011545181274,5.458621025085449,-12.326549530029297
711,23.700000762939453,0.09072917699813843,0.9092708230018616,0.0,0.0,0.0,2,0,1,8.187931060791016,8.187931060791016,0.9963768115942029,0.45172515511512756,5.458621025085449,-13.09881591796875
712,23.733333587646484,0.09072917699813843,0.9092708230018616,0.0,0.0,0.0,2,0,1,8.187931060791016,8.187931060791016,0.9963768115942029,0.44618189334869385,5.458621025085449,-12.952767372131348
713,23.766666412353516,0.09072917699813843,0.9092708230018616,0.0,0.0,0.0,2,0,1,8.187931060791016,8.187931060791016,0.9963768115942029,0.532362163066864,5.458621025085449,-12.565351486206055
714,23.799999237060547,0.09072917699813843,0.9092708230018616,0.0,0.0,0.0,2,0,1,8.187931060791016,8.187931060791016,0.9963768115942029,0.6132820248603821,5.458621025085449,-12.249856948852539
715,23.83333396911621,0.09072917699813843,0.9092708230018616,0.0,0.0,0.0,2,0,1,8.187931060791016,8.187931060791016,0.9963768115942029,0.5660682320594788,5.458621025085449,-13.660271644592285
716,23.866666793823242,0.09072917699813843,0.9092708230018616,0.0,0.0,0.0,2,0,1,8.187931060791016,8.187931060791016,0.9963768115942029,0.5951535105705261,5.458621025085449,-13.461870193481445
717,23.899999618530273,0.09072917699813843,0.9092708230018616,0.0,0.0,0.0,2,0,1,8.187931060791016,8.187931060791016,0.9963768115942029,0.5673417448997498,5.458621025085449,-15.018314361572266
718,23.933332443237305,0.09072917699813843,0.9092708230018616,0.0,0.0,0.0,2,0,1,8.187931060791016,8.187931060791016,0.9963768115942029,0.5227059125900269,5.458621025085449,-14.841362953186035
719,23.96666717529297,0.09072917699813843,0.9092708230018616,0.0,0.0,0.0,2,0,1,8.187931060791016,8.187931060791016,0.9963768115942029,0.49754130840301514,5.458621025085449,-14.410672187805176
720,24.0,0.09072917699813843,0.9092708230018616,0.0,0.0,0.0,2,0,1,8.187931060791016,8.187931060791016,0.9963768115942029,0.5402592420578003,5.458621025085449,-13.894771575927734
721,24.03333282470703,0.09072917699813843,0.9092708230018616,0.0,0.0,0.0,2,0,1,8.187931060791016,8.187931060791016,0.9963768115942029,0.6251260042190552,5.458621025085449,-12.531686782836914
722,24.066667556762695,0.09072917699813843,0.9092708230018616,0.0,0.0,0.0,2,0,1,8.187931060791016,8.187931060791016,0.9963768115942029,0.6099673509597778,5.458621025085449,-13.084918022155762
723,24.100000381469727,0.09072917699813843,0.9092708230018616,0.0,0.0,0.0,2,0,1,8.187931060791016,8.187931060791016,0.9963768115942029,0.7317501306533813,5.458621025085449,-13.85454273223877
724,24.133333206176758,0.09072917699813843,0.9092708230018616,0.0,0.0,0.0,2,0,1,8.187931060791016,8.187931060791016,0.9963768115942029,0.7027066349983215,5.458621025085449,-13.635136604309082
725,24.16666603088379,0.09072917699813843,0.9092708230018616,0.0,0.0,0.0,2,0,1,8.187931060791016,8.187931060791016,0.9963768115942029,0.8124300241470337,5.458621025085449,-14.318421363830566
726,24.200000762939453,0.09072917699813843,0.9092708230018616,0.0,0.0,0.0,2,0,1,8.187931060791016,8.187931060791016,0.9963768115942029,0.7076845169067383,5.458621025085449,-12.958934783935547
727,24.233333587646484,0.09072917699813843,0.9092708230018616,0.0,0.0,0.0,2,0,1,8.187931060791016,8.187931060791016,0.9963768115942029,0.7137412428855896,5.458621025085449,-12.927931785583496
728,24.266666412353516,0.09072917699813843,0.9092708230018616,0.0,0.0,0.0,2,0,1,8.187931060791016,8.187931060791016,0.9963768115942029,0.6147907972335815,5.458621025085449,-13.197771072387695
729,24.299999237060547,0.09072917699813843,0.9092708230018616,0.0,0.0,0.0,2,0,1,8.187931060791016,8.187931060791016,0.9963768115942029,0.6322177052497864,5.458621025085449,-12.039259910583496
730,24.33333396911621,0.09072917699813843,0.9092708230018616,0.0,0.0,0.0,2,0,1,8.187931060791016,8.187931060791016,0.9963768115942029,0.6709293127059937,5.458621025085449,-12.062841415405273
731,24.366666793823242,0.09072917699813843,0.9092708230018616,0.0,0.0,0.0,2,0,1,8.187931060791016,8.187931060791016,0.9963768115942029,0.6347770094871521,5.458621025085449,-12.467702865600586
732,24.399999618530273,0.09072917699813843,0.9092708230018616,0.0,0.0,0.0,2,0,1,8.187931060791016,8.187931060791016,0.9963768115942029,0.6920959949493408,5.458621025085449,-12.009793281555176
733,24.433332443237305,0.09072917699813843,0.9092708230018616,0.0,0.0,0.0,2,0,1,8.187931060791016,8.187931060791016,0.9963768115942029,0.6984628438949585,5.458621025085449,-13.59227180480957
734,24.46666717529297,0.09072917699813843,0.9092708230018616,0.0,0.0,0.0,2,0,1,8.187931060791016,8.187931060791016,0.9963768115942029,0.7051053047180176,5.458621025085449,-13.971116065979004
735,24.5,0.09072917699813843,0.9092708230018616,0.0,0.0,0.0,2,0,1,8.187931060791016,8.187931060791016,0.9963768115942029,0.7386642694473267,5.458621025085449,-15.393658638000488
736,24.53333282470703,0.09072917699813843,0.9092708230018616,0.0,0.0,0.0,2,0,1,8.187931060791016,8.187931060791016,0.9963768115942029,0.8036277890205383,5.458621025085449,-14.629939079284668
737,24.566667556762695,0.09072917699813843,0.9092708230018616,0.0,0.0,0.0,2,0,1,8.187931060791016,8.187931060791016,0.9963768115942029,0.731465220451355,5.458621025085449,-14.759060859680176
738,24.600000381469727,0.09072917699813843,0.9092708230018616,0.0,0.0,0.0,2,0,1,8.187931060791016,8.187931060791016,0.9963768115942029,0.7478482723236084,5.458621025085449,-15.091537475585938
739,24.633333206176758,0.09072917699813843,0.9092708230018616,0.0,0.0,0.0,2,0,1,8.187931060791016,8.187931060791016,0.9963768115942029,0.6949031949043274,5.458621025085449,-15.927391052246094
740,24.66666603088379,0.09072917699813843,0.9092708230018616,0.0,0.0,0.0,2,0,1,8.187931060791016,8.187931060791016,0.9963768115942029,0.7346595525741577,5.458621025085449,-14.590250015258789
741,24.700000762939453,0.09072917699813843,0.9092708230018616,0.0,0.0,0.0,2,0,1,8.187931060791016,8.187931060791016,0.9963768115942029,0.762086033821106,5.458621025085449,-15.387086868286133
742,24.733333587646484,0.09072917699813843,0.9092708230018616,0.0,0.0,0.0,2,0,1,8.187931060791016,8.187931060791016,0.9963768115942029,0.7457905411720276,5.458621025085449,-13.652572631835938
743,24.766666412353516,0.09072917699813843,0.9092708230018616,0.0,0.0,0.0,2,0,1,8.187931060791016,8.187931060791016,0.9963768115942029,0.7979040145874023,5.458621025085449,-15.759307861328125
744,24.799999237060547,0.09072917699813843,0.9092708230018616,0.0,0.0,0.0,2,0,1,8.187931060791016,8.187931060791016,0.9963768115942029,0.7173752188682556,5.458621025085449,-15.051437377929688
745,24.83333396911621,0.09072917699813843,0.9092708230018616,0.0,0.0,0.0,2,0,1,8.187931060791016,8.187931060791016,0.9963768115942029,0.7637043595314026,5.458621025085449,-14.005023956298828
746,24.866666793823242,0.09072917699813843,0.9092708230018616,0.0,0.0,0.0,2,0,1,8.187931060791016,8.187931060791016,0.9963768115942029,0.8474734425544739,5.458621025085449,-13.823939323425293
747,24.899999618530273,0.09072917699813843,0.9092708230018616,0.0,0.0,0.0,2,0,1,8.187931060791016,8.187931060791016,0.9963768115942029,0.7719088196754456,5.458621025085449,-13.913280487060547
748,24.933332443237305,0.09072917699813843,0.9092708230018616,0.0,0.0,0.0,2,0,1,8.187931060791016,8.187931060791016,0.9963768115942029,0.8536321520805359,5.458621025085449,-13.701638221740723
749,24.96666717529297,0.09072917699813843,0.9092708230018616,0.0,0.0,0.0,2,0,1,8.187931060791016,8.187931060791016,0.9963768115942029,0.8025663495063782,5.458621025085449,-14.462137222290039
750,25.0,0.09072917699813843,0.9092708230018616,0.0,0.0,0.0,2,0,1,8.187931060791016,8.187931060791016,0.9963768115942029,0.7951816320419312,5.458621025085449,-14.316694259643555
751,25.03333282470703,0.09072917699813843,0.9092708230018616,0.0,0.0,0.0,2,0,1,8.187931060791016,8.187931060791016,0.9963768115942029,0.8011043667793274,5.458621025085449,-15.020709991455078
752,25.066667556762695,0.09072917699813843,0.9092708230018616,0.0,0.0,0.0,2,0,1,8.187931060791016,8.187931060791016,0.9963768115942029,0.7583855390548706,5.458621025085449,-14.287468910217285
753,25.100000381469727,0.09072917699813843,0.9092708230018616,0.0,0.0,0.0,2,0,1,8.187931060791016,8.187931060791016,0.9963768115942029,0.6946975588798523,5.458621025085449,-13.35798168182373
754,25.133333206176758,0.09072917699813843,0.9092708230018616,0.0,0.0,0.0,2,0,1,8.187931060791016,8.187931060791016,0.9963768115942029,0.7194304466247559,5.458621025085449,-13.708657264709473
755,25.16666603088379,0.09072917699813843,0.9092708230018616,0.0,0.0,0.0,2,0,1,8.187931060791016,8.187931060791016,0.9963768115942029,0.7154082655906677,5.458621025085449,-12.956172943115234
756,25.200000762939453,0.09072917699813843,0.9092708230018616,0.0,0.0,0.0,2,0,1,8.187931060791016,8.187931060791016,0.9963768115942029,0.686815083026886,5.458621025085449,-12.797065734863281
757,25.233333587646484,0.09072917699813843,0.9092708230018616,0.0,0.0,0.0,2,0,1,8.187931060791016,8.187931060791016,0.9963768115942029,0.7304377555847168,5.458621025085449,-12.443737030029297
758,25.266666412353516,0.09072917699813843,0.9092708230018616,0.0,0.0,0.0,2,0,1,8.187931060791016,8.187931060791016,0.9963768115942029,0.6763008832931519,5.458621025085449,-11.543206214904785
759,25.299999237060547,0.09072917699813843,0.9092708230018616,0.0,0.0,0.0,2,0,1,8.187931060791016,8.187931060791016,0.9963768115942029,0.7281952500343323,5.458621025085449,-11.98404598236084
760,25.33333396911621,0.09072917699813843,0.9092708230018616,0.0,0.0,0.0,2,0,1,8.187931060791016,8.187931060791016,0.9963768115942029,0.7178889513015747,5.458621025085449,-13.556453704833984
761,25.366666793823242,0.09072917699813843,0.9092708230018616,0.0,0.0,0.0,2,0,1,8.187931060791016,8.187931060791016,0.9963768115942029,0.734620988368988,5.458621025085449,-13.403076171875
762,25.399999618530273,0.09072917699813843,0.9092708230018616,0.0,0.0,0.0,2,0,1,8.187931060791016,8.187931060791016,0.9963768115942029,0.8429304361343384,5.458621025085449,-12.489962577819824
763,25.433332443237305,0.09072917699813843,0.9092708230018616,0.0,0.0,0.0,2,0,1,8.187931060791016,8.187931060791016,0.9963768115942029,0.718408465385437,5.458621025085449,-12.97651195526123
764,25.46666717529297,0.09072917699813843,0.9092708230018616,0.0,0.0,0.0,2,0,1,8.187931060791016,8.187931060791016,0.9963768115942029,0.8131468892097473,5.458621025085449,-13.520747184753418
765,25.5,0.09072917699813843,0.9092708230018616,0.0,0.0,0.0,2,0,1,8.187931060791016,8.187931060791016,0.9963768115942029,0.786093533039093,5.458621025085449,-14.839410781860352
766,25.53333282470703,0.09072917699813843,0.9092708230018616,0.0,0.0,0.0,2,0,1,8.187931060791016,8.187931060791016,0.9963768115942029,0.7722040414810181,5.458621025085449,-14.50593090057373
767,25.566667556762695,0.09072917699813843,0.9092708230018616,0.0,0.0,0.0,2,0,1,8.187931060791016,8.187931060791016,0.9963768115942029,0.7830618023872375,5.458621025085449,-14.42397403717041
768,25.600000381469727,0.09072917699813843,0.9092708230018616,0.0,0.0,0.0,2,0,1,8.187931060791016,8.187931060791016,0.9963768115942029,0.7925438284873962,5.458621025085449,-14.172639846801758
769,25.633333206176758,0.09072917699813843,0.9092708230018616,0.0,0.0,0.0,2,0,1,8.187931060791016,8.187931060791016,0.9963768115942029,0.5903838872909546,5.458621025085449,-13.072360038757324
770,25.66666603088379,0.09072917699813843,0.9092708230018616,0.0,0.0,0.0,2,0,1,8.187931060791016,8.187931060791016,0.9963768115942029,0.6829862594604492,5.458621025085449,-12.932658195495605
771,25.700000762939453,0.09072917699813843,0.9092708230018616,0.0,0.0,0.0,2,0,1,8.187931060791016,8.187931060791016,0.9963768115942029,0.7409574389457703,5.458621025085449,-12.197124481201172
772,25.733333587646484,0.09072917699813843,0.9092708230018616,0.0,0.0,0.0,2,0,1,8.187931060791016,8.187931060791016,0.9963768115942029,0.8502574563026428,5.458621025085449,-12.325957298278809
773,25.766666412353516,0.09072917699813843,0.9092708230018616,0.0,0.0,0.0,2,0,1,8.187931060791016,8.187931060791016,0.9963768115942029,0.7347491383552551,5.458621025085449,-12.957995414733887
774,25.799999237060547,0.09072917699813843,0.9092708230018616,0.0,0.0,0.0,2,0,1,8.187931060791016,8.187931060791016,0.9963768115942029,0.7479397654533386,5.458621025085449,-13.264723777770996
775,25.83333396911621,0.09072917699813843,0.9092708230018616,0.0,0.0,0.0,2,0,1,8.187931060791016,8.187931060791016,0.9963768115942029,0.7849934697151184,5.458621025085449,-12.783884048461914
776,25.866666793823242,0.09072917699813843,0.9092708230018616,0.0,0.0,0.0,2,0,1,8.187931060791016,8.187931060791016,0.9963768115942029,0.6761631369590759,5.458621025085449,-12.863957405090332
777,25.899999618530273,0.09072917699813843,0.9092708230018616,0.0,0.0,0.0,2,0,1,8.187931060791016,8.187931060791016,0.9963768115942029,0.6905581951141357,5.458621025085449,-11.282563209533691
778,25.933332443237305,0.09072917699813843,0.9092708230018616,0.0,0.0,0.0,2,0,1,8.187931060791016,8.187931060791016,0.9963768115942029,0.6910022497177124,5.458621025085449,-11.15885066986084
779,25.96666717529297,0.09072917699813843,0.9092708230018616,0.0,0.0,0.0,2,0,1,8.187931060791016,8.187931060791016,0.9963768115942029,0.78337562084198,5.458621025085449,-11.57988166809082
780,26.0,0.09072917699813843,0.9092708230018616,0.0,0.0,0.0,2,0,1,8.187931060791016,8.187931060791016,0.9963768115942029,0.7545802593231201,5.458621025085449,-12.114090919494629
781,26.03333282470703,0.09072917699813843,0.9092708230018616,0.0,0.0,0.0,2,0,1,8.187931060791016,8.187931060791016,0.9963768115942029,0.7715892791748047,5.458621025085449,-12.742115020751953
782,26.066667556762695,0.09072917699813843,0.9092708230018616,0.0,0.0,0.0,2,0,1,8.187931060791016,8.187931060791016,0.9963768115942029,0.7329234480857849,5.458621025085449,-13.328802108764648
783,26.100000381469727,0.09072917699813843,0.9092708230018616,0.0,0.0,0.0,2,0,1,8.187931060791016,8.187931060791016,0.9963768115942029,0.7735821604728699,5.458621025085449,-13.996817588806152
784,26.133333206176758,0.09072917699813843,0.9092708230018616,0.0,0.0,0.0,2,0,1,8.187931060791016,8.187931060791016,0.9963768115942029,0.7382461428642273,5.458621025085449,-13.810833930969238
785,26.16666603088379,0.09072917699813843,0.9092708230018616,0.0,0.0,0.0,2,0,1,8.187931060791016,8.187931060791016,0.9963768115942029,0.7151952981948853,5.458621025085449,-13.170498847961426
786,26.200000762939453,0.09072917699813843,0.9092708230018616,0.0,0.0,0.0,2,0,1,8.187931060791016,8.187931060791016,0.9963768115942029,0.8027726411819458,5.458621025085449,-14.056050300598145
787,26.233333587646484,0.09072917699813843,0.9092708230018616,0.0,0.0,0.0,2,0,1,8.187931060791016,8.187931060791016,0.9963768115942029,0.7836009860038757,5.458621025085449,-14.417838096618652
788,26.266666412353516,0.09072917699813843,0.9092708230018616,0.0,0.0,0.0,2,0,1,8.187931060791016,8.187931060791016,0.9963768115942029,0.8277183771133423,5.458621025085449,-14.975200653076172
789,26.299999237060547,0.09072917699813843,0.9092708230018616,0.0,0.0,0.0,2,0,1,8.187931060791016,8.187931060791016,0.9963768115942029,0.7775004506111145,5.458621025085449,-14.438671112060547
790,26.33333396911621,0.09072917699813843,0.9092708230018616,0.0,0.0,0.0,2,0,1,8.187931060791016,8.187931060791016,0.9963768115942029,0.7940577864646912,5.458621025085449,-15.605562210083008
791,26.366666793823242,0.09072917699813843,0.9092708230018616,0.0,0.0,0.0,2,0,1,8.187931060791016,8.187931060791016,0.9963768115942029,0.6747642159461975,5.458621025085449,-15.089534759521484
792,26.399999618530273,0.09072917699813843,0.9092708230018616,0.0,0.0,0.0,2,0,1,8.187931060791016,8.187931060791016,0.9963768115942029,0.708489716053009,5.458621025085449,-14.841534614562988
793,26.433332443237305,0.09072917699813843,0.9092708230018616,0.0,0.0,0.0,2,0,1,8.187931060791016,8.187931060791016,0.9963768115942029,0.7416631579399109,5.458621025085449,-13.8048095703125
794,26.46666717529297,0.09072917699813843,0.9092708230018616,0.0,0.0,0.0,2,0,1,8.187931060791016,8.187931060791016,0.9963768115942029,0.8129057288169861,5.458621025085449,-13.826215744018555
795,26.5,0.09072917699813843,0.9092708230018616,0.0,0.0,0.0,2,0,1,8.187931060791016,8.187931060791016,0.9963768115942029,0.8129916191101074,5.458621025085449,-13.76706600189209
796,26.53333282470703,0.09072917699813843,0.9092708230018616,0.0,0.0,0.0,2,0,1,8.187931060791016,8.187931060791016,0.9963768115942029,0.8630433678627014,5.458621025085449,-13.900748252868652
797,26.566667556762695,0.09072917699813843,0.9092708230018616,0.0,0.0,0.0,2,0,1,8.187931060791016,8.187931060791016,0.9963768115942029,0.8375208377838135,5.458621025085449,-13.4523344039917
798,26.600000381469727,0.09072917699813843,0.9092708230018616,0.0,0.0,0.0,2,0,1,8.187931060791016,8.187931060791016,0.9963768115942029,0.8870714902877808,5.458621025085449,-13.359793663024902
799,26.633333206176758,0.09072917699813843,0.9092708230018616,0.0,0.0,0.0,2,0,1,8.187931060791016,8.187931060791016,0.9963768115942029,0.7280275821685791,5.458621025085449,-14.380502700805664
800,26.66666603088379,0.09072917699813843,0.9092708230018616,0.0,0.0,0.0,2,0,1,8.187931060791016,8.187931060791016,0.9963768115942029,0.7010518908500671,5.458621025085449,-13.236627578735352
801,26.700000762939453,0.09072917699813843,0.9092708230018616,0.0,0.0,0.0,2,0,1,8.187931060791016,8.187931060791016,0.9963768115942029,0.7675147652626038,5.458621025085449,-12.677957534790039
802,26.733333587646484,0.09072917699813843,0.9092708230018616,0.0,0.0,0.0,2,0,1,8.187931060791016,8.187931060791016,0.9963768115942029,0.7825636267662048,5.458621025085449,-12.80886173248291
803,26.766666412353516,0.09072917699813843,0.9092708230018616,0.0,0.0,0.0,2,0,1,8.187931060791016,8.187931060791016,0.9963768115942029,0.7038148045539856,5.458621025085449,-14.403002738952637
804,26.799999237060547,0.09072917699813843,0.9092708230018616,0.0,0.0,0.0,2,0,1,8.187931060791016,8.187931060791016,0.9963768115942029,0.6706205010414124,5.458621025085449,-14.303254127502441
805,26.83333396911621,0.09072917699813843,0.9092708230018616,0.0,0.0,0.0,2,0,1,8.187931060791016,8.187931060791016,0.9963768115942029,0.7793433666229248,5.458621025085449,-14.251392364501953
806,26.866666793823242,0.09072917699813843,0.9092708230018616,0.0,0.0,0.0,2,0,1,8.187931060791016,8.187931060791016,0.9963768115942029,0.7397602200508118,5.458621025085449,-14.268318176269531
807,26.899999618530273,0.09072917699813843,0.9092708230018616,0.0,0.0,0.0,2,0,1,8.187931060791016,8.187931060791016,0.9963768115942029,0.8523412346839905,5.458621025085449,-15.194770812988281
808,26.933332443237305,0.09072917699813843,0.9092708230018616,0.0,0.0,0.0,2,0,1,8.187931060791016,8.187931060791016,0.9963768115942029,0.6529330611228943,5.458621025085449,-14.805140495300293
809,26.96666717529297,0.09072917699813843,0.9092708230018616,0.0,0.0,0.0,2,0,1,8.187931060791016,8.187931060791016,0.9963768115942029,0.7649930715560913,5.458621025085449,-15.137944221496582
810,27.0,0.09072917699813843,0.9092708230018616,0.0,0.0,0.0,2,0,1,8.187931060791016,8.187931060791016,0.9963768115942029,0.7721503973007202,5.458621025085449,-15.501855850219727
811,27.03333282470703,0.09072917699813843,0.9092708230018616,0.0,0.0,0.0,2,0,1,8.187931060791016,8.187931060791016,0.9963768115942029,0.7875677347183228,5.458621025085449,-15.367517471313477
812,27.066667556762695,0.09072917699813843,0.9092708230018616,0.0,0.0,0.0,2,0,1,8.187931060791016,8.187931060791016,0.9963768115942029,0.7649046182632446,5.458621025085449,-14.522134780883789
813,27.100000381469727,0.09072917699813843,0.9092708230018616,0.0,0.0,0.0,2,0,1,8.187931060791016,8.187931060791016,0.9963768115942029,0.8139148354530334,5.458621025085449,-15.006951332092285
814,27.133333206176758,0.09072917699813843,0.9092708230018616,0.0,0.0,0.0,2,0,1,8.187931060791016,8.187931060791016,0.9963768115942029,0.8304489850997925,5.458621025085449,-15.289957046508789
815,27.16666603088379,0.09072917699813843,0.9092708230018616,0.0,0.0,0.0,2,0,1,8.187931060791016,8.187931060791016,0.9963768115942029,0.8437135219573975,5.458621025085449,-15.41991138458252
816,27.200000762939453,0.09072917699813843,0.9092708230018616,0.0,0.0,0.0,2,0,1,8.187931060791016,8.187931060791016,0.9963768115942029,0.8271222114562988,5.458621025085449,-14.518315315246582
817,27.233333587646484,0.09072917699813843,0.9092708230018616,0.0,0.0,0.0,2,0,1,8.187931060791016,8.187931060791016,0.9963768115942029,0.8521081209182739,5.458621025085449,-14.300384521484375
818,27.266666412353516,0.09072917699813843,0.9092708230018616,0.0,0.0,0.0,2,0,1,8.187931060791016,8.187931060791016,0.9963768115942029,0.874242901802063,5.458621025085449,-14.673578262329102
819,27.299999237060547,0.09072917699813843,0.9092708230018616,0.0,0.0,0.0,2,0,1,8.187931060791016,8.187931060791016,0.9963768115942029,0.7431246638298035,5.458621025085449,-14.04435920715332
820,27.33333396911621,0.09072917699813843,0.9092708230018616,0.0,0.0,0.0,2,0,1,8.187931060791016,8.187931060791016,0.9963768115942029,0.7145756483078003,5.458621025085449,-13.136393547058105
821,27.366666793823242,0.09072917699813843,0.9092708230018616,0.0,0.0,0.0,2,0,1,8.187931060791016,8.187931060791016,0.9963768115942029,0.6706302762031555,5.458621025085449,-13.403037071228027
822,27.399999618530273,0.09072917699813843,0.9092708230018616,0.0,0.0,0.0,2,0,1,8.187931060791016,8.187931060791016,0.9963768115942029,0.6790140867233276,5.458621025085449,-13.222113609313965
823,27.433332443237305,0.09072917699813843,0.9092708230018616,0.0,0.0,0.0,2,0,1,8.187931060791016,8.187931060791016,0.9963768115942029,0.5819289684295654,5.458621025085449,-12.14626693725586
824,27.46666717529297,0.09072917699813843,0.9092708230018616,0.0,0.0,0.0,2,0,1,8.187931060791016,8.187931060791016,0.9963768115942029,0.5920485258102417,5.458621025085449,-12.417267799377441
825,27.5,0.09072917699813843,0.9092708230018616,0.0,0.0,0.0,2,0,1,8.187931060791016,8.187931060791016,0.9963768115942029,0.6764926314353943,5.458621025085449,-12.540629386901855
826,27.53333282470703,0.09072917699813843,0.9092708230018616,0.0,0.0,0.0,2,0,1,8.187931060791016,8.187931060791016,0.9963768115942029,0.6668053269386292,5.458621025085449,-12.407831192016602
827,27.566667556762695,0.09072917699813843,0.9092708230018616,0.0,0.0,0.0,2,0,1,8.187931060791016,8.187931060791016,0.9963768115942029,0.7204594016075134,5.458621025085449,-10.714356422424316
828,27.600000381469727,0.09072917699813843,0.9092708230018616,0.0,0.0,0.0,2,0,1,8.187931060791016,8.187931060791016,0.9963768115942029,0.6687674522399902,5.458621025085449,-10.796562194824219
829,27.633333206176758,0.09072917699813843,0.9092708230018616,0.0,0.0,0.0,2,0,1,8.187931060791016,8.187931060791016,0.9963768115942029,0.6517317295074463,5.458621025085449,-11.727768898010254
830,27.66666603088379,0.09072917699813843,0.9092708230018616,0.0,0.0,0.0,2,0,1,8.187931060791016,8.187931060791016,0.9963768115942029,0.7443147897720337,5.458621025085449,-11.755074501037598
831,27.700000762939453,0.09072917699813843,0.9092708230018616,0.0,0.0,0.0,2,0,1,8.187931060791016,8.187931060791016,0.9963768115942029,0.7692230939865112,5.458621025085449,-12.110058784484863
832,27.733333587646484,0.09072917699813843,0.9092708230018616,0.0,0.0,0.0,2,0,1,8.187931060791016,8.187931060791016,0.9963768115942029,0.7472432255744934,5.458621025085449,-12.814287185668945
833,27.766666412353516,0.09072917699813843,0.9092708230018616,0.0,0.0,0.0,2,0,1,8.187931060791016,8.187931060791016,0.9963768115942029,0.7206451892852783,5.458621025085449,-13.490303993225098
834,27.799999237060547,0.09072917699813843,0.9092708230018616,0.0,0.0,0.0,2,0,1,8.187931060791016,8.187931060791016,0.9963768115942029,0.8121647238731384,5.458621025085449,-13.91195011138916
835,27.83333396911621,0.09072917699813843,0.9092708230018616,0.0,0.0,0.0,2,0,1,8.187931060791016,8.187931060791016,0.9963768115942029,0.7810304164886475,5.458621025085449,-13.348530769348145
836,27.866666793823242,0.09072917699813843,0.9092708230018616,0.0,0.0,0.0,2,0,1,8.187931060791016,8.187931060791016,0.9963768115942029,0.713668704032898,5.458621025085449,-13.591394424438477
837,27.899999618530273,0.09072917699813843,0.9092708230018616,0.0,0.0,0.0,2,0,1,8.187931060791016,8.187931060791016,0.9963768115942029,0.8382251262664795,5.458621025085449,-13.510540962219238
838,27.933332443237305,0.09072917699813843,0.9092708230018616,0.0,0.0,0.0,2,0,1,8.187931060791016,8.187931060791016,0.9963768115942029,0.7915838360786438,5.458621025085449,-14.324803352355957
839,27.96666717529297,0.09072917699813843,0.9092708230018616,0.0,0.0,0.0,2,0,1,8.187931060791016,8.187931060791016,0.9963768115942029,0.6506490707397461,5.458621025085449,-12.867277145385742
840,28.0,0.09072917699813843,0.9092708230018616,0.0,0.0,0.0,2,0,1,8.187931060791016,8.187931060791016,0.9963768115942029,0.6539486646652222,5.458621025085449,-13.168654441833496
841,28.03333282470703,0.09072917699813843,0.9092708230018616,0.0,0.0,0.0,2,0,1,8.187931060791016,8.187931060791016,0.9963768115942029,0.7999519109725952,5.458621025085449,-13.433920860290527
842,28.066667556762695,0.09072917699813843,0.9092708230018616,0.0,0.0,0.0,2,0,1,8.187931060791016,8.187931060791016,0.9963768115942029,0.7893531918525696,5.458621025085449,-13.529494285583496
843,28.100000381469727,0.09072917699813843,0.9092708230018616,0.0,0.0,0.0,2,0,1,8.187931060791016,8.187931060791016,0.9963768115942029,0.9057398438453674,5.458621025085449,-12.86729907989502
844,28.133333206176758,0.09072917699813843,0.9092708230018616,0.0,0.0,0.0,2,0,1,8.187931060791016,8.187931060791016,0.9963768115942029,0.8057145476341248,5.458621025085449,-12.61199951171875
845,28.16666603088379,0.09072917699813843,0.9092708230018616,0.0,0.0,0.0,2,0,1,8.187931060791016,8.187931060791016,0.9963768115942029,0.7317607402801514,5.458621025085449,-13.018912315368652
846,28.200000762939453,0.09072917699813843,0.9092708230018616,0.0,0.0,0.0,2,0,1,8.187931060791016,8.187931060791016,0.9963768115942029,0.7182983160018921,5.458621025085449,-12.182392120361328
847,28.233333587646484,0.09072917699813843,0.9092708230018616,0.0,0.0,0.0,2,0,1,8.187931060791016,8.187931060791016,0.9963768115942029,0.6458674073219299,5.458621025085449,-11.647650718688965
848,28.266666412353516,0.09072917699813843,0.9092708230018616,0.0,0.0,0.0,2,0,1,8.187931060791016,8.187931060791016,0.9963768115942029,0.7024258971214294,5.458621025085449,-12.132840156555176
849,28.299999237060547,0.09072917699813843,0.9092708230018616,0.0,0.0,0.0,2,0,1,8.187931060791016,8.187931060791016,0.9963768115942029,0.73332679271698,5.458621025085449,-11.840513229370117
850,28.33333396911621,0.09072917699813843,0.9092708230018616,0.0,0.0,0.0,2,0,1,8.187931060791016,8.187931060791016,0.9963768115942029,0.7348984479904175,5.458621025085449,-12.496173858642578
851,28.366666793823242,0.09072917699813843,0.9092708230018616,0.0,0.0,0.0,2,0,1,8.187931060791016,8.187931060791016,0.9963768115942029,0.7258650064468384,5.458621025085449,-13.174612998962402
852,28.399999618530273,0.09072917699813843,0.9092708230018616,0.0,0.0,0.0,2,0,1,8.187931060791016,8.187931060791016,0.9963768115942029,0.7465797066688538,5.458621025085449,-13.31444263458252
853,28.433332443237305,0.09072917699813843,0.9092708230018616,0.0,0.0,0.0,2,0,1,8.187931060791016,8.187931060791016,0.9963768115942029,0.7535226941108704,5.458621025085449,-13.927342414855957
854,28.46666717529297,0.09072917699813843,0.9092708230018616,0.0,0.0,0.0,2,0,1,8.187931060791016,8.187931060791016,0.9963768115942029,0.7574702501296997,5.458621025085449,-13.324780464172363
855,28.5,0.09072917699813843,0.9092708230018616,0.0,0.0,0.0,2,0,1,8.187931060791016,8.187931060791016,0.9963768115942029,0.7315205335617065,5.458621025085449,-13.4539794921875
856,28.53333282470703,0.09072917699813843,0.9092708230018616,0.0,0.0,0.0,2,0,1,8.187931060791016,8.187931060791016,0.9963768115942029,0.7149763703346252,5.458621025085449,-13.674958229064941
857,28.566667556762695,0.09072917699813843,0.9092708230018616,0.0,0.0,0.0,2,0,1,8.187931060791016,8.187931060791016,0.9963768115942029,0.7345932126045227,5.458621025085449,-14.462611198425293
858,28.600000381469727,0.09072917699813843,0.9092708230018616,0.0,0.0,0.0,2,0,1,8.187931060791016,8.187931060791016,0.9963768115942029,0.761046826839447,5.458621025085449,-14.766651153564453
859,28.633333206176758,0.09072917699813843,0.9092708230018616,0.0,0.0,0.0,2,0,1,8.187931060791016,8.187931060791016,0.9963768115942029,0.731344997882843,5.458621025085449,-15.421076774597168
860,28.66666603088379,0.09072917699813843,0.9092708230018616,0.0,0.0,0.0,2,0,1,8.187931060791016,8.187931060791016,0.9963768115942029,0.7867112159729004,5.458621025085449,-15.404707908630371
861,28.700000762939453,0.09072917699813843,0.9092708230018616,0.0,0.0,0.0,2,0,1,8.187931060791016,8.187931060791016,0.9963768115942029,0.7029904127120972,5.458621025085449,-15.477778434753418
862,28.733333587646484,0.09072917699813843,0.9092708230018616,0.0,0.0,0.0,2,0,1,8.187931060791016,8.187931060791016,0.9963768115942029,0.7307422161102295,5.458621025085449,-14.841171264648438
863,28.766666412353516,0.09072917699813843,0.9092708230018616,0.0,0.0,0.0,2,0,1,8.187931060791016,8.187931060791016,0.9963768115942029,0.7507039308547974,5.458621025085449,-14.291851043701172
864,28.799999237060547,0.09072917699813843,0.9092708230018616,0.0,0.0,0.0,2,0,1,8.187931060791016,8.187931060791016,0.9963768115942029,0.7343445420265198,5.458621025085449,-13.843426704406738
865,28.83333396911621,0.09072917699813843,0.9092708230018616,0.0,0.0,0.0,2,0,1,8.187931060791016,8.187931060791016,0.9963768115942029,0.7334076166152954,5.458621025085449,-14.06361198425293
866,28.866666793823242,0.09072917699813843,0.9092708230018616,0.0,0.0,0.0,2,0,1,8.187931060791016,8.187931060791016,0.9963768115942029,0.8056619763374329,5.458621025085449,-13.639057159423828
867,28.899999618530273,0.09072917699813843,0.9092708230018616,0.0,0.0,0.0,2,0,1,8.187931060791016,8.187931060791016,0.9963768115942029,0.7151630520820618,5.458621025085449,-13.818083763122559
868,28.933332443237305,0.09072917699813843,0.9092708230018616,0.0,0.0,0.0,2,0,1,8.187931060791016,8.187931060791016,0.9963768115942029,0.7034717798233032,5.458621025085449,-13.456451416015625
869,28.96666717529297,0.09072917699813843,0.9092708230018616,0.0,0.0,0.0,2,0,1,8.187931060791016,8.187931060791016,0.9963768115942029,0.688171923160553,5.458621025085449,-13.18018913269043
870,29.0,0.09072917699813843,0.9092708230018616,0.0,0.0,0.0,2,0,1,8.187931060791016,8.187931060791016,0.9963768115942029,0.6532762050628662,5.458621025085449,-13.455772399902344
871,29.03333282470703,0.09072917699813843,0.9092708230018616,0.0,0.0,0.0,2,0,1,8.187931060791016,8.187931060791016,0.9963768115942029,0.7061766386032104,5.458621025085449,-12.792201042175293
872,29.066667556762695,0.09072917699813843,0.9092708230018616,0.0,0.0,0.0,2,0,1,8.187931060791016,8.187931060791016,0.9963768115942029,0.6939420700073242,5.458621025085449,-12.079854965209961
873,29.100000381469727,0.09072917699813843,0.9092708230018616,0.0,0.0,0.0,2,0,1,8.187931060791016,8.187931060791016,0.9963768115942029,0.7294046878814697,5.458621025085449,-12.229883193969727
874,29.133333206176758,0.09072917699813843,0.9092708230018616,0.0,0.0,0.0,2,0,1,8.187931060791016,8.187931060791016,0.9963768115942029,0.7361085414886475,5.458621025085449,-12.277462005615234
875,29.16666603088379,0.09072917699813843,0.9092708230018616,0.0,0.0,0.0,2,0,1,8.187931060791016,8.187931060791016,0.9963768115942029,0.6948147416114807,5.458621025085449,-12.631584167480469
876,29.200000762939453,0.09072917699813843,0.9092708230018616,0.0,0.0,0.0,2,0,1,8.187931060791016,8.187931060791016,0.9963768115942029,0.7179109454154968,5.458621025085449,-12.008155822753906
877,29.233333587646484,0.09072917699813843,0.9092708230018616,0.0,0.0,0.0,2,0,1,8.187931060791016,8.187931060791016,0.9963768115942029,0.6564980149269104,5.458621025085449,-12.589122772216797
878,29.266666412353516,0.09072917699813843,0.9092708230018616,0.0,0.0,0.0,2,0,1,8.187931060791016,8.187931060791016,0.9963768115942029,0.8169828057289124,5.458621025085449,-13.12791633605957
879,29.299999237060547,0.09072917699813843,0.9092708230018616,0.0,0.0,0.0,2,0,1,8.187931060791016,8.187931060791016,0.9963768115942029,0.7612771391868591,5.458621025085449,-14.12291145324707
880,29.33333396911621,0.09072917699813843,0.9092708230018616,0.0,0.0,0.0,2,0,1,8.187931060791016,8.187931060791016,0.9963768115942029,0.867454469203949,5.458621025085449,-13.48154067993164
881,29.366666793823242,0.09072917699813843,0.9092708230018616,0.0,0.0,0.0,2,0,1,8.187931060791016,8.187931060791016,0.9963768115942029,0.7747419476509094,5.458621025085449,-13.44255542755127
882,29.399999618530273,0.09072917699813843,0.9092708230018616,0.0,0.0,0.0,2,0,1,8.187931060791016,8.187931060791016,0.9963768115942029,0.7989124059677124,5.458621025085449,-13.427958488464355
883,29.433332443237305,0.09072917699813843,0.9092708230018616,0.0,0.0,0.0,2,0,1,8.187931060791016,8.187931060791016,0.9963768115942029,0.7690773010253906,5.458621025085449,-14.39535903930664
884,29.46666717529297,0.09072917699813843,0.9092708230018616,0.0,0.0,0.0,2,0,1,8.187931060791016,8.187931060791016,0.9963768115942029,0.8197634816169739,5.458621025085449,-14.876564025878906
885,29.5,0.09072917699813843,0.9092708230018616,0.0,0.0,0.0,2,0,1,8.187931060791016,8.187931060791016,0.9963768115942029,0.7130013704299927,5.458621025085449,-15.436866760253906
886,29.53333282470703,0.09072917699813843,0.9092708230018616,0.0,0.0,0.0,2,0,1,8.187931060791016,8.187931060791016,0.9963768115942029,0.6893847584724426,5.458621025085449,-14.649862289428711
887,29.566667556762695,0.09072917699813843,0.9092708230018616,0.0,0.0,0.0,2,0,1,8.187931060791016,8.187931060791016,0.9963768115942029,0.6567432880401611,5.458621025085449,-13.873845100402832
888,29.600000381469727,0.09072917699813843,0.9092708230018616,0.0,0.0,0.0,2,0,1,8.187931060791016,8.187931060791016,0.9963768115942029,0.651266872882843,5.458621025085449,-13.904169082641602
889,29.633333206176758,0.09072917699813843,0.9092708230018616,0.0,0.0,0.0,2,0,1,8.187931060791016,8.187931060791016,0.9963768115942029,0.7849704027175903,5.458621025085449,-13.293073654174805
890,29.66666603088379,0.09072917699813843,0.9092708230018616,0.0,0.0,0.0,2,0,1,8.187931060791016,8.187931060791016,0.9963768115942029,0.7869572043418884,5.458621025085449,-12.746404647827148
891,29.700000762939453,0.09072917699813843,0.9092708230018616,0.0,0.0,0.0,2,0,1,8.187931060791016,8.187931060791016,0.9963768115942029,0.7655580639839172,5.458621025085449,-12.74222183227539
892,29.733333587646484,0.09072917699813843,0.9092708230018616,0.0,0.0,0.0,2,0,1,8.187931060791016,8.187931060791016,0.9963768115942029,0.7474310398101807,5.458621025085449,-12.946154594421387
893,29.766666412353516,0.09072917699813843,0.9092708230018616,0.0,0.0,0.0,2,0,1,8.187931060791016,8.187931060791016,0.9963768115942029,0.6949239373207092,5.458621025085449,-13.287690162658691
894,29.799999237060547,0.09072917699813843,0.9092708230018616,0.0,0.0,0.0,2,0,1,8.187931060791016,8.187931060791016,0.9963768115942029,0.6832364797592163,5.458621025085449,-13.077130317687988
895,29.83333396911621,0.09072917699813843,0.9092708230018616,0.0,0.0,0.0,2,0,1,8.187931060791016,8.187931060791016,0.9963768115942029,0.5624006986618042,5.458621025085449,-13.202916145324707
896,29.866666793823242,0.09072917699813843,0.9092708230018616,0.0,0.0,0.0,2,0,1,8.187931060791016,8.187931060791016,0.9963768115942029,0.7144958972930908,5.458621025085449,-13.567366600036621
897,29.899999618530273,0.09072917699813843,0.9092708230018616,0.0,0.0,0.0,2,0,1,8.187931060791016,8.187931060791016,0.9963768115942029,0.7105045914649963,5.458621025085449,-12.600137710571289
898,29.933332443237305,0.09072917699813843,0.9092708230018616,0.0,0.0,0.0,2,0,1,8.187931060791016,8.187931060791016,0.9963768115942029,0.7421022653579712,5.458621025085449,-11.974841117858887
899,29.96666717529297,0.09072917699813843,0.9092708230018616,0.0,0.0,0.0,2,0,1,8.187931060791016,8.187931060791016,0.9963768115942029,0.7079217433929443,5.458621025085449,-11.534341812133789
900,30.0,0.09072917699813843,0.9092708230018616,0.0,0.0,0.0,2,0,1,8.187931060791016,8.187931060791016,0.9963768115942029,0.718589723110199,5.458621025085449,-12.229439735412598
901,30.03333282470703,0.09072917699813843,0.9092708230018616,0.0,0.0,0.0,2,0,1,8.187931060791016,8.187931060791016,0.9963768115942029,0.7589952349662781,5.458621025085449,-12.954261779785156
902,30.066667556762695,0.09072917699813843,0.9092708230018616,0.0,0.0,0.0,2,0,1,8.187931060791016,8.187931060791016,0.9963768115942029,0.7600194811820984,5.458621025085449,-12.972807884216309
903,30.100000381469727,0.09072917699813843,0.9092708230018616,0.0,0.0,0.0,2,0,1,8.187931060791016,8.187931060791016,0.9963768115942029,0.7805432081222534,5.458621025085449,-13.242841720581055
904,30.133333206176758,0.09072917699813843,0.9092708230018616,0.0,0.0,0.0,2,0,1,8.187931060791016,8.187931060791016,0.9963768115942029,0.7056583166122437,5.458621025085449,-13.759358406066895
905,30.16666603088379,0.09072917699813843,0.9092708230018616,0.0,0.0,0.0,2,0,1,8.187931060791016,8.187931060791016,0.9963768115942029,0.7124723196029663,5.458621025085449,-13.831053733825684
906,30.200000762939453,0.09072917699813843,0.9092708230018616,0.0,0.0,0.0,2,0,1,8.187931060791016,8.187931060791016,0.9963768115942029,0.6873705387115479,5.458621025085449,-14.142500877380371
907,30.233333587646484,0.09072917699813843,0.9092708230018616,0.0,0.0,0.0,2,0,1,8.187931060791016,8.187931060791016,0.9963768115942029,0.6833897233009338,5.458621025085449,-14.220788955688477
908,30.266666412353516,0.09072917699813843,0.9092708230018616,0.0,0.0,0.0,2,0,1,8.187931060791016,8.187931060791016,0.9963768115942029,0.6327080726623535,5.458621025085449,-14.403770446777344
909,30.299999237060547,0.09072917699813843,0.9092708230018616,0.0,0.0,0.0,2,0,1,8.187931060791016,8.187931060791016,0.9963768115942029,0.6181582808494568,5.458621025085449,-13.67632007598877
910,30.33333396911621,0.09072917699813843,0.9092708230018616,0.0,0.0,0.0,2,0,1,8.187931060791016,8.187931060791016,0.9963768115942029,0.7099539041519165,5.458621025085449,-13.145488739013672
911,30.366666793823242,0.09072917699813843,0.9092708230018616,0.0,0.0,0.0,2,0,1,8.187931060791016,8.187931060791016,0.9963768115942029,0.6873586177825928,5.458621025085449,-14.06343936920166
912,30.399999618530273,0.09072917699813843,0.9092708230018616,0.0,0.0,0.0,2,0,1,8.187931060791016,8.187931060791016,0.9963768115942029,0.6064186096191406,5.458621025085449,-12.398200035095215
913,30.433332443237305,0.09072917699813843,0.9092708230018616,0.0,0.0,0.0,2,0,1,8.187931060791016,8.187931060791016,0.9963768115942029,0.7084978222846985,5.458621025085449,-13.31883430480957
914,30.46666717529297,0.09072917699813843,0.9092708230018616,0.0,0.0,0.0,2,0,1,8.187931060791016,8.187931060791016,0.9963768115942029,0.8270660638809204,5.458621025085449,-13.587409019470215
915,30.5,0.09072917699813843,0.9092708230018616,0.0,0.0,0.0,2,0,1,8.187931060791016,8.187931060791016,0.9963768115942029,0.7001850008964539,5.458621025085449,-13.134663581848145
916,30.53333282470703,0.09072917699813843,0.9092708230018616,0.0,0.0,0.0,2,0,1,8.187931060791016,8.187931060791016,0.9963768115942029,0.7521393299102783,5.458621025085449,-14.087364196777344
917,30.566667556762695,0.09072917699813843,0.9092708230018616,0.0,0.0,0.0,2,0,1,8.187931060791016,8.187931060791016,0.9963768115942029,0.8175734281539917,5.458621025085449,-14.552026748657227
918,30.600000381469727,0.09072917699813843,0.9092708230018616,0.0,0.0,0.0,2,0,1,8.187931060791016,8.187931060791016,0.9963768115942029,0.8612189292907715,5.458621025085449,-14.68960952758789
919,30.633333206176758,0.09072917699813843,0.9092708230018616,0.0,0.0,0.0,2,0,1,8.187931060791016,8.187931060791016,0.9963768115942029,0.7966312766075134,5.458621025085449,-12.744575500488281
920,30.66666603088379,0.09072917699813843,0.9092708230018616,0.0,0.0,0.0,2,0,1,8.187931060791016,8.187931060791016,0.9963768115942029,0.7686026096343994,5.458621025085449,-11.686613082885742
921,30.700000762939453,0.09072917699813843,0.9092708230018616,0.0,0.0,0.0,2,0,1,8.187931060791016,8.187931060791016,0.9963768115942029,0.7460191249847412,5.458621025085449,-12.435614585876465
922,30.733333587646484,0.09072917699813843,0.9092708230018616,0.0,0.0,0.0,2,0,1,8.187931060791016,8.187931060791016,0.9963768115942029,0.7834374904632568,5.458621025085449,-12.343717575073242
923,30.766666412353516,0.09072917699813843,0.9092708230018616,0.0,0.0,0.0,2,0,1,8.187931060791016,8.187931060791016,0.9963768115942029,0.8039787411689758,5.458621025085449,-12.9755220413208
924,30.799999237060547,0.09072917699813843,0.9092708230018616,0.0,0.0,0.0,2,0,1,8.187931060791016,8.187931060791016,0.9963768115942029,0.8018444180488586,5.458621025085449,-13.356325149536133
925,30.83333396911621,0.09072917699813843,0.9092708230018616,0.0,0.0,0.0,2,0,1,8.187931060791016,8.187931060791016,0.9963768115942029,0.8629602789878845,5.458621025085449,-14.161979675292969
926,30.866666793823242,0.09072917699813843,0.9092708230018616,0.0,0.0,0.0,2,0,1,8.187931060791016,8.187931060791016,0.9963768115942029,0.8050355911254883,5.458621025085449,-14.57260799407959
927,30.899999618530273,0.09072917699813843,0.9092708230018616,0.0,0.0,0.0,2,0,1,8.187931060791016,8.187931060791016,0.9963768115942029,0.7847084999084473,5.458621025085449,-15.099353790283203
928,30.933332443237305,0.09072917699813843,0.9092708230018616,0.0,0.0,0.0,2,0,1,8.187931060791016,8.187931060791016,0.9963768115942029,0.7982220649719238,5.458621025085449,-14.887938499450684
929,30.96666717529297,0.09072917699813843,0.9092708230018616,0.0,0.0,0.0,2,0,1,8.187931060791016,8.187931060791016,0.9963768115942029,0.7936603426933289,5.458621025085449,-15.131730079650879
930,31.0,0.09072917699813843,0.9092708230018616,0.0,0.0,0.0,2,0,1,8.187931060791016,8.187931060791016,0.9963768115942029,0.7456453442573547,5.458621025085449,-15.217924118041992
931,31.03333282470703,0.09072917699813843,0.9092708230018616,0.0,0.0,0.0,2,0,1,8.187931060791016,8.187931060791016,0.9963768115942029,0.7366486191749573,5.458621025085449,-15.161526679992676
932,31.066667556762695,0.09072917699813843,0.9092708230018616,0.0,0.0,0.0,2,0,1,8.187931060791016,8.187931060791016,0.9963768115942029,0.8408424258232117,5.458621025085449,-15.58466625213623
933,31.100000381469727,0.09072917699813843,0.9092708230018616,0.0,0.0,0.0,2,0,1,8.187931060791016,8.187931060791016,0.9963768115942029,0.9214441776275635,5.458621025085449,-16.31734848022461
934,31.133333206176758,0.09072917699813843,0.9092708230018616,0.0,0.0,0.0,2,0,1,8.187931060791016,8.187931060791016,0.9963768115942029,0.9191378951072693,5.458621025085449,-16.09975814819336
935,31.16666603088379,0.09072917699813843,0.9092708230018616,0.0,0.0,0.0,2,0,1,8.187931060791016,8.187931060791016,0.9963768115942029,0.751714289188385,5.458621025085449,-15.293526649475098
936,31.200000762939453,0.09072917699813843,0.9092708230018616,0.0,0.0,0.0,2,0,1,8.187931060791016,8.187931060791016,0.9963768115942029,0.7928203344345093,5.458621025085449,-14.779948234558105
937,31.233333587646484,0.09072917699813843,0.9092708230018616,0.0,0.0,0.0,2,0,1,8.187931060791016,8.187931060791016,0.9963768115942029,0.8070200085639954,5.458621025085449,-15.110530853271484
938,31.266666412353516,0.09072917699813843,0.9092708230018616,0.0,0.0,0.0,2,0,1,8.187931060791016,8.187931060791016,0.9963768115942029,0.7516677379608154,5.458621025085449,-14.823291778564453
939,31.299999237060547,0.09072917699813843,0.9092708230018616,0.0,0.0,0.0,2,0,1,8.187931060791016,8.187931060791016,0.9963768115942029,0.781369149684906,5.458621025085449,-13.630414962768555
940,31.33333396911621,0.09072917699813843,0.9092708230018616,0.0,0.0,0.0,2,0,1,8.187931060791016,8.187931060791016,0.9963768115942029,0.8216361403465271,5.458621025085449,-13.466344833374023
941,31.366666793823242,0.09072917699813843,0.9092708230018616,0.0,0.0,0.0,2,0,1,8.187931060791016,8.187931060791016,0.9963768115942029,0.7750738263130188,5.458621025085449,-14.675809860229492
942,31.399999618530273,0.09072917699813843,0.9092708230018616,0.0,0.0,0.0,2,0,1,8.187931060791016,8.187931060791016,0.9963768115942029,0.8017389178276062,5.458621025085449,-14.31863021850586
943,31.433332443237305,0.09072917699813843,0.9092708230018616,0.0,0.0,0.0,2,0,1,8.187931060791016,8.187931060791016,0.9963768115942029,0.7057780623435974,5.458621025085449,-14.41236400604248
944,31.46666717529297,0.09072917699813843,0.9092708230018616,0.0,0.0,0.0,2,0,1,8.187931060791016,8.187931060791016,0.9963768115942029,0.8144773840904236,5.458621025085449,-14.299768447875977
945,31.5,0.09072917699813843,0.9092708230018616,0.0,0.0,0.0,2,0,1,8.187931060791016,8.187931060791016,0.9963768115942029,0.7291640043258667,5.458621025085449,-14.270463943481445
946,31.53333282470703,0.09072917699813843,0.9092708230018616,0.0,0.0,0.0,2,0,1,8.187931060791016,8.187931060791016,0.9963768115942029,0.7263927459716797,5.458621025085449,-14.552937507629395
947,31.566667556762695,0.09072917699813843,0.9092708230018616,0.0,0.0,0.0,2,0,1,8.187931060791016,8.187931060791016,0.9963768115942029,0.7859836220741272,5.458621025085449,-13.108800888061523
948,31.600000381469727,0.09072917699813843,0.9092708230018616,0.0,0.0,0.0,2,0,1,8.187931060791016,8.187931060791016,0.9963768115942029,0.7530697584152222,5.458621025085449,-13.5045166015625
949,31.633333206176758,0.09072917699813843,0.9092708230018616,0.0,0.0,0.0,2,0,1,8.187931060791016,8.187931060791016,0.9963768115942029,0.8144375085830688,5.458621025085449,-12.762432098388672
950,31.66666603088379,0.09072917699813843,0.9092708230018616,0.0,0.0,0.0,2,0,1,8.187931060791016,8.187931060791016,0.9963768115942029,0.7867307066917419,5.458621025085449,-12.944085121154785
951,31.700000762939453,0.09072917699813843,0.9092708230018616,0.0,0.0,0.0,2,0,1,8.187931060791016,8.187931060791016,0.9963768115942029,0.818332850933075,5.458621025085449,-13.728822708129883
952,31.733333587646484,0.09072917699813843,0.9092708230018616,0.0,0.0,0.0,2,0,1,8.187931060791016,8.187931060791016,0.9963768115942029,0.7953969240188599,5.458621025085449,-14.104888916015625
953,31.766666412353516,0.09072917699813843,0.9092708230018616,0.0,0.0,0.0,2,0,1,8.187931060791016,8.187931060791016,0.9963768115942029,0.8561949729919434,5.458621025085449,-13.458840370178223
954,31.799999237060547,0.09072917699813843,0.9092708230018616,0.0,0.0,0.0,2,0,1,8.187931060791016,8.187931060791016,0.9963768115942029,0.8306832909584045,5.458621025085449,-13.834660530090332
955,31.83333396911621,0.09072917699813843,0.9092708230018616,0.0,0.0,0.0,2,0,1,8.187931060791016,8.187931060791016,0.9963768115942029,0.7430853843688965,5.458621025085449,-13.734528541564941
956,31.866666793823242,0.09072917699813843,0.9092708230018616,0.0,0.0,0.0,2,0,1,8.187931060791016,8.187931060791016,0.9963768115942029,0.7373910546302795,5.458621025085449,-14.258572578430176
957,31.899999618530273,0.09072917699813843,0.9092708230018616,0.0,0.0,0.0,2,0,1,8.187931060791016,8.187931060791016,0.9963768115942029,0.7775671482086182,5.458621025085449,-14.282115936279297
958,31.933332443237305,0.09072917699813843,0.9092708230018616,0.0,0.0,0.0,2,0,1,8.187931060791016,8.187931060791016,0.9963768115942029,0.7757778167724609,5.458621025085449,-15.151124954223633
959,31.96666717529297,0.09072917699813843,0.9092708230018616,0.0,0.0,0.0,2,0,1,8.187931060791016,8.187931060791016,0.9963768115942029,0.763024628162384,5.458621025085449,-14.390103340148926
960,32.0,0.09072917699813843,0.9092708230018616,0.0,0.0,0.0,2,0,1,8.187931060791016,8.187931060791016,0.9963768115942029,0.8006365299224854,5.458621025085449,-14.967995643615723
961,32.03333282470703,0.09072917699813843,0.9092708230018616,0.0,0.0,0.0,2,0,1,8.187931060791016,8.187931060791016,0.9963768115942029,0.7229242324829102,5.458621025085449,-14.001447677612305
962,32.06666564941406,0.09072917699813843,0.9092708230018616,0.0,0.0,0.0,2,0,1,8.187931060791016,8.187931060791016,0.9963768115942029,0.7488399147987366,5.458621025085449,-14.730603218078613
963,32.099998474121094,0.09072917699813843,0.9092708230018616,0.0,0.0,0.0,2,0,1,8.187931060791016,8.187931060791016,0.9963768115942029,0.7761918306350708,5.458621025085449,-13.966012954711914
964,32.13333511352539,0.09072917699813843,0.9092708230018616,0.0,0.0,0.0,2,0,1,8.187931060791016,8.187931060791016,0.9963768115942029,0.733626663684845,5.458621025085449,-13.910839080810547
965,32.16666793823242,0.09072917699813843,0.9092708230018616,0.0,0.0,0.0,2,0,1,8.187931060791016,8.187931060791016,0.9963768115942029,0.6997739672660828,5.458621025085449,-13.200093269348145
966,32.20000076293945,0.09072917699813843,0.9092708230018616,0.0,0.0,0.0,2,0,1,8.187931060791016,8.187931060791016,0.9963768115942029,0.7192039489746094,5.458621025085449,-14.493340492248535
967,32.233333587646484,0.09072917699813843,0.9092708230018616,0.0,0.0,0.0,2,0,1,8.187931060791016,8.187931060791016,0.9963768115942029,0.7262423038482666,5.458621025085449,-14.466215133666992
968,32.266666412353516,0.09072917699813843,0.9092708230018616,0.0,0.0,0.0,2,0,1,8.187931060791016,8.187931060791016,0.9963768115942029,0.7710027694702148,5.458621025085449,-14.731910705566406
969,32.29999923706055,0.09072917699813843,0.9092708230018616,0.0,0.0,0.0,2,0,1,8.187931060791016,8.187931060791016,0.9963768115942029,0.7249565720558167,5.458621025085449,-13.643683433532715
970,32.33333206176758,0.09072917699813843,0.9092708230018616,0.0,0.0,0.0,2,0,1,8.187931060791016,8.187931060791016,0.9963768115942029,0.8138702511787415,5.458621025085449,-14.501638412475586
971,32.36666488647461,0.09072917699813843,0.9092708230018616,0.0,0.0,0.0,2,0,1,8.187931060791016,8.187931060791016,0.9963768115942029,0.8041495084762573,5.458621025085449,-14.119205474853516
972,32.400001525878906,0.09072917699813843,0.9092708230018616,0.0,0.0,0.0,2,0,1,8.187931060791016,8.187931060791016,0.9963768115942029,0.7748465538024902,5.458621025085449,-13.793423652648926
973,32.43333435058594,0.09072917699813843,0.9092708230018616,0.0,0.0,0.0,2,0,1,8.187931060791016,8.187931060791016,0.9963768115942029,0.7517436742782593,5.458621025085449,-13.693588256835938
974,32.46666717529297,0.09072917699813843,0.9092708230018616,0.0,0.0,0.0,2,0,1,8.187931060791016,8.187931060791016,0.9963768115942029,0.7190863490104675,5.458621025085449,-13.376094818115234
975,32.5,0.09072917699813843,0.9092708230018616,0.0,0.0,0.0,2,0,1,8.187931060791016,8.187931060791016,0.9963768115942029,0.7484228610992432,5.458621025085449,-12.632890701293945
976,32.53333282470703,0.09072917699813843,0.9092708230018616,0.0,0.0,0.0,2,0,1,8.187931060791016,8.187931060791016,0.9963768115942029,0.7309728860855103,5.458621025085449,-12.581243515014648
977,32.56666564941406,0.09072917699813843,0.9092708230018616,0.0,0.0,0.0,2,0,1,8.187931060791016,8.187931060791016,0.9963768115942029,0.7316511869430542,5.458621025085449,-11.932042121887207
978,32.599998474121094,0.09072917699813843,0.9092708230018616,0.0,0.0,0.0,2,0,1,8.187931060791016,8.187931060791016,0.9963768115942029,0.6821277141571045,5.458621025085449,-12.285585403442383
979,32.63333511352539,0.09072917699813843,0.9092708230018616,0.0,0.0,0.0,2,0,1,8.187931060791016,8.187931060791016,0.9963768115942029,0.6746742725372314,5.458621025085449,-12.1856050491333
980,32.66666793823242,0.09072917699813843,0.9092708230018616,0.0,0.0,0.0,2,0,1,8.187931060791016,8.187931060791016,0.9963768115942029,0.6354320049285889,5.458621025085449,-12.395563125610352
981,32.70000076293945,0.09072917699813843,0.9092708230018616,0.0,0.0,0.0,2,0,1,8.187931060791016,8.187931060791016,0.9963768115942029,0.7072937488555908,5.458621025085449,-12.838558197021484
982,32.733333587646484,0.09072917699813843,0.9092708230018616,0.0,0.0,0.0,2,0,1,8.187931060791016,8.187931060791016,0.9963768115942029,0.8031553030014038,5.458621025085449,-13.963873863220215
983,32.766666412353516,0.09072917699813843,0.9092708230018616,0.0,0.0,0.0,2,0,1,8.187931060791016,8.187931060791016,0.9963768115942029,0.7558791041374207,5.458621025085449,-14.468539237976074
984,32.79999923706055,0.09072917699813843,0.9092708230018616,0.0,0.0,0.0,2,0,1,8.187931060791016,8.187931060791016,0.9963768115942029,0.6975803971290588,5.458621025085449,-14.223430633544922
985,32.83333206176758,0.09072917699813843,0.9092708230018616,0.0,0.0,0.0,2,0,1,8.187931060791016,8.187931060791016,0.9963768115942029,0.7094563245773315,5.458621025085449,-13.535504341125488
986,32.86666488647461,0.09072917699813843,0.9092708230018616,0.0,0.0,0.0,2,0,1,8.187931060791016,8.187931060791016,0.9963768115942029,0.6937745213508606,5.458621025085449,-13.546714782714844
987,32.900001525878906,0.09072917699813843,0.9092708230018616,0.0,0.0,0.0,2,0,1,8.187931060791016,8.187931060791016,0.9963768115942029,0.7797004580497742,5.458621025085449,-14.016454696655273
988,32.93333435058594,0.09072917699813843,0.9092708230018616,0.0,0.0,0.0,2,0,1,8.187931060791016,8.187931060791016,0.9963768115942029,0.7531638741493225,5.458621025085449,-13.482306480407715
989,32.96666717529297,0.09072917699813843,0.9092708230018616,0.0,0.0,0.0,2,0,1,8.187931060791016,8.187931060791016,0.9963768115942029,0.9081115126609802,5.458621025085449,-13.667722702026367
990,33.0,0.09072917699813843,0.9092708230018616,0.0,0.0,0.0,2,0,1,8.187931060791016,8.187931060791016,0.9963768115942029,0.9188652634620667,5.458621025085449,-13.94858169555664
991,33.03333282470703,0.09072917699813843,0.9092708230018616,0.0,0.0,0.0,2,0,1,8.187931060791016,8.187931060791016,0.9963768115942029,0.8270772099494934,5.458621025085449,-14.119556427001953
992,33.06666564941406,0.09072917699813843,0.9092708230018616,0.0,0.0,0.0,2,0,1,8.187931060791016,8.187931060791016,0.9963768115942029,0.8282493352890015,5.458621025085449,-14.103440284729004
993,33.099998474121094,0.09072917699813843,0.9092708230018616,0.0,0.0,0.0,2,0,1,8.187931060791016,8.187931060791016,0.9963768115942029,0.712145984172821,5.458621025085449,-13.031493186950684
994,33.13333511352539,0.09072917699813843,0.9092708230018616,0.0,0.0,0.0,2,0,1,8.187931060791016,8.187931060791016,0.9963768115942029,0.6818507313728333,5.458621025085449,-13.62283992767334
995,33.16666793823242,0.09072917699813843,0.9092708230018616,0.0,0.0,0.0,2,0,1,8.187931060791016,8.187931060791016,0.9963768115942029,0.7164008617401123,5.458621025085449,-12.885878562927246
996,33.20000076293945,0.09072917699813843,0.9092708230018616,0.0,0.0,0.0,2,0,1,8.187931060791016,8.187931060791016,0.9963768115942029,0.6571782231330872,5.458621025085449,-13.08521842956543
997,33.233333587646484,0.09072917699813843,0.9092708230018616,0.0,0.0,0.0,2,0,1,8.187931060791016,8.187931060791016,0.9963768115942029,0.6604915261268616,5.458621025085449,-13.054121971130371
998,33.266666412353516,0.09072917699813843,0.9092708230018616,0.0,0.0,0.0,2,0,1,8.187931060791016,8.187931060791016,0.9963768115942029,0.5798797607421875,5.458621025085449,-13.53083610534668
999,33.29999923706055,0.09072917699813843,0.9092708230018616,0.0,0.0,0.0,2,0,1,8.187931060791016,8.187931060791016,0.9963768115942029,0.636298418045044,5.458621025085449,-13.523183822631836
1000,33.33333206176758,0.09072917699813843,0.9092708230018616,0.0,0.0,0.0,2,0,1,8.187931060791016,8.187931060791016,0.9963768115942029,0.688806414604187,5.458621025085449,-13.595727920532227
1001,33.36666488647461,0.09072917699813843,0.9092708230018616,0.0,0.0,0.0,2,0,1,8.187931060791016,8.187931060791016,0.9963768115942029,0.7411805987358093,5.458621025085449,-13.309908866882324
1002,33.400001525878906,0.09072917699813843,0.9092708230018616,0.0,0.0,0.0,2,0,1,8.187931060791016,8.187931060791016,0.9963768115942029,0.7923561930656433,5.458621025085449,-14.295653343200684
1003,33.43333435058594,0.09072917699813843,0.9092708230018616,0.0,0.0,0.0,2,0,1,8.187931060791016,8.187931060791016,0.9963768115942029,0.7697778344154358,5.458621025085449,-14.562477111816406
1004,33.46666717529297,0.09072917699813843,0.9092708230018616,0.0,0.0,0.0,2,0,1,8.187931060791016,8.187931060791016,0.9963768115942029,0.6809548139572144,5.458621025085449,-14.480310440063477
1005,33.5,0.09072917699813843,0.9092708230018616,0.0,0.0,0.0,2,0,1,8.187931060791016,8.187931060791016,0.9963768115942029,0.6728433966636658,5.458621025085449,-14.059303283691406
1006,33.53333282470703,0.09072917699813843,0.9092708230018616,0.0,0.0,0.0,2,0,1,8.187931060791016,8.187931060791016,0.9963768115942029,0.7071734070777893,5.458621025085449,-14.617132186889648
1007,33.56666564941406,0.09072917699813843,0.9092708230018616,0.0,0.0,0.0,2,0,1,8.187931060791016,8.187931060791016,0.9963768115942029,0.6667179465293884,5.458621025085449,-15.350553512573242
1008,33.599998474121094,0.09072917699813843,0.9092708230018616,0.0,0.0,0.0,2,0,1,8.187931060791016,8.187931060791016,0.9963768115942029,0.5565141439437866,5.458621025085449,-15.348630905151367
1009,33.63333511352539,0.09072917699813843,0.9092708230018616,0.0,0.0,0.0,2,0,1,8.187931060791016,8.187931060791016,0.9963768115942029,0.5519347190856934,5.458621025085449,-16.068466186523438
1010,33.66666793823242,0.09072917699813843,0.9092708230018616,0.0,0.0,0.0,2,0,1,8.187931060791016,8.187931060791016,0.9963768115942029,0.6466520428657532,5.458621025085449,-16.505830764770508
1011,33.70000076293945,0.09072917699813843,0.9092708230018616,0.0,0.0,0.0,2,0,1,8.187931060791016,8.187931060791016,0.9963768115942029,0.6689711213111877,5.458621025085449,-16.780324935913086
1012,33.733333587646484,0.09072917699813843,0.9092708230018616,0.0,0.0,0.0,2,0,1,8.187931060791016,8.187931060791016,0.9963768115942029,0.7580069303512573,5.458621025085449,-16.20510482788086
1013,33.766666412353516,0.09072917699813843,0.9092708230018616,0.0,0.0,0.0,2,0,1,8.187931060791016,8.187931060791016,0.9963768115942029,0.7749229073524475,5.458621025085449,-15.62681770324707
1014,33.79999923706055,0.09072917699813843,0.9092708230018616,0.0,0.0,0.0,2,0,1,8.187931060791016,8.187931060791016,0.9963768115942029,0.7870129346847534,5.458621025085449,-14.672276496887207
1015,33.83333206176758,0.09072917699813843,0.9092708230018616,0.0,0.0,0.0,2,0,1,8.187931060791016,8.187931060791016,0.9963768115942029,0.7644728422164917,5.458621025085449,-14.033181190490723
1016,33.86666488647461,0.09072917699813843,0.9092708230018616,0.0,0.0,0.0,2,0,1,8.187931060791016,8.187931060791016,0.9963768115942029,0.6894794702529907,5.458621025085449,-12.683895111083984
1017,33.900001525878906,0.09072917699813843,0.9092708230018616,0.0,0.0,0.0,2,0,1,8.187931060791016,8.187931060791016,0.9963768115942029,0.6390300393104553,5.458621025085449,-13.296553611755371
1018,33.93333435058594,0.09072917699813843,0.9092708230018616,0.0,0.0,0.0,2,0,1,8.187931060791016,8.187931060791016,0.9963768115942029,0.5826773047447205,5.458621025085449,-13.193100929260254
1019,33.96666717529297,0.09072917699813843,0.9092708230018616,0.0,0.0,0.0,2,0,1,8.187931060791016,8.187931060791016,0.9963768115942029,0.5998410582542419,5.458621025085449,-13.56652545928955
1020,34.0,0.09072917699813843,0.9092708230018616,0.0,0.0,0.0,2,0,1,8.187931060791016,8.187931060791016,0.9963768115942029,0.5836198329925537,5.458621025085449,-12.681326866149902
1021,34.03333282470703,0.09072917699813843,0.9092708230018616,0.0,0.0,0.0,2,0,1,8.187931060791016,8.187931060791016,0.9963768115942029,0.6277516484260559,5.458621025085449,-13.611078262329102
1022,34.06666564941406,0.09072917699813843,0.9092708230018616,0.0,0.0,0.0,2,0,1,8.187931060791016,8.187931060791016,0.9963768115942029,0.6717672348022461,5.458621025085449,-13.40182113647461
1023,34.099998474121094,0.09072917699813843,0.9092708230018616,0.0,0.0,0.0,2,0,1,8.187931060791016,8.187931060791016,0.9963768115942029,0.743915855884552,5.458621025085449,-13.642446517944336
1024,34.13333511352539,0.09072917699813843,0.9092708230018616,0.0,0.0,0.0,2,0,1,8.187931060791016,8.187931060791016,0.9963768115942029,0.7709119915962219,5.458621025085449,-12.573053359985352
1025,34.16666793823242,0.09072917699813843,0.9092708230018616,0.0,0.0,0.0,2,0,1,8.187931060791016,8.187931060791016,0.9963768115942029,0.7772891521453857,5.458621025085449,-12.781928062438965
1026,34.20000076293945,0.09072917699813843,0.9092708230018616,0.0,0.0,0.0,2,0,1,8.187931060791016,8.187931060791016,0.9963768115942029,0.7692383527755737,5.458621025085449,-12.457502365112305
1027,34.233333587646484,0.09072917699813843,0.9092708230018616,0.0,0.0,0.0,2,0,1,8.187931060791016,8.187931060791016,0.9963768115942029,0.6945436596870422,5.458621025085449,-12.578569412231445
1028,34.266666412353516,0.09072917699813843,0.9092708230018616,0.0,0.0,0.0,2,0,1,8.187931060791016,8.187931060791016,0.9963768115942029,0.7387925386428833,5.458621025085449,-11.918635368347168
1029,34.29999923706055,0.09072917699813843,0.9092708230018616,0.0,0.0,0.0,2,0,1,8.187931060791016,8.187931060791016,0.9963768115942029,0.7201930284500122,5.458621025085449,-12.496173858642578
1030,34.33333206176758,0.09072917699813843,0.9092708230018616,0.0,0.0,0.0,2,0,1,8.187931060791016,8.187931060791016,0.9963768115942029,0.7031654119491577,5.458621025085449,-12.080466270446777
1031,34.36666488647461,0.09072917699813843,0.9092708230018616,0.0,0.0,0.0,2,0,1,8.187931060791016,8.187931060791016,0.9963768115942029,0.70606929063797,5.458621025085449,-12.260549545288086
1032,34.400001525878906,0.09072917699813843,0.9092708230018616,0.0,0.0,0.0,2,0,1,8.187931060791016,8.187931060791016,0.9963768115942029,0.7390823364257812,5.458621025085449,-11.736090660095215
1033,34.43333435058594,0.09072917699813843,0.9092708230018616,0.0,0.0,0.0,2,0,1,8.187931060791016,8.187931060791016,0.9963768115942029,0.8176879286766052,5.458621025085449,-12.188324928283691
1034,34.46666717529297,0.09072917699813843,0.9092708230018616,0.0,0.0,0.0,2,0,1,8.187931060791016,8.187931060791016,0.9963768115942029,0.7978649139404297,5.458621025085449,-12.292051315307617
1035,34.5,0.09072917699813843,0.9092708230018616,0.0,0.0,0.0,2,0,1,8.187931060791016,8.187931060791016,0.9963768115942029,0.8440372943878174,5.458621025085449,-12.809721946716309
1036,34.53333282470703,0.09072917699813843,0.9092708230018616,0.0,0.0,0.0,2,0,1,8.187931060791016,8.187931060791016,0.9963768115942029,0.7922371625900269,5.458621025085449,-12.667269706726074
1037,34.56666564941406,0.09072917699813843,0.9092708230018616,0.0,0.0,0.0,2,0,1,8.187931060791016,8.187931060791016,0.9963768115942029,0.7751001715660095,5.458621025085449,-12.17686939239502
1038,34.599998474121094,0.09072917699813843,0.9092708230018616,0.0,0.0,0.0,2,0,1,8.187931060791016,8.187931060791016,0.9963768115942029,0.8018458485603333,5.458621025085449,-12.633695602416992
1039,34.63333511352539,0.09072917699813843,0.9092708230018616,0.0,0.0,0.0,2,0,1,8.187931060791016,8.187931060791016,0.9963768115942029,0.7446261644363403,5.458621025085449,-13.359967231750488
1040,34.66666793823242,0.09072917699813843,0.9092708230018616,0.0,0.0,0.0,2,0,1,8.187931060791016,8.187931060791016,0.9963768115942029,0.6962404251098633,5.458621025085449,-12.791950225830078
1041,34.70000076293945,0.09072917699813843,0.9092708230018616,0.0,0.0,0.0,2,0,1,8.187931060791016,8.187931060791016,0.9963768115942029,0.69350665807724,5.458621025085449,-12.874273300170898
1042,34.733333587646484,0.09072917699813843,0.9092708230018616,0.0,0.0,0.0,2,0,1,8.187931060791016,8.187931060791016,0.9963768115942029,0.7017009258270264,5.458621025085449,-12.666096687316895
1043,34.766666412353516,0.09072917699813843,0.9092708230018616,0.0,0.0,0.0,2,0,1,8.187931060791016,8.187931060791016,0.9963768115942029,0.65402752161026,5.458621025085449,-13.010293006896973
1044,34.79999923706055,0.09072917699813843,0.9092708230018616,0.0,0.0,0.0,2,0,1,8.187931060791016,8.187931060791016,0.9963768115942029,0.54011070728302,5.458621025085449,-12.296002388000488
1045,34.83333206176758,0.09072917699813843,0.9092708230018616,0.0,0.0,0.0,2,0,1,8.187931060791016,8.187931060791016,0.9963768115942029,0.5454860925674438,5.458621025085449,-12.10062313079834
1046,34.86666488647461,0.09072917699813843,0.9092708230018616,0.0,0.0,0.0,2,0,1,8.187931060791016,8.187931060791016,0.9963768115942029,0.5377241373062134,5.458621025085449,-12.603018760681152
1047,34.900001525878906,0.09072917699813843,0.9092708230018616,0.0,0.0,0.0,2,0,1,8.187931060791016,8.187931060791016,0.9963768115942029,0.5904868245124817,5.458621025085449,-12.713371276855469
1048,34.93333435058594,0.09072917699813843,0.9092708230018616,0.0,0.0,0.0,2,0,1,8.187931060791016,8.187931060791016,0.9963768115942029,0.6152501106262207,5.458621025085449,-12.68145751953125
1049,34.96666717529297,0.09072917699813843,0.9092708230018616,0.0,0.0,0.0,2,0,1,8.187931060791016,8.187931060791016,0.9963768115942029,0.7280634641647339,5.458621025085449,-12.863449096679688
1050,35.0,0.09072917699813843,0.9092708230018616,0.0,0.0,0.0,2,0,1,8.187931060791016,8.187931060791016,0.9963768115942029,0.7709211707115173,5.458621025085449,-13.68886947631836
1051,35.03333282470703,0.09072917699813843,0.9092708230018616,0.0,0.0,0.0,2,0,1,8.187931060791016,8.187931060791016,0.9963768115942029,0.7248566746711731,5.458621025085449,-13.751709938049316
1052,35.06666564941406,0.09072917699813843,0.9092708230018616,0.0,0.0,0.0,2,0,1,8.187931060791016,8.187931060791016,0.9963768115942029,0.6258259415626526,5.458621025085449,-13.43718147277832
1053,35.099998474121094,0.09072917699813843,0.9092708230018616,0.0,0.0,0.0,2,0,1,8.187931060791016,8.187931060791016,0.9963768115942029,0.6056306958198547,5.458621025085449,-13.135700225830078
1054,35.13333511352539,0.09072917699813843,0.9092708230018616,0.0,0.0,0.0,2,0,1,8.187931060791016,8.187931060791016,0.9963768115942029,0.6566385626792908,5.458621025085449,-13.867889404296875
1055,35.16666793823242,0.09072917699813843,0.9092708230018616,0.0,0.0,0.0,2,0,1,8.187931060791016,8.187931060791016,0.9963768115942029,0.6636519432067871,5.458621025085449,-14.440814018249512
1056,35.20000076293945,0.09072917699813843,0.9092708230018616,0.0,0.0,0.0,2,0,1,8.187931060791016,8.187931060791016,0.9963768115942029,0.5983612537384033,5.458621025085449,-14.396876335144043
1057,35.233333587646484,0.09072917699813843,0.9092708230018616,0.0,0.0,0.0,2,0,1,8.187931060791016,8.187931060791016,0.9963768115942029,0.5813044905662537,5.458621025085449,-15.083846092224121
1058,35.266666412353516,0.09072917699813843,0.9092708230018616,0.0,0.0,0.0,2,0,1,8.187931060791016,8.187931060791016,0.9963768115942029,0.7038921117782593,5.458621025085449,-15.541563987731934
1059,35.29999923706055,0.09072917699813843,0.9092708230018616,0.0,0.0,0.0,2,0,1,8.187931060791016,8.187931060791016,0.9963768115942029,0.5442816019058228,5.458621025085449,-15.649033546447754
1060,35.33333206176758,0.09072917699813843,0.9092708230018616,0.0,0.0,0.0,2,0,1,8.187931060791016,8.187931060791016,0.9963768115942029,0.5891310572624207,5.458621025085449,-15.281635284423828
1061,35.36666488647461,0.09072917699813843,0.9092708230018616,0.0,0.0,0.0,2,0,1,8.187931060791016,8.187931060791016,0.9963768115942029,0.6258669495582581,5.458621025085449,-14.816109657287598
1062,35.400001525878906,0.09072917699813843,0.9092708230018616,0.0,0.0,0.0,2,0,1,8.187931060791016,8.187931060791016,0.9963768115942029,0.7268778085708618,5.458621025085449,-14.309494972229004
1063,35.43333435058594,0.09072917699813843,0.9092708230018616,0.0,0.0,0.0,2,0,1,8.187931060791016,8.187931060791016,0.9963768115942029,0.8255306482315063,5.458621025085449,-13.695669174194336
1064,35.46666717529297,0.09072917699813843,0.9092708230018616,0.0,0.0,0.0,2,0,1,8.187931060791016,8.187931060791016,0.9963768115942029,0.7973712086677551,5.458621025085449,-13.050148010253906
1065,35.5,0.09072917699813843,0.9092708230018616,0.0,0.0,0.0,2,0,1,8.187931060791016,8.187931060791016,0.9963768115942029,0.7793475985527039,5.458621025085449,-12.252184867858887
1066,35.53333282470703,0.09072917699813843,0.9092708230018616,0.0,0.0,0.0,2,0,1,8.187931060791016,8.187931060791016,0.9963768115942029,0.6569513082504272,5.458621025085449,-12.331043243408203
1067,35.56666564941406,0.09072917699813843,0.9092708230018616,0.0,0.0,0.0,2,0,1,8.187931060791016,8.187931060791016,0.9963768115942029,0.5994428396224976,5.458621025085449,-12.69926643371582
1068,35.599998474121094,0.09072917699813843,0.9092708230018616,0.0,0.0,0.0,2,0,1,8.187931060791016,8.187931060791016,0.9963768115942029,0.5786254405975342,5.458621025085449,-12.681119918823242
1069,35.63333511352539,0.09072917699813843,0.9092708230018616,0.0,0.0,0.0,2,0,1,8.187931060791016,8.187931060791016,0.9963768115942029,0.5528169274330139,5.458621025085449,-13.055791854858398
1070,35.66666793823242,0.09072917699813843,0.9092708230018616,0.0,0.0,0.0,2,0,1,8.187931060791016,8.187931060791016,0.9963768115942029,0.5623442530632019,5.458621025085449,-11.774267196655273
1071,35.70000076293945,0.09072917699813843,0.9092708230018616,0.0,0.0,0.0,2,0,1,8.187931060791016,8.187931060791016,0.9963768115942029,0.6106747388839722,5.458621025085449,-13.122086524963379
1072,35.733333587646484,0.09072917699813843,0.9092708230018616,0.0,0.0,0.0,2,0,1,8.187931060791016,8.187931060791016,0.9963768115942029,0.6086030602455139,5.458621025085449,-12.310243606567383
1073,35.766666412353516,0.09072917699813843,0.9092708230018616,0.0,0.0,0.0,2,0,1,8.187931060791016,8.187931060791016,0.9963768115942029,0.613379180431366,5.458621025085449,-12.504393577575684
1074,35.79999923706055,0.09072917699813843,0.9092708230018616,0.0,0.0,0.0,2,0,1,8.187931060791016,8.187931060791016,0.9963768115942029,0.6259973645210266,5.458621025085449,-10.564382553100586
1075,35.83333206176758,0.09072917699813843,0.9092708230018616,0.0,0.0,0.0,2,0,1,8.187931060791016,8.187931060791016,0.9963768115942029,0.5561765432357788,5.458621025085449,-10.637526512145996
1076,35.86666488647461,0.09072917699813843,0.9092708230018616,0.0,0.0,0.0,2,0,1,8.187931060791016,8.187931060791016,0.9963768115942029,0.5519220232963562,5.458621025085449,-10.158163070678711
1077,35.900001525878906,0.09072917699813843,0.9092708230018616,0.0,0.0,0.0,2,0,1,8.187931060791016,8.187931060791016,0.9963768115942029,0.5827328562736511,5.458621025085449,-9.965049743652344
1078,35.93333435058594,0.09072917699813843,0.9092708230018616,0.0,0.0,0.0,2,0,1,8.187931060791016,8.187931060791016,0.9963768115942029,0.5493699908256531,5.458621025085449,-9.4180908203125
1079,35.96666717529297,0.09072917699813843,0.9092708230018616,0.0,0.0,0.0,2,0,1,8.187931060791016,8.187931060791016,0.9963768115942029,0.5868152379989624,5.458621025085449,-9.687980651855469
1080,36.0,0.09072917699813843,0.9092708230018616,0.0,0.0,0.0,2,0,1,8.187931060791016,8.187931060791016,0.9963768115942029,0.5679038763046265,5.458621025085449,-9.368664741516113
1081,36.03333282470703,0.09072917699813843,0.9092708230018616,0.0,0.0,0.0,2,0,1,8.187931060791016,8.187931060791016,0.9963768115942029,0.6151677966117859,5.458621025085449,-8.573247909545898
1082,36.06666564941406,0.09072917699813843,0.9092708230018616,0.0,0.0,0.0,2,0,1,8.187931060791016,8.187931060791016,0.9963768115942029,0.6635544300079346,5.458621025085449,-8.93240737915039
1083,36.099998474121094,0.09072917699813843,0.9092708230018616,0.0,0.0,0.0,2,0,1,8.187931060791016,8.187931060791016,0.9963768115942029,0.6396481990814209,5.458621025085449,-9.114450454711914
1084,36.13333511352539,0.09072917699813843,0.9092708230018616,0.0,0.0,0.0,2,0,1,8.187931060791016,8.187931060791016,0.9963768115942029,0.5980563163757324,5.458621025085449,-9.009894371032715
1085,36.16666793823242,0.09072917699813843,0.9092708230018616,0.0,0.0,0.0,2,0,1,8.187931060791016,8.187931060791016,0.9963768115942029,0.6037944555282593,5.458621025085449,-8.870227813720703
1086,36.20000076293945,0.09072917699813843,0.9092708230018616,0.0,0.0,0.0,2,0,1,8.187931060791016,8.187931060791016,0.9963768115942029,0.6070778965950012,5.458621025085449,-8.063151359558105
1087,36.233333587646484,0.09072917699813843,0.9092708230018616,0.0,0.0,0.0,2,0,1,8.187931060791016,8.187931060791016,0.9963768115942029,0.5798301100730896,5.458621025085449,-9.072369575500488
1088,36.266666412353516,0.09072917699813843,0.9092708230018616,0.0,0.0,0.0,2,0,1,8.187931060791016,8.187931060791016,0.9963768115942029,0.5743381977081299,5.458621025085449,-9.22102165222168
1089,36.29999923706055,0.09072917699813843,0.9092708230018616,0.0,0.0,0.0,2,0,1,8.187931060791016,8.187931060791016,0.9963768115942029,0.516568124294281,5.458621025085449,-9.4033203125
1090,36.33333206176758,0.09072917699813843,0.9092708230018616,0.0,0.0,0.0,2,0,1,8.187931060791016,8.187931060791016,0.9963768115942029,0.5232159495353699,5.458621025085449,-9.160025596618652
1091,36.36666488647461,0.09072917699813843,0.9092708230018616,0.0,0.0,0.0,2,0,1,8.187931060791016,8.187931060791016,0.9963768115942029,0.4629078209400177,5.458621025085449,-9.142302513122559
1092,36.400001525878906,0.09072917699813843,0.9092708230018616,0.0,0.0,0.0,2,0,1,8.187931060791016,8.187931060791016,0.9963768115942029,0.524654746055603,5.458621025085449,-9.000925064086914
1093,36.43333435058594,0.09072917699813843,0.9092708230018616,0.0,0.0,0.0,2,0,1,8.187931060791016,8.187931060791016,0.9963768115942029,0.5447536706924438,5.458621025085449,-8.894744873046875
1094,36.46666717529297,0.09072917699813843,0.9092708230018616,0.0,0.0,0.0,2,0,1,8.187931060791016,8.187931060791016,0.9963768115942029,0.6200441122055054,5.458621025085449,-9.099143981933594
1095,36.5,0.09072917699813843,0.9092708230018616,0.0,0.0,0.0,2,0,1,8.187931060791016,8.187931060791016,0.9963768115942029,0.6836798787117004,5.458621025085449,-9.29633617401123
1096,36.53333282470703,0.09072917699813843,0.9092708230018616,0.0,0.0,0.0,2,0,1,8.187931060791016,8.187931060791016,0.9963768115942029,0.720047116279602,5.458621025085449,-9.863007545471191
1097,36.56666564941406,0.09072917699813843,0.9092708230018616,0.0,0.0,0.0,2,0,1,8.187931060791016,8.187931060791016,0.9963768115942029,0.7313490509986877,5.458621025085449,-9.763691902160645
1098,36.599998474121094,0.09072917699813843,0.9092708230018616,0.0,0.0,0.0,2,0,1,8.187931060791016,8.187931060791016,0.9963768115942029,0.633637011051178,5.458621025085449,-10.9801607131958
1099,36.63333511352539,0.09072917699813843,0.9092708230018616,0.0,0.0,0.0,2,0,1,8.187931060791016,8.187931060791016,0.9963768115942029,0.6291587948799133,5.458621025085449,-11.227081298828125
1100,36.66666793823242,0.09072917699813843,0.9092708230018616,0.0,0.0,0.0,2,0,1,8.187931060791016,8.187931060791016,0.9963768115942029,0.6445789337158203,5.458621025085449,-11.162040710449219
1101,36.70000076293945,0.09072917699813843,0.9092708230018616,0.0,0.0,0.0,2,0,1,8.187931060791016,8.187931060791016,0.9963768115942029,0.6552493572235107,5.458621025085449,-11.04539966583252
1102,36.733333587646484,0.09072917699813843,0.9092708230018616,0.0,0.0,0.0,2,0,1,8.187931060791016,8.187931060791016,0.9963768115942029,0.6806222200393677,5.458621025085449,-10.46640396118164
1103,36.766666412353516,0.09072917699813843,0.9092708230018616,0.0,0.0,0.0,2,0,1,8.187931060791016,8.187931060791016,0.9963768115942029,0.6830355525016785,5.458621025085449,-10.706343650817871
1104,36.79999923706055,0.09072917699813843,0.9092708230018616,0.0,0.0,0.0,2,0,1,8.187931060791016,8.187931060791016,0.9963768115942029,0.6463355422019958,5.458621025085449,-10.790905952453613
1105,36.83333206176758,0.09072917699813843,0.9092708230018616,0.0,0.0,0.0,2,0,1,8.187931060791016,8.187931060791016,0.9963768115942029,0.7054044008255005,5.458621025085449,-11.103622436523438
1106,36.86666488647461,0.09072917699813843,0.9092708230018616,0.0,0.0,0.0,2,0,1,8.187931060791016,8.187931060791016,0.9963768115942029,0.6236016750335693,5.458621025085449,-10.651008605957031
1107,36.900001525878906,0.09072917699813843,0.9092708230018616,0.0,0.0,0.0,2,0,1,8.187931060791016,8.187931060791016,0.9963768115942029,0.6708353161811829,5.458621025085449,-10.893511772155762
1108,36.93333435058594,0.09072917699813843,0.9092708230018616,0.0,0.0,0.0,2,0,1,8.187931060791016,8.187931060791016,0.9963768115942029,0.6063867211341858,5.458621025085449,-10.715749740600586
1109,36.96666717529297,0.09072917699813843,0.9092708230018616,0.0,0.0,0.0,2,0,1,8.187931060791016,8.187931060791016,0.9963768115942029,0.5349879860877991,5.458621025085449,-11.743237495422363
1110,37.0,0.09072917699813843,0.9092708230018616,0.0,0.0,0.0,2,0,1,8.187931060791016,8.187931060791016,0.9963768115942029,0.7417095899581909,5.458621025085449,-11.251392364501953
1111,37.03333282470703,0.09072917699813843,0.9092708230018616,0.0,0.0,0.0,2,0,1,8.187931060791016,8.187931060791016,0.9963768115942029,0.5880796909332275,5.458621025085449,-11.254008293151855
1112,37.06666564941406,0.09072917699813843,0.9092708230018616,0.0,0.0,0.0,2,0,1,8.187931060791016,8.187931060791016,0.9963768115942029,0.7526451349258423,5.458621025085449,-11.530019760131836
1113,37.099998474121094,0.09072917699813843,0.9092708230018616,0.0,0.0,0.0,2,0,1,8.187931060791016,8.187931060791016,0.9963768115942029,0.7618661522865295,5.458621025085449,-11.754436492919922
1114,37.13333511352539,0.09072917699813843,0.9092708230018616,0.0,0.0,0.0,2,0,1,8.187931060791016,8.187931060791016,0.9963768115942029,0.6523225903511047,5.458621025085449,-12.19366455078125
1115,37.16666793823242,0.09072917699813843,0.9092708230018616,0.0,0.0,0.0,2,0,1,8.187931060791016,8.187931060791016,0.9963768115942029,0.7268006801605225,5.458621025085449,-11.484370231628418
1116,37.20000076293945,0.09072917699813843,0.9092708230018616,0.0,0.0,0.0,2,0,1,8.187931060791016,8.187931060791016,0.9963768115942029,0.7064391374588013,5.458621025085449,-12.20069408416748
1117,37.233333587646484,0.09072917699813843,0.9092708230018616,0.0,0.0,0.0,2,0,1,8.187931060791016,8.187931060791016,0.9963768115942029,0.6538914442062378,5.458621025085449,-13.192595481872559
1118,37.266666412353516,0.09072917699813843,0.9092708230018616,0.0,0.0,0.0,2,0,1,8.187931060791016,8.187931060791016,0.9963768115942029,0.6997079849243164,5.458621025085449,-12.516435623168945
1119,37.29999923706055,0.09072917699813843,0.9092708230018616,0.0,0.0,0.0,2,0,1,8.187931060791016,8.187931060791016,0.9963768115942029,0.6578997373580933,5.458621025085449,-13.6560697555542
1120,37.33333206176758,0.09072917699813843,0.9092708230018616,0.0,0.0,0.0,2,0,1,8.187931060791016,8.187931060791016,0.9963768115942029,0.6773110628128052,5.458621025085449,-12.660527229309082
1121,37.36666488647461,0.09072917699813843,0.9092708230018616,0.0,0.0,0.0,2,0,1,8.187931060791016,8.187931060791016,0.9963768115942029,0.7351800799369812,5.458621025085449,-13.640975952148438
1122,37.400001525878906,0.09072917699813843,0.9092708230018616,0.0,0.0,0.0,2,0,1,8.187931060791016,8.187931060791016,0.9963768115942029,0.637041449546814,5.458621025085449,-13.632895469665527
1123,37.43333435058594,0.09072917699813843,0.9092708230018616,0.0,0.0,0.0,2,0,1,8.187931060791016,8.187931060791016,0.9963768115942029,0.6781063079833984,5.458621025085449,-12.002378463745117
1124,37.46666717529297,0.09072917699813843,0.9092708230018616,0.0,0.0,0.0,2,0,1,8.187931060791016,8.187931060791016,0.9963768115942029,0.6657054424285889,5.458621025085449,-12.990617752075195
1125,37.5,0.09072917699813843,0.9092708230018616,0.0,0.0,0.0,2,0,1,8.187931060791016,8.187931060791016,0.9963768115942029,0.6022382378578186,5.458621025085449,-14.10745906829834
1126,37.53333282470703,0.09072917699813843,0.9092708230018616,0.0,0.0,0.0,2,0,1,8.187931060791016,8.187931060791016,0.9963768115942029,0.6261093020439148,5.458621025085449,-13.9837007522583
1127,37.56666564941406,0.09072917699813843,0.9092708230018616,0.0,0.0,0.0,2,0,1,8.187931060791016,8.187931060791016,0.9963768115942029,0.6150856614112854,5.458621025085449,-13.377421379089355
1128,37.599998474121094,0.09072917699813843,0.9092708230018616,0.0,0.0,0.0,2,0,1,8.187931060791016,8.187931060791016,0.9963768115942029,0.6913591027259827,5.458621025085449,-12.738791465759277
1129,37.63333511352539,0.09072917699813843,0.9092708230018616,0.0,0.0,0.0,2,0,1,8.187931060791016,8.187931060791016,0.9963768115942029,0.753786027431488,5.458621025085449,-12.403077125549316
1130,37.66666793823242,0.09072917699813843,0.9092708230018616,0.0,0.0,0.0,2,0,1,8.187931060791016,8.187931060791016,0.9963768115942029,0.5906351804733276,5.458621025085449,-10.751456260681152
1131,37.70000076293945,0.09072917699813843,0.9092708230018616,0.0,0.0,0.0,2,0,1,8.187931060791016,8.187931060791016,0.9963768115942029,0.6437011361122131,5.458621025085449,-9.816250801086426
1132,37.733333587646484,0.09072917699813843,0.9092708230018616,0.0,0.0,0.0,2,0,1,8.187931060791016,8.187931060791016,0.9963768115942029,0.6723359227180481,5.458621025085449,-9.72666072845459
1133,37.766666412353516,0.09072917699813843,0.9092708230018616,0.0,0.0,0.0,2,0,1,8.187931060791016,8.187931060791016,0.9963768115942029,0.6806132197380066,5.458621025085449,-10.005097389221191
1134,37.79999923706055,0.09072917699813843,0.9092708230018616,0.0,0.0,0.0,2,0,1,8.187931060791016,8.187931060791016,0.9963768115942029,0.7529449462890625,5.458621025085449,-9.15439224243164
1135,37.83333206176758,0.09072917699813843,0.9092708230018616,0.0,0.0,0.0,2,0,1,8.187931060791016,8.187931060791016,0.9963768115942029,0.678223192691803,5.458621025085449,-9.95063591003418
1136,37.86666488647461,0.09072917699813843,0.9092708230018616,0.0,0.0,0.0,2,0,1,8.187931060791016,8.187931060791016,0.9963768115942029,0.6772373914718628,5.458621025085449,-9.357359886169434
1137,37.900001525878906,0.09072917699813843,0.9092708230018616,0.0,0.0,0.0,2,0,1,8.187931060791016,8.187931060791016,0.9963768115942029,0.6484674215316772,5.458621025085449,-10.438925743103027
1138,37.93333435058594,0.09072917699813843,0.9092708230018616,0.0,0.0,0.0,2,0,1,8.187931060791016,8.187931060791016,0.9963768115942029,0.6519968509674072,5.458621025085449,-8.124180793762207
1139,37.96666717529297,0.09072917699813843,0.9092708230018616,0.0,0.0,0.0,2,0,1,8.187931060791016,8.187931060791016,0.9963768115942029,0.5981329679489136,5.458621025085449,-9.393202781677246
1140,38.0,0.09072917699813843,0.9092708230018616,0.0,0.0,0.0,2,0,1,8.187931060791016,8.187931060791016,0.9963768115942029,0.5857360363006592,5.458621025085449,-10.264425277709961
1141,38.03333282470703,0.09072917699813843,0.9092708230018616,0.0,0.0,0.0,2,0,1,8.187931060791016,8.187931060791016,0.9963768115942029,0.5785682797431946,5.458621025085449,-11.42593002319336
1142,38.06666564941406,0.09072917699813843,0.9092708230018616,0.0,0.0,0.0,2,0,1,8.116362571716309,7.472249984741211,0.9963768115942029,0.619010329246521,5.157591342926025,-12.055994987487793
1143,38.099998474121094,0.09072917699813843,0.9092708230018616,0.0,0.0,0.0,2,0,1,8.044795036315918,7.472249984741211,0.9927536231884058,0.5916287899017334,5.157591342926025,-12.703843116760254
1144,38.13333511352539,0.09072917699813843,0.9092708230018616,0.0,0.0,0.0,2,0,1,7.973226547241211,7.472249984741211,0.9927536231884058,0.4855233132839203,5.157591342926025,-13.096328735351562
1145,38.16666793823242,0.09072917699813843,0.9092708230018616,0.0,0.0,0.0,2,0,1,7.901658535003662,7.472249984741211,0.9927536231884058,0.3803740441799164,5.157591342926025,-13.932900428771973
1146,38.20000076293945,0.09072917699813843,0.9092708230018616,0.0,0.0,0.0,2,0,1,7.830090522766113,7.472249984741211,0.9927536231884058,0.37295377254486084,5.157591342926025,-12.747785568237305
1147,38.233333587646484,0.09072917699813843,0.9092708230018616,0.0,0.0,0.0,2,0,1,7.7585225105285645,7.472249984741211,0.9927536231884058,0.36701029539108276,5.157591342926025,-13.454686164855957
1148,38.266666412353516,0.09072917699813843,0.9092708230018616,0.0,0.0,0.0,2,0,1,7.653676986694336,7.139476776123047,0.9927536231884058,0.4202662408351898,4.981500148773193,-14.115596771240234
1149,38.29999923706055,0.09072917699813843,0.9092708230018616,0.0,0.0,0.0,2,0,1,7.548831462860107,7.139476776123047,0.9927536231884058,0.4978518486022949,4.981500148773193,-14.080778121948242
1150,38.33333206176758,0.09072917699813843,0.9092708230018616,0.0,0.0,0.0,2,0,1,7.443985939025879,7.139476776123047,0.9927536231884058,0.4813770651817322,4.981500148773193,-13.836929321289062
1151,38.36666488647461,0.09072917699813843,0.9092708230018616,0.0,0.0,0.0,2,0,1,7.339140892028809,7.139476776123047,0.9927536231884058,0.47184115648269653,4.981500148773193,-13.473084449768066
1152,38.400001525878906,0.09072917699813843,0.9092708230018616,0.0,0.0,0.0,2,0,1,7.283944129943848,6.920284271240234,0.9927536231884058,0.4381387233734131,4.856561183929443,-13.423757553100586
1153,38.43333435058594,0.09072917699813843,0.9092708230018616,0.0,0.0,0.0,2,0,1,7.228747367858887,6.920284271240234,0.9927536231884058,0.46939215064048767,4.856561183929443,-13.525270462036133
1154,38.46666717529297,0.09072917699813843,0.9092708230018616,0.0,0.0,0.0,2,0,1,7.173551082611084,6.920284271240234,0.9927536231884058,0.5562498569488525,4.856561183929443,-12.622934341430664
1155,38.5,0.09072917699813843,0.9092708230018616,0.0,0.0,0.0,2,0,1,7.088910102844238,6.625843048095703,0.9891304347826086,0.5328440070152283,4.680469989776611,-12.87621021270752
1156,38.53333282470703,0.09072917699813843,0.9092708230018616,0.0,0.0,0.0,2,0,1,7.004269599914551,6.625843048095703,0.9891304347826086,0.6969220042228699,4.680469989776611,-12.397274017333984
1157,38.56666564941406,0.09072917699813843,0.9092708230018616,0.0,0.0,0.0,2,0,1,6.899424076080322,6.423794746398926,0.9891304347826086,0.6219930648803711,4.555531024932861,-12.784161567687988
1158,38.599998474121094,0.09072917699813843,0.9092708230018616,0.0,0.0,0.0,2,0,1,6.827856063842773,6.423794746398926,0.9891304347826086,0.6368985176086426,4.555531024932861,-12.366562843322754
1159,38.63333511352539,0.09072917699813843,0.9092708230018616,0.0,0.0,0.0,2,0,1,6.748134136199951,6.342258453369141,0.9891304347826086,0.6446978449821472,4.504378795623779,-12.439935684204102
1160,38.66666793823242,0.09072917699813843,0.9092708230018616,0.0,0.0,0.0,2,0,1,6.654646873474121,6.20460319519043,0.9891304347826086,0.6896798014640808,4.417228698730469,-11.858282089233398
1161,38.70000076293945,0.09072917699813843,0.9092708230018616,0.0,0.0,0.0,2,0,1,6.561159133911133,6.20460319519043,0.9891304347826086,0.6788539290428162,4.417228698730469,-12.278618812561035
1162,38.733333587646484,0.09072917699813843,0.9092708230018616,0.0,0.0,0.0,2,0,1,6.473219394683838,6.040885925292969,0.9891304347826086,0.7085471153259277,4.312493324279785,-12.07337474822998
1163,38.766666412353516,0.09072917699813843,0.9092708230018616,0.0,0.0,0.0,2,0,1,6.380624771118164,5.994334697723389,0.9855072463768116,0.7690636515617371,4.282529830932617,-11.769993782043457
1164,38.79999923706055,0.09072917699813843,0.9092708230018616,0.0,0.0,0.0,2,0,1,6.283685207366943,5.9508891105651855,0.9855072463768116,0.8725916147232056,4.2545013427734375,-11.152915000915527
1165,38.83333206176758,0.09072917699813843,0.9092708230018616,0.0,0.0,0.0,2,0,1,6.2082839012146,5.871829986572266,0.9855072463768116,0.7953127026557922,4.203348636627197,-10.463988304138184
1166,38.86666488647461,0.09072917699813843,0.9092708230018616,0.0,0.0,0.0,2,0,1,6.122574806213379,5.768755912780762,0.9855072463768116,0.9547427892684937,4.136402130126953,-10.477425575256348
1167,38.900001525878906,0.09072917699813843,0.9092708230018616,0.0,0.0,0.0,2,0,1,6.045459270477295,5.652637958526611,0.9855072463768116,0.9080427289009094,4.060681343078613,-9.67654037475586
1168,38.93333435058594,0.09072917699813843,0.9092708230018616,0.0,0.0,0.0,2,0,1,5.956245422363281,5.531653881072998,0.9855072463768116,1.0718390941619873,3.9814999103546143,-9.376421928405762
1169,38.96666717529297,0.09072917699813843,0.9092708230018616,0.0,0.0,0.0,2,0,1,5.870911598205566,5.488921165466309,0.9855072463768116,0.9892761707305908,3.9534711837768555,-8.355384826660156
1170,39.0,0.09072917699813843,0.9092708230018616,0.0,0.0,0.0,2,0,1,5.799343109130859,5.488921165466309,0.9855072463768116,0.9962601661682129,3.9534711837768555,-8.244135856628418
1171,39.03333282470703,0.09072917699813843,0.9092708230018616,0.0,0.0,0.0,2,0,1,5.729876518249512,5.509937286376953,0.9855072463768116,0.9089462161064148,3.967259645462036,-8.119616508483887
1172,39.06666564941406,0.09072917699813843,0.9092708230018616,0.0,0.0,0.0,2,0,1,5.674680233001709,5.488921165466309,0.9855072463768116,0.9642178416252136,3.9534711837768555,-7.983438014984131
1173,39.099998474121094,0.09072917699813843,0.9092708230018616,0.0,0.0,0.0,2,0,1,5.620128631591797,5.448819637298584,0.9855072463768116,1.0035779476165771,3.927142381668091,-7.824061393737793
1174,39.13333511352539,0.09072917699813843,0.9092708230018616,0.0,0.0,0.0,2,0,1,5.568005561828613,5.42965841293335,0.9855072463768116,1.0029690265655518,3.914553165435791,-7.7913312911987305
1175,39.16666793823242,0.09072917699813843,0.9092708230018616,0.0,0.0,0.0,2,0,1,5.51334285736084,5.325204372406006,0.9818840579710145,1.0161323547363281,3.845837354660034,-7.833468437194824
1176,39.20000076293945,0.09072917699813843,0.9092708230018616,0.0,0.0,0.0,2,0,1,5.4628520011901855,5.2638468742370605,0.9818840579710145,0.9920781850814819,3.8054087162017822,-7.4427056312561035
1177,39.233333587646484,0.09072917699813843,0.9092708230018616,0.0,0.0,0.0,2,0,1,5.418365955352783,5.2077741622924805,0.9782608695652174,0.9436157941818237,3.768425226211548,-7.025277137756348
1178,39.266666412353516,0.09072917699813843,0.9092708230018616,0.0,0.0,0.0,2,0,1,5.380815029144287,5.1561479568481445,0.9782608695652174,0.9747353196144104,3.7343454360961914,-7.068726539611816
1179,39.29999923706055,0.09072917699813843,0.9092708230018616,0.0,0.0,0.0,2,0,1,5.340488433837891,5.085653305053711,0.9782608695652174,0.8330689072608948,3.6877691745758057,-6.794346809387207
1180,39.33333206176758,0.09072917699813843,0.9092708230018616,0.0,0.0,0.0,2,0,1,5.295853137969971,5.042566776275635,0.9782608695652174,0.8594522476196289,3.659280776977539,-7.798037052154541
1181,39.36666488647461,0.09072917699813843,0.9092708230018616,0.0,0.0,0.0,2,0,1,5.2460618019104,5.012024879455566,0.9746376811594203,0.8248972296714783,3.6390771865844727,-7.505527973175049
1182,39.400001525878906,0.09072917699813843,0.9092708230018616,0.0,0.0,0.0,2,0,1,5.194510459899902,4.973409652709961,0.9710144927536232,0.8259806036949158,3.613523244857788,-8.122041702270508
1183,39.43333435058594,0.09072917699813843,0.9092708230018616,0.0,0.0,0.0,2,0,1,5.143324375152588,4.93695592880249,0.967391304347826,0.8543770909309387,3.5893895626068115,-8.008397102355957
1184,39.46666717529297,0.09072917699813843,0.9092708230018616,0.0,0.0,0.0,2,0,1,5.087323188781738,4.869650363922119,0.9637681159420289,0.8246632814407349,3.5448074340820312,-8.289833068847656
1185,39.5,0.09072917699813843,0.9092708230018616,0.0,0.0,0.0,2,0,1,5.03566837310791,4.808651924133301,0.9601449275362319,0.7303872108459473,3.5043787956237793,-7.31532096862793
1186,39.53333282470703,0.09072917699813843,0.9092708230018616,0.0,0.0,0.0,2,0,1,4.985921859741211,4.766382217407227,0.9601449275362319,0.7374143600463867,3.4763500690460205,-8.502354621887207
1187,39.56666564941406,0.09072917699813843,0.9092708230018616,0.0,0.0,0.0,2,0,1,4.93845796585083,4.733137607574463,0.9601449275362319,0.6463209986686707,3.4542999267578125,-8.050329208374023
1188,39.599998474121094,0.09072917699813843,0.9092708230018616,0.0,0.0,0.0,2,0,1,4.891167640686035,4.683241844177246,0.9601449275362319,0.7163951992988586,3.4211947917938232,-8.542571067810059
1189,39.63333511352539,0.09072917699813843,0.9092708230018616,0.0,0.0,0.0,2,0,1,4.8451828956604,4.625809192657471,0.9601449275362319,0.6331853270530701,3.3830742835998535,-9.273981094360352
1190,39.66666793823242,0.09072917699813843,0.9092708230018616,0.0,0.0,0.0,2,0,1,4.800815105438232,4.598886489868164,0.9565217391304348,0.680479109287262,3.365199565887451,-9.768839836120605
1191,39.70000076293945,0.09072917699813843,0.9092708230018616,0.0,0.0,0.0,2,0,1,4.754428863525391,4.5481648445129395,0.9528985507246377,0.7445071339607239,3.3315165042877197,-9.926674842834473
1192,39.733333587646484,0.09072917699813843,0.9092708230018616,0.0,0.0,0.0,2,2,0,4.7076544761657715,4.505664348602295,0.9492753623188406,0.719459593296051,3.3032851219177246,-9.886068344116211
1193,39.766666412353516,0.09072917699813843,0.9092708230018616,0.0,0.0,0.0,2,2,0,4.66053581237793,4.465767860412598,0.9492753623188406,0.832966148853302,3.276777744293213,-10.808635711669922
1194,39.79999923706055,0.09072917699813843,0.9092708230018616,0.0,0.0,0.0,2,2,0,4.613606929779053,4.400364398956299,0.9456521739130435,0.8951371312141418,3.233311891555786,-11.22932243347168
1195,39.83333206176758,0.09072917699813843,0.9092708230018616,0.0,0.0,0.0,2,2,0,4.567549228668213,4.348072052001953,0.9420289855072463,0.9208714962005615,3.198549747467041,-11.687710762023926
1196,39.86666488647461,0.09072917699813843,0.9092708230018616,0.0,0.0,0.0,2,2,0,4.52239465713501,4.314836502075195,0.9420289855072463,0.8703545928001404,3.1753199100494385,-12.148093223571777
1197,39.900001525878906,0.09072917699813843,0.9092708230018616,0.0,0.0,0.0,2,2,0,4.476916790008545,4.278359889984131,0.9420289855072463,0.9005430340766907,3.151125192642212,-13.013689041137695
1198,39.93333435058594,0.09072917699813843,0.9092708230018616,0.0,0.0,0.0,2,2,0,4.430572509765625,4.219798564910889,0.9420289855072463,0.8647817969322205,3.1122682094573975,-13.809529304504395
1199,39.96666717529297,0.09072917699813843,0.9092708230018616,0.0,0.0,0.0,2,2,0,4.388514041900635,4.20522403717041,0.9384057971014492,0.872011661529541,3.102595329284668,-14.42318344116211
1200,40.0,0.09072917699813843,0.9092708230018616,0.0,0.0,0.0,2,2,0,4.345232009887695,4.166069984436035,0.9311594202898551,0.8057852387428284,3.076604127883911,-13.96225357055664
1201,40.03333282470703,0.09072917699813843,0.9092708230018616,0.0,0.0,0.0,2,2,0,4.301558494567871,4.11142635345459,0.9239130434782609,0.9099074602127075,3.0403199195861816,-14.177888870239258
1202,40.06666564941406,0.09072917699813843,0.9092708230018616,0.0,0.0,0.0,2,2,0,4.259206295013428,4.0821428298950195,0.9094202898550725,1.0125788450241089,3.0208706855773926,-14.157876968383789
1203,40.099998474121094,0.09072917699813843,0.9092708230018616,0.0,0.0,0.0,2,2,0,4.2169084548950195,4.042789936065674,0.894927536231884,0.8781909942626953,2.9947283267974854,-13.685187339782715
1204,40.13333511352539,0.09072917699813843,0.9092708230018616,0.0,0.0,0.0,2,2,0,4.177016735076904,4.001449108123779,0.8876811594202898,0.7017501592636108,2.967259645462036,-13.398721694946289
1205,40.16666793823242,0.09072917699813843,0.9092708230018616,0.0,0.0,0.0,2,2,0,4.138368129730225,3.9615836143493652,0.8876811594202898,0.6862400770187378,2.9401073455810547,-13.223320007324219
1206,40.20000076293945,0.09072917699813843,0.9092708230018616,0.0,0.0,0.0,2,2,0,4.098634243011475,3.91749906539917,0.8840579710144928,0.8720514178276062,2.910846471786499,-14.607805252075195
1207,40.233333587646484,0.09072917699813843,0.9092708230018616,0.0,0.0,0.0,2,2,0,4.059382915496826,3.885847568511963,0.8695652173913043,0.8593493700027466,2.889247417449951,-11.97256088256836
1208,40.266666412353516,0.09072917699813843,0.9092708230018616,0.0,0.0,0.0,2,2,0,4.021141529083252,3.837380886077881,0.8623188405797102,0.698218584060669,2.8565611839294434,-11.512664794921875
1209,40.29999923706055,0.09072917699813843,0.9092708230018616,0.0,0.0,0.0,2,2,0,3.979846239089966,3.7922723293304443,0.8623188405797102,0.6745412945747375,2.8261640071868896,-10.825716972351074
1210,40.33333206176758,0.09072917699813843,0.9092708230018616,0.0,0.0,0.0,2,2,0,3.9386072158813477,3.7536792755126953,0.8586956521739131,0.7542830109596252,2.800609827041626,-11.124584197998047
1211,40.36666488647461,0.09072917699813843,0.9092708230018616,0.0,0.0,0.0,2,2,0,3.8994622230529785,3.7199764251708984,0.8478260869565217,0.7370399832725525,2.7773799896240234,-9.546491622924805
1212,40.400001525878906,0.09072917699813843,0.9092708230018616,0.0,0.0,0.0,2,2,0,3.8599109649658203,3.6866302490234375,0.8442028985507246,0.697602391242981,2.7553298473358154,-9.180108070373535
1213,40.43333435058594,0.09072917699813843,0.9092708230018616,0.0,0.0,0.0,2,2,0,3.8203837871551514,3.647519111633301,0.8442028985507246,0.7267189621925354,2.7294564247131348,-8.108457565307617
1214,40.46666717529297,0.09072917699813843,0.9092708230018616,0.0,0.0,0.0,2,2,0,3.782116413116455,3.6187744140625,0.8405797101449275,0.6985043287277222,2.7104332447052,-9.505709648132324
1215,40.5,0.09072917699813843,0.9092708230018616,0.0,0.0,0.0,2,2,0,3.745251178741455,3.5929317474365234,0.8369565217391304,0.7153518795967102,2.6929526329040527,-6.584715843200684
1216,40.53333282470703,0.09072917699813843,0.9092708230018616,0.0,0.0,0.0,2,2,0,3.708967685699463,3.5546650886535645,0.8260869565217391,0.6842034459114075,2.667632818222046,-7.136859893798828
1217,40.56666564941406,0.09072917699813843,0.9092708230018616,0.0,0.0,0.0,2,2,0,3.6723859310150146,3.5200302600860596,0.8152173913043479,0.7395040392875671,2.644373655319214,-5.452645778656006
1218,40.599998474121094,0.09072917699813843,0.9092708230018616,0.0,0.0,0.0,2,2,0,3.637075901031494,3.484278917312622,0.8079710144927537,0.6345155239105225,2.6204020977020264,-6.1663312911987305
1219,40.63333511352539,0.09072917699813843,0.9092708230018616,0.0,0.0,0.0,2,2,0,3.6022121906280518,3.4436373710632324,0.8043478260869565,0.6480469703674316,2.5929250717163086,-5.522066116333008
1220,40.66666793823242,0.09072917699813843,0.9092708230018616,0.0,0.0,0.0,2,2,0,3.567171812057495,3.403275489807129,0.7971014492753623,0.6965855956077576,2.5659701824188232,-4.043429851531982
1221,40.70000076293945,0.09072917699813843,0.9092708230018616,0.0,0.0,0.0,2,2,0,3.532862663269043,3.3768844604492188,0.7717391304347826,0.733703076839447,2.5485305786132812,-3.0677762031555176
1222,40.733333587646484,0.09072917699813843,0.9092708230018616,0.0,0.0,0.0,2,2,0,3.4981961250305176,3.33996319770813,0.7536231884057971,0.8002760410308838,2.524122714996338,-4.779589653015137
1223,40.766666412353516,0.09072917699813843,0.9092708230018616,0.0,0.0,0.0,2,2,0,3.4646010398864746,3.311570405960083,0.7427536231884058,0.8296903967857361,2.50486159324646,-2.9077272415161133
1224,40.79999923706055,0.09072917699813843,0.9092708230018616,0.0,0.0,0.0,2,2,0,3.4311599731445312,3.284363269805908,0.7282608695652174,0.6512943506240845,2.486881732940674,-4.157858371734619
1225,40.83333206176758,0.09072917699813843,0.9092708230018616,0.0,0.0,0.0,2,2,0,3.397088050842285,3.2522120475769043,0.7173913043478262,0.6452011466026306,2.4656262397766113,-2.9140820503234863
1226,40.86666488647461,0.09072917699813843,0.9092708230018616,0.0,0.0,0.0,2,2,0,3.363145112991333,3.215236186981201,0.7065217391304348,0.6749040484428406,2.44075345993042,-3.6014838218688965
1227,40.900001525878906,0.09072917699813843,0.9092708230018616,0.0,0.0,0.0,2,2,0,3.3300089836120605,3.1886682510375977,0.6956521739130435,0.631472647190094,2.4227914810180664,-3.283872604370117
1228,40.93333435058594,0.09072917699813843,0.9092708230018616,0.0,0.0,0.0,2,2,0,3.2969417572021484,3.1536061763763428,0.6739130434782609,0.6864136457443237,2.3990578651428223,-4.052273273468018
1229,40.96666717529297,0.09072917699813843,0.9092708230018616,0.0,0.0,0.0,2,2,0,3.2649941444396973,3.124162197113037,0.6630434782608696,0.749882698059082,2.3794400691986084,-3.0184810161590576
1230,41.0,0.09072917699813843,0.9092708230018616,0.0,0.0,0.0,2,2,0,3.2339515686035156,3.092848300933838,0.6557971014492754,0.8152333498001099,2.358595609664917,-4.499391078948975
1231,41.03333282470703,0.09072917699813843,0.9092708230018616,0.0,0.0,0.0,2,2,0,3.203061103820801,3.0679821968078613,0.6485507246376812,0.7332285642623901,2.3420135974884033,-3.4709644317626953
1232,41.06666564941406,0.09072917699813843,0.9092708230018616,0.0,0.0,0.0,2,2,0,3.17291259765625,3.038477897644043,0.6340579710144927,0.7647299766540527,2.3222177028656006,-4.010083198547363
1233,41.099998474121094,0.09072917699813843,0.9092708230018616,0.0,0.0,0.0,2,2,0,3.1427347660064697,3.009791851043701,0.6268115942028986,0.6358461380004883,2.3032851219177246,-3.2080299854278564
1234,41.13333511352539,0.09072917699813843,0.9092708230018616,0.0,0.0,0.0,2,2,0,3.112090587615967,2.9779205322265625,0.6195652173913043,0.6610984206199646,2.2819511890411377,-4.376294136047363
1235,41.16666793823242,0.09072917699813843,0.9092708230018616,0.0,0.0,0.0,2,2,0,3.0822319984436035,2.953626871109009,0.6159420289855073,0.7062468528747559,2.265775203704834,-4.312043190002441
1236,41.20000076293945,0.09072917699813843,0.9092708230018616,0.0,0.0,0.0,2,2,0,3.0530807971954346,2.92372465133667,0.6014492753623188,0.7055017352104187,2.245901107788086,-3.8485939502716064
1237,41.233333587646484,0.09072917699813843,0.9092708230018616,0.0,0.0,0.0,2,2,0,3.024172782897949,2.8995871543884277,0.5905797101449275,0.7603015899658203,2.229964256286621,-3.868532419204712
1238,41.266666412353516,0.09072917699813843,0.9092708230018616,0.0,0.0,0.0,2,2,0,2.9958834648132324,2.870713949203491,0.572463768115942,0.7230090498924255,2.2106480598449707,-4.905571937561035
1239,41.29999923706055,0.09072917699813843,0.9092708230018616,0.0,0.0,0.0,2,2,0,2.967613935470581,2.841465473175049,0.5615942028985508,0.766589343547821,2.1909801959991455,-3.898808002471924
1240,41.33333206176758,0.09072917699813843,0.9092708230018616,0.0,0.0,0.0,2,2,0,2.9400177001953125,2.8168864250183105,0.5326086956521738,0.7798128724098206,2.1746418476104736,-4.53076696395874
1241,41.36666488647461,0.09072917699813843,0.9092708230018616,0.0,0.0,0.0,2,2,0,2.9118666648864746,2.7864725589752197,0.5253623188405797,0.7879019379615784,2.154346227645874,-4.662017345428467
1242,41.400001525878906,0.09072917699813843,0.9092708230018616,0.0,0.0,0.0,2,2,0,2.8841049671173096,2.760859489440918,0.5144927536231885,0.7268965840339661,2.137437105178833,-5.344969749450684
1243,41.43333435058594,0.09072917699813843,0.9092708230018616,0.0,0.0,0.0,2,2,0,2.8565661907196045,2.7344045639038086,0.4963768115942029,0.7554134726524353,2.119567394256592,-5.201049327850342
1244,41.46666717529297,0.09072917699813843,0.9092708230018616,0.0,0.0,0.0,2,2,0,2.8296289443969727,2.708547592163086,0.49275362318840576,0.7298709750175476,2.102212905883789,-5.289581298828125
1245,41.5,0.09072917699813843,0.9092708230018616,0.0,0.0,0.0,2,2,0,2.802494525909424,2.6822845935821533,0.4565217391304348,0.8147573471069336,2.084789991378784,-5.390259265899658
1246,41.53333282470703,0.09072917699813843,0.9092708230018616,0.0,0.0,0.0,2,2,0,2.7754392623901367,2.653169870376587,0.4384057971014492,0.8168639540672302,2.0652215480804443,-5.463907241821289
1247,41.56666564941406,0.09072917699813843,0.9092708230018616,0.0,0.0,0.0,2,2,0,2.748291492462158,2.6281111240386963,0.4311594202898551,0.8474974632263184,2.0485191345214844,-4.6165971755981445
1248,41.599998474121094,0.09072917699813843,0.9092708230018616,0.0,0.0,0.0,2,2,0,2.7218902111053467,2.606701135635376,0.4094202898550725,0.8904730081558228,2.0342297554016113,-4.7783989906311035
1249,41.63333511352539,0.09072917699813843,0.9092708230018616,0.0,0.0,0.0,2,2,0,2.696221113204956,2.584773063659668,0.3804347826086957,0.8592025637626648,2.018972873687744,-3.874439239501953
1250,41.66666793823242,0.09072917699813843,0.9092708230018616,0.0,0.0,0.0,2,2,0,2.670276641845703,2.5574421882629395,0.3586956521739131,0.8801184296607971,2.0005879402160645,-4.101572513580322
1251,41.70000076293945,0.09072917699813843,0.9092708230018616,0.0,0.0,0.0,2,2,0,2.6450271606445312,2.5339767932891846,0.35144927536231885,0.8722617626190186,1.9849883317947388,-3.644656181335449
1252,41.733333587646484,0.09072917699813843,0.9092708230018616,0.0,0.0,0.0,2,2,0,2.6198174953460693,2.508763313293457,0.3442028985507246,0.8605093359947205,1.968100905418396,-3.714432954788208
1253,41.766666412353516,0.09072917699813843,0.9092708230018616,0.0,0.0,0.0,2,2,0,2.594712972640991,2.483361005783081,0.33333333333333337,0.7580065131187439,1.9510351419448853,-2.838582992553711
1254,41.79999923706055,0.09072917699813843,0.9092708230018616,0.0,0.0,0.0,2,2,0,2.5698087215423584,2.4595048427581787,0.32608695652173914,0.7870759963989258,1.9350048303604126,-2.860403060913086
1255,41.83333206176758,0.09072917699813843,0.9092708230018616,0.0,0.0,0.0,2,2,0,2.5451245307922363,2.4354429244995117,0.3152173913043478,0.7016196250915527,1.9189180135726929,-2.7814035415649414
1256,41.86666488647461,0.09072917699813843,0.9092708230018616,0.0,0.0,0.0,2,2,0,2.520655632019043,2.408480167388916,0.3007246376811594,0.8109768033027649,1.9007532596588135,-2.648846387863159
1257,41.900001525878906,0.09072917699813843,0.9092708230018616,0.0,0.0,0.0,2,2,0,2.4962265491485596,2.3838202953338623,0.27898550724637683,0.7632224559783936,1.8842426538467407,-2.705779552459717
1258,41.93333435058594,0.09072917699813843,0.9092708230018616,0.0,0.0,0.0,2,2,0,2.472047805786133,2.3649139404296875,0.26449275362318836,0.892433226108551,1.8715840578079224,-2.6564037799835205
1259,41.96666717529297,0.09072917699813843,0.9092708230018616,0.0,0.0,0.0,2,2,0,2.44800066947937,2.3443009853363037,0.24637681159420288,0.8194332122802734,1.8577572107315063,-2.6906347274780273
1260,42.0,0.09072917699813843,0.9092708230018616,0.0,0.0,0.0,2,2,0,2.424351930618286,2.320955753326416,0.23188405797101452,0.7829679250717163,1.8419357538223267,-2.60624361038208
1261,42.03333282470703,0.09072917699813843,0.9092708230018616,0.0,0.0,0.0,2,2,0,2.4007420539855957,2.2978782653808594,0.2246376811594203,0.7993379831314087,1.8263664245605469,-2.7407732009887695
1262,42.06666564941406,0.09072917699813843,0.9092708230018616,0.0,0.0,0.0,2,2,0,2.377588987350464,2.2772316932678223,0.22101449275362317,0.7798492312431335,1.812511682510376,-2.697364568710327
1263,42.099998474121094,0.09072917699813843,0.9092708230018616,0.0,0.0,0.0,2,2,0,2.354412078857422,2.2515926361083984,0.21014492753623193,0.7335472106933594,1.7952972650527954,-2.7413790225982666
1264,42.13333511352539,0.09072917699813843,0.9092708230018616,0.0,0.0,0.0,2,2,0,2.3312926292419434,2.228309392929077,0.19565217391304346,0.6949998736381531,1.7796478271484375,-2.6317591667175293
1265,42.16666793823242,0.09072917699813843,0.9092708230018616,0.0,0.0,0.0,2,2,0,2.3312926292419434,3.295680522918701,0.19565217391304346,0.7276743650436401,2.494361639022827,-2.810131788253784
1266,42.20000076293945,0.09072917699813843,0.9092708230018616,0.0,0.0,0.0,2,2,0,2.3312926292419434,3.2663817405700684,0.19565217391304346,0.7501437664031982,2.4749948978424072,-2.704403877258301
1267,42.233333587646484,0.09072917699813843,0.9092708230018616,0.0,0.0,0.0,2,2,0,2.3312926292419434,3.228616237640381,0.19565217391304346,0.7171897292137146,2.4495954513549805,-2.7837510108947754
1268,42.266666412353516,0.09072917699813843,0.9092708230018616,0.0,0.0,0.0,2,2,0,2.3312926292419434,3.1993508338928223,0.19565217391304346,0.7375286221504211,2.4300498962402344,-2.763068199157715
1269,42.29999923706055,0.09072917699813843,0.9092708230018616,0.0,0.0,0.0,2,2,0,2.417316436767578,3.167522430419922,0.23188405797101452,0.6897448897361755,2.4082415103912354,-2.947329044342041
1270,42.33333206176758,0.09072917699813843,0.9092708230018616,0.0,0.0,0.0,2,2,0,2.5031065940856934,3.1374573707580566,0.28623188405797106,0.7242488265037537,2.388213872909546,-2.9301352500915527
1271,42.36666488647461,0.09072917699813843,0.9092708230018616,0.0,0.0,0.0,2,2,0,2.5875861644744873,3.1025896072387695,0.33333333333333337,0.7401906251907349,2.365199565887451,-2.861262321472168
1272,42.400001525878906,0.09072917699813843,0.9092708230018616,0.0,0.0,0.0,2,2,0,2.671029806137085,3.0799121856689453,0.3586956521739131,0.8242476582527161,2.3500561714172363,-2.5024280548095703
1273,42.43333435058594,0.09072917699813843,0.9092708230018616,0.0,0.0,0.0,2,2,0,2.753351926803589,3.0503644943237305,0.4347826086956522,0.8830376863479614,2.3302218914031982,-2.4470105171203613
1274,42.46666717529297,0.09072917699813843,0.9092708230018616,0.0,0.0,0.0,2,2,0,2.8350021839141846,3.020927906036377,0.4963768115942029,0.845662534236908,2.310635805130005,-4.486253261566162
1275,42.5,0.09072917699813843,0.9092708230018616,0.0,0.0,0.0,2,2,0,2.915473222732544,2.9880752563476562,0.5253623188405797,0.9200943112373352,2.2886531352996826,-4.5861592292785645
1276,42.53333282470703,0.09072917699813843,0.9092708230018616,0.0,0.0,0.0,2,2,0,2.995741367340088,2.9649085998535156,0.572463768115942,0.8446954488754272,2.273362398147583,-5.1374101638793945
1277,42.56666564941406,0.09072917699813843,0.9092708230018616,0.0,0.0,0.0,2,2,0,3.0644989013671875,2.9338815212249756,0.6086956521739131,0.7093343138694763,2.252605438232422,-5.526793003082275
1278,42.599998474121094,0.09072917699813843,0.9092708230018616,0.0,0.0,0.0,2,2,0,3.035698652267456,2.911346435546875,0.5942028985507246,0.6918014287948608,2.237729072570801,-6.737954139709473
1279,42.63333511352539,0.09072917699813843,0.9092708230018616,0.0,0.0,0.0,2,2,0,3.0071234703063965,2.881770133972168,0.5833333333333333,0.6785244345664978,2.218071937561035,-5.926868915557861
1280,42.66666793823242,0.09072917699813843,0.9092708230018616,0.0,0.0,0.0,2,2,0,2.978671073913574,2.852935314178467,0.5652173913043479,0.8158625960350037,2.198549747467041,-6.1454010009765625
1281,42.70000076293945,0.09072917699813843,0.9092708230018616,0.0,0.0,0.0,2,2,0,2.9511353969573975,2.8272323608398438,0.5434782608695652,0.8365907669067383,2.1814706325531006,-7.146261692047119
1282,42.733333587646484,0.09072917699813843,0.9092708230018616,0.0,0.0,0.0,2,2,0,2.923194169998169,2.8005003929138184,0.5326086956521738,0.9111459255218506,2.1637144088745117,-6.690000057220459
1283,42.766666412353516,0.09072917699813843,0.9092708230018616,0.0,0.0,0.0,2,2,0,2.894906520843506,2.767486333847046,0.5181159420289856,0.8839523792266846,2.141812562942505,-7.015293598175049
1284,42.79999923706055,0.09072917699813843,0.9092708230018616,0.0,0.0,0.0,2,2,0,2.8673484325408936,2.7453484535217285,0.5,0.9110999703407288,2.1269915103912354,-6.683582305908203
1285,42.83333206176758,0.09072917699813843,0.9092708230018616,0.0,0.0,0.0,2,2,0,2.8404619693756104,2.7192091941833496,0.4963768115942029,0.8199401497840881,2.1093437671661377,-7.213046550750732
1286,42.86666488647461,0.09072917699813843,0.9092708230018616,0.0,0.0,0.0,2,2,0,2.8134071826934814,2.694361925125122,0.47101449275362317,0.7872738838195801,2.092759132385254,-7.185657978057861
1287,42.900001525878906,0.09072917699813843,0.9092708230018616,0.0,0.0,0.0,2,2,0,2.7864768505096436,2.664578914642334,0.44202898550724634,0.9161826372146606,2.073014974594116,-7.678982734680176
1288,42.93333435058594,0.09072917699813843,0.9092708230018616,0.0,0.0,0.0,2,2,0,2.758991003036499,2.6364870071411133,0.4347826086956522,0.9081947803497314,2.0541296005249023,-7.206945896148682
1289,42.96666717529297,0.09072917699813843,0.9092708230018616,0.0,0.0,0.0,2,2,0,2.732407331466675,2.615934371948242,0.42028985507246375,0.9714682698249817,2.0403199195861816,-7.879016399383545
1290,43.0,0.09072917699813843,0.9092708230018616,0.0,0.0,0.0,2,2,0,2.732407331466675,3.624659299850464,0.42028985507246375,0.9573461413383484,2.7143282890319824,-7.144304275512695
1291,43.03333282470703,0.09072917699813843,0.9092708230018616,0.0,0.0,0.0,2,2,0,2.732407331466675,3.5951879024505615,0.42028985507246375,0.8599078059196472,2.6944451332092285,-7.652765274047852
1292,43.06666564941406,0.09072917699813843,0.9092708230018616,0.0,0.0,0.0,2,2,0,2.732407331466675,3.5589261054992676,0.42028985507246375,0.7482314109802246,2.670452833175659,-7.848299980163574
1293,43.099998474121094,0.09072917699813843,0.9092708230018616,0.0,0.0,0.0,2,2,0,2.732407331466675,3.5230579376220703,0.42028985507246375,0.8159546852111816,2.646376609802246,-7.577548503875732
1294,43.13333511352539,0.09072917699813843,0.9092708230018616,0.0,0.0,0.0,2,2,0,2.809579849243164,3.4871444702148438,0.46739130434782605,0.72883540391922,2.6222970485687256,-7.17179012298584
1295,43.16666793823242,0.09072917699813843,0.9092708230018616,0.0,0.0,0.0,2,2,0,2.8863754272460938,3.4485812187194824,0.5144927536231885,0.8027828335762024,2.596489906311035,-6.67592191696167
1296,43.20000076293945,0.09072917699813843,0.9092708230018616,0.0,0.0,0.0,2,2,0,2.9622180461883545,3.4083447456359863,0.5615942028985508,0.7290007472038269,2.569319486618042,-6.863410949707031
1297,43.233333587646484,0.09072917699813843,0.9092708230018616,0.0,0.0,0.0,2,2,0,3.0377750396728516,3.378502607345581,0.5978260869565217,0.7271212935447693,2.54960036277771,-7.076792240142822
1298,43.266666412353516,0.09072917699813843,0.9092708230018616,0.0,0.0,0.0,2,2,0,3.111954689025879,3.3430252075195312,0.6195652173913043,0.7832978367805481,2.5261473655700684,-6.417525768280029
1299,43.29999923706055,0.09072917699813843,0.9092708230018616,0.0,0.0,0.0,2,2,0,3.184891939163208,3.3130340576171875,0.644927536231884,0.7956036925315857,2.505828857421875,-6.414714813232422
1300,43.33333206176758,0.09072917699813843,0.9092708230018616,0.0,0.0,0.0,2,2,0,3.2562901973724365,3.2899975776672363,0.6557971014492754,0.8610991835594177,2.490605592727661,-6.394213676452637
1301,43.36666488647461,0.09072917699813843,0.9092708230018616,0.0,0.0,0.0,2,2,0,3.3276824951171875,3.2562294006347656,0.6920289855072463,0.8408570289611816,2.468282461166382,-6.878041744232178
1302,43.400001525878906,0.09072917699813843,0.9092708230018616,0.0,0.0,0.0,2,2,0,3.366694927215576,3.21903133392334,0.7065217391304348,0.8051217198371887,2.4432613849639893,-6.181342124938965
1303,43.43333435058594,0.09072917699813843,0.9092708230018616,0.0,0.0,0.0,2,2,0,3.333650588989258,3.192615509033203,0.6956521739130435,0.8807938098907471,2.4255998134613037,-6.0812482833862305
1304,43.46666717529297,0.09072917699813843,0.9092708230018616,0.0,0.0,0.0,2,2,0,3.300584316253662,3.1564812660217285,0.6739130434782609,0.9456480741500854,2.4009552001953125,-6.538139343261719
1305,43.5,0.09072917699813843,0.9092708230018616,0.0,0.0,0.0,2,2,0,3.2685272693634033,3.128011703491211,0.6630434782608696,0.8684048652648926,2.3819808959960938,-6.929136276245117
1306,43.53333282470703,0.09072917699813843,0.9092708230018616,0.0,0.0,0.0,2,2,0,3.2372395992279053,3.0954670906066895,0.6557971014492754,0.8686109185218811,2.360323667526245,-6.923445224761963
1307,43.56666564941406,0.09072917699813843,0.9092708230018616,0.0,0.0,0.0,2,2,0,3.2065911293029785,3.072019100189209,0.6485507246376812,0.7092357873916626,2.3446779251098633,-7.581615924835205
1308,43.599998474121094,0.09072917699813843,0.9092708230018616,0.0,0.0,0.0,2,2,0,3.1765947341918945,3.0430612564086914,0.6376811594202898,0.6569342017173767,2.325401782989502,-7.8903021812438965
1309,43.63333511352539,0.09072917699813843,0.9092708230018616,0.0,0.0,0.0,2,2,0,3.146501064300537,3.012096405029297,0.6268115942028986,0.5605176687240601,2.3048064708709717,-7.87345027923584
1310,43.66666793823242,0.09072917699813843,0.9092708230018616,0.0,0.0,0.0,2,2,0,3.115600824356079,2.98099422454834,0.6195652173913043,0.5495349764823914,2.283980131149292,-8.44245433807373
1311,43.70000076293945,0.09072917699813843,0.9092708230018616,0.0,0.0,0.0,2,2,0,3.0855941772460938,2.9561641216278076,0.6159420289855073,0.5986840128898621,2.2674498558044434,-8.411499977111816
1312,43.733333587646484,0.09072917699813843,0.9092708230018616,0.0,0.0,0.0,2,2,0,3.056225061416626,2.9253392219543457,0.605072463768116,0.5979068279266357,2.24696683883667,-9.063395500183105
1313,43.766666412353516,0.09072917699813843,0.9092708230018616,0.0,0.0,0.0,2,2,0,3.0273900032043457,2.9042654037475586,0.5942028985507246,0.7457173466682434,2.23305344581604,-8.860487937927246
1314,43.79999923706055,0.09072917699813843,0.9092708230018616,0.0,0.0,0.0,2,2,0,2.9991486072540283,2.8740670680999756,0.572463768115942,0.7477027773857117,2.2128617763519287,-9.454477310180664
1315,43.83333206176758,0.09072917699813843,0.9092708230018616,0.0,0.0,0.0,2,2,0,2.9708144664764404,2.8446712493896484,0.5652173913043479,0.7421673536300659,2.1930959224700928,-9.021175384521484
1316,43.86666488647461,0.09072917699813843,0.9092708230018616,0.0,0.0,0.0,2,2,0,2.943333864212036,2.8206608295440674,0.536231884057971,0.8417735695838928,2.177133321762085,-9.547764778137207
1317,43.900001525878906,0.09072917699813843,0.9092708230018616,0.0,0.0,0.0,2,2,0,2.915040969848633,2.789090156555176,0.5253623188405797,0.8210689425468445,2.156073808670044,-9.506077766418457
1318,43.93333435058594,0.09072917699813843,0.9092708230018616,0.0,0.0,0.0,2,2,0,2.8870410919189453,2.763061046600342,0.5144927536231885,0.8636307716369629,2.1388907432556152,-9.679762840270996
1319,43.96666717529297,0.09072917699813843,0.9092708230018616,0.0,0.0,0.0,2,2,0,2.8596649169921875,2.738335609436035,0.5,0.9640085101127625,2.122161388397217,-9.54224967956543
1320,44.0,0.09072917699813843,0.9092708230018616,0.0,0.0,0.0,2,2,0,2.83268141746521,2.711160182952881,0.49275362318840576,0.9919113516807556,2.1039366722106934,-9.574503898620605
1321,44.03333282470703,0.09072917699813843,0.9092708230018616,0.0,0.0,0.0,2,2,0,2.80560040473938,2.6853528022766113,0.46014492753623193,0.8904376029968262,2.0868148803710938,-8.947844505310059
1322,44.06666564941406,0.09072917699813843,0.9092708230018616,0.0,0.0,0.0,2,2,0,2.7787704467773438,2.6570398807525635,0.44202898550724634,0.9186483025550842,2.0680394172668457,-10.16650104522705
1323,44.099998474121094,0.09072917699813843,0.9092708230018616,0.0,0.0,0.0,2,2,0,2.751437187194824,2.630934238433838,0.4347826086956522,0.9368529915809631,2.0503811836242676,-10.063179969787598
1324,44.13333511352539,0.09072917699813843,0.9092708230018616,0.0,0.0,0.0,2,2,0,2.7248992919921875,2.6086862087249756,0.4094202898550725,0.809583842754364,2.035539388656616,-9.585152626037598
1325,44.16666793823242,0.09072917699813843,0.9092708230018616,0.0,0.0,0.0,2,2,0,2.6990773677825928,2.5864524841308594,0.3804347826086957,0.8360198140144348,2.0200788974761963,-9.548264503479004
1326,44.20000076293945,0.09072917699813843,0.9092708230018616,0.0,0.0,0.0,2,2,0,2.6730549335479736,2.5604360103607178,0.3659420289855072,0.8383393287658691,2.002558946609497,-9.023438453674316
1327,44.233333587646484,0.09072917699813843,0.9092708230018616,0.0,0.0,0.0,2,2,0,2.6479547023773193,2.5380895137786865,0.35144927536231885,0.8010178208351135,1.9877699613571167,-9.093659400939941
1328,44.266666412353516,0.09072917699813843,0.9092708230018616,0.0,0.0,0.0,2,2,0,2.622727870941162,2.5107920169830322,0.3442028985507246,0.7644882798194885,1.969506859779358,-9.037958145141602
1329,44.29999923706055,0.09072917699813843,0.9092708230018616,0.0,0.0,0.0,2,2,0,2.597538709640503,2.4864439964294434,0.3369565217391305,0.69976806640625,1.953199863433838,-8.436149597167969
1330,44.33333206176758,0.09072917699813843,0.9092708230018616,0.0,0.0,0.0,2,2,0,2.572700262069702,2.4627747535705566,0.32608695652173914,0.6659976243972778,1.937221646308899,-9.338479995727539
1331,44.36666488647461,0.09072917699813843,0.9092708230018616,0.0,0.0,0.0,2,2,0,2.5480434894561768,2.4387853145599365,0.3152173913043478,0.6760857701301575,1.9211798906326294,-9.1556978225708
1332,44.400001525878906,0.09072917699813843,0.9092708230018616,0.0,0.0,0.0,2,2,0,2.523517370223999,2.411778688430786,0.30797101449275366,0.6958043575286865,1.9029223918914795,-9.347360610961914
1333,44.43333435058594,0.09072917699813843,0.9092708230018616,0.0,0.0,0.0,2,2,0,2.4991235733032227,2.386995792388916,0.28260869565217395,0.784390389919281,1.8863306045532227,-8.916833877563477
1334,44.46666717529297,0.09072917699813843,0.9092708230018616,0.0,0.0,0.0,2,2,0,2.47495174407959,2.3669686317443848,0.2681159420289855,0.8045138716697693,1.8729349374771118,-8.819856643676758
1335,44.5,0.09072917699813843,0.9092708230018616,0.0,0.0,0.0,2,2,0,2.451035499572754,2.3472893238067627,0.24637681159420288,0.8134886622428894,1.859721302986145,-8.911075592041016
1336,44.53333282470703,0.09072917699813843,0.9092708230018616,0.0,0.0,0.0,2,2,0,2.4272713661193848,2.322796106338501,0.23188405797101452,0.8550283908843994,1.843302607536316,-8.909710884094238
1337,44.56666564941406,0.09072917699813843,0.9092708230018616,0.0,0.0,0.0,2,2,0,2.4035518169403076,2.3008928298950195,0.2246376811594203,0.7862837910652161,1.8283967971801758,-9.379819869995117
1338,44.599998474121094,0.09072917699813843,0.9092708230018616,0.0,0.0,0.0,2,2,0,2.3804802894592285,2.2800772190093994,0.22101449275362317,0.7877556085586548,1.8143796920776367,-9.762324333190918
1339,44.63333511352539,0.09072917699813843,0.9092708230018616,0.0,0.0,0.0,2,2,0,2.357297420501709,2.2546167373657227,0.21014492753623193,0.7943775057792664,1.7972818613052368,-9.57792854309082
1340,44.66666793823242,0.09072917699813843,0.9092708230018616,0.0,0.0,0.0,2,2,0,2.3341078758239746,2.2308788299560547,0.19565217391304346,0.7737789154052734,1.7813793420791626,-9.999443054199219
1341,44.70000076293945,0.09072917699813843,0.9092708230018616,0.0,0.0,0.0,2,2,0,2.3113908767700195,2.211613655090332,0.19202898550724634,0.8377698063850403,1.7681593894958496,-9.568235397338867
1342,44.733333587646484,0.09072917699813843,0.9092708230018616,0.0,0.0,0.0,2,2,0,2.2892215251922607,2.1900851726531982,0.17753623188405798,0.8386066555976868,1.7536132335662842,-9.467621803283691
1343,44.766666412353516,0.09072917699813843,0.9092708230018616,0.0,0.0,0.0,2,2,0,2.267319917678833,2.167980670928955,0.1630434782608695,0.830089807510376,1.7386274337768555,-9.840304374694824
1344,44.79999923706055,0.09072917699813843,0.9092708230018616,0.0,0.0,0.0,2,2,0,2.2455220222473145,2.1489906311035156,0.15217391304347827,0.7136560082435608,1.725825548171997,-10.0148344039917
1345,44.83333206176758,0.09072917699813843,0.9092708230018616,0.0,0.0,0.0,2,2,0,2.223407030105591,2.126138925552368,0.14492753623188404,0.6983352899551392,1.7102006673812866,-9.671841621398926
1346,44.86666488647461,0.09072917699813843,0.9092708230018616,0.0,0.0,0.0,2,2,0,2.201648235321045,2.105208396911621,0.14492753623188404,0.7996891140937805,1.6960927248001099,-8.133270263671875
1347,44.900001525878906,0.09072917699813843,0.9092708230018616,0.0,0.0,0.0,2,2,0,2.1799352169036865,2.0837626457214355,0.1376811594202898,0.7942834496498108,1.6814119815826416,-7.8387627601623535
1348,44.93333435058594,0.09072917699813843,0.9092708230018616,0.0,0.0,0.0,2,2,0,2.1581578254699707,2.0623018741607666,0.1340579710144928,0.6779640316963196,1.6668604612350464,-8.818740844726562
1349,44.96666717529297,0.09072917699813843,0.9092708230018616,0.0,0.0,0.0,2,2,0,2.137051820755005,2.043557643890381,0.13043478260869568,0.6037958264350891,1.6542091369628906,-8.444414138793945
1350,45.0,0.09072917699813843,0.9092708230018616,0.0,0.0,0.0,2,2,0,2.1163506507873535,2.0238678455352783,0.12318840579710144,0.6112074851989746,1.6407915353775024,-7.660272121429443
1351,45.03333282470703,0.09072917699813843,0.9092708230018616,0.0,0.0,0.0,2,2,0,2.0955617427825928,2.003723621368408,0.1159420289855072,0.745525062084198,1.6271353960037231,-8.002080917358398
1352,45.06666564941406,0.09072917699813843,0.9092708230018616,0.0,0.0,0.0,2,2,0,2.0955617427825928,3.4151666164398193,0.1159420289855072,0.706778883934021,2.5738258361816406,-7.369438171386719
1353,45.099998474121094,0.09072917699813843,0.9092708230018616,0.0,0.0,0.0,2,2,0,2.0955617427825928,3.380125045776367,0.1159420289855072,0.7793539762496948,2.550672769546509,-7.467519760131836
1354,45.13333511352539,0.09072917699813843,0.9092708230018616,0.0,0.0,0.0,2,2,0,2.0955617427825928,3.3491928577423096,0.1159420289855072,0.7127038240432739,2.5302252769470215,-6.2315216064453125
1355,45.16666793823242,0.09072917699813843,0.9092708230018616,0.0,0.0,0.0,2,2,0,2.0955617427825928,3.3181838989257812,0.1159420289855072,0.7190987467765808,2.5092313289642334,-6.8699445724487305
1356,45.20000076293945,0.09072917699813843,0.9092708230018616,0.0,0.0,0.0,2,2,0,2.2180697917938232,3.294255256652832,0.14492753623188404,0.6912792921066284,2.493419647216797,-6.395374774932861
1357,45.233333587646484,0.09072917699813843,0.9092708230018616,0.0,0.0,0.0,2,2,0,2.3392844200134277,3.2623019218444824,0.2028985507246377,0.6654249429702759,2.472297430038452,-6.66855001449585
1358,45.266666412353516,0.09072917699813843,0.9092708230018616,0.0,0.0,0.0,2,2,0,2.4593045711517334,3.2234866619110107,0.26086956521739135,0.6189024448394775,2.4462058544158936,-5.570331573486328
1359,45.29999923706055,0.09072917699813843,0.9092708230018616,0.0,0.0,0.0,2,2,0,2.5785090923309326,3.1944456100463867,0.32971014492753625,0.5636192560195923,2.426809072494507,-6.152874946594238
1360,45.33333206176758,0.09072917699813843,0.9092708230018616,0.0,0.0,0.0,2,2,0,2.697413682937622,3.1616878509521484,0.3804347826086957,0.5596897006034851,2.404391288757324,-6.530125617980957
1361,45.36666488647461,0.09072917699813843,0.9092708230018616,0.0,0.0,0.0,2,2,0,2.815267562866211,3.134665012359619,0.4746376811594203,0.5155795216560364,2.386371374130249,-7.009738922119141
1362,45.400001525878906,0.09072917699813843,0.9092708230018616,0.0,0.0,0.0,2,2,0,2.9313862323760986,3.098095417022705,0.5326086956521738,0.5529279112815857,2.3620588779449463,-6.369516372680664
1363,45.43333435058594,0.09072917699813843,0.9092708230018616,0.0,0.0,0.0,2,2,0,3.0464749336242676,3.0773556232452393,0.5978260869565217,0.5350760221481323,2.3483684062957764,-7.0263166427612305
1364,45.46666717529297,0.09072917699813843,0.9092708230018616,0.0,0.0,0.0,2,2,0,3.160256862640381,3.0484089851379395,0.6340579710144927,0.5121217370033264,2.3289313316345215,-6.830476760864258
1365,45.5,0.09072917699813843,0.9092708230018616,0.0,0.0,0.0,2,2,0,3.1512362957000732,3.01766037940979,0.6268115942028986,0.492278516292572,2.308479070663452,-6.932724952697754
1366,45.53333282470703,0.09072917699813843,0.9092708230018616,0.0,0.0,0.0,2,2,0,3.1202633380889893,2.984525203704834,0.6195652173913043,0.4852162003517151,2.2863101959228516,-6.22965145111084
1367,45.56666564941406,0.09072917699813843,0.9092708230018616,0.0,0.0,0.0,2,2,0,3.090181350708008,2.961482048034668,0.6159420289855073,0.4949917793273926,2.2711005210876465,-6.516546249389648
1368,45.599998474121094,0.09072917699813843,0.9092708230018616,0.0,0.0,0.0,2,2,0,3.060812473297119,2.929799795150757,0.605072463768116,0.5068114995956421,2.249911308288574,-6.568016052246094
1369,45.63333511352539,0.09072917699813843,0.9092708230018616,0.0,0.0,0.0,2,2,0,3.0322656631469727,2.908977508544922,0.5942028985507246,0.5293002128601074,2.2361648082733154,-6.186882495880127
1370,45.66666793823242,0.09072917699813843,0.9092708230018616,0.0,0.0,0.0,2,2,0,3.003859519958496,2.8776254653930664,0.572463768115942,0.5977476239204407,2.2153351306915283,-5.6234354972839355
1371,45.70000076293945,0.09072917699813843,0.9092708230018616,0.0,0.0,0.0,2,2,0,2.9753260612487793,2.8493294715881348,0.5652173913043479,0.6031175851821899,2.1961700916290283,-6.24876070022583
1372,45.733333587646484,0.09072917699813843,0.9092708230018616,0.0,0.0,0.0,2,2,0,2.9479622840881348,2.8244574069976807,0.536231884057971,0.6830592751502991,2.1796391010284424,-6.13322114944458
1373,45.766666412353516,0.09072917699813843,0.9092708230018616,0.0,0.0,0.0,2,2,0,2.91986083984375,2.7963430881500244,0.5289855072463768,0.7216830849647522,2.160860776901245,-6.152387619018555
1374,45.79999923706055,0.09072917699813843,0.9092708230018616,0.0,0.0,0.0,2,2,0,2.8915786743164062,2.7655858993530273,0.5181159420289856,0.6763141751289368,2.1405580043792725,-6.223042964935303
1375,45.83333206176758,0.09072917699813843,0.9092708230018616,0.0,0.0,0.0,2,2,0,2.86413311958313,2.743206024169922,0.5,0.7169678807258606,2.125577211380005,-6.561643600463867
1376,45.86666488647461,0.09072917699813843,0.9092708230018616,0.0,0.0,0.0,2,2,0,2.8372344970703125,2.715538263320923,0.4963768115942029,0.6090245842933655,2.1068248748779297,-7.6136908531188965
1377,45.900001525878906,0.09072917699813843,0.9092708230018616,0.0,0.0,0.0,2,2,0,2.810098648071289,2.6901233196258545,0.47101449275362317,0.6333647966384888,2.0899624824523926,-7.309909343719482
1378,45.93333435058594,0.09072917699813843,0.9092708230018616,0.0,0.0,0.0,2,2,0,2.7831716537475586,2.660529136657715,0.44202898550724634,0.7164167761802673,2.0703423023223877,-7.308162689208984
1379,45.96666717529297,0.09072917699813843,0.9092708230018616,0.0,0.0,0.0,2,2,0,2.7556378841400146,2.6336400508880615,0.4347826086956522,0.652320146560669,2.0522513389587402,-7.173581600189209
1380,46.0,0.09072917699813843,0.9092708230018616,0.0,0.0,0.0,2,2,0,2.72929310798645,2.6141774654388428,0.4130434782608695,0.5759785175323486,2.039161205291748,-8.33259105682373
1381,46.03333282470703,0.09072917699813843,0.9092708230018616,0.0,0.0,0.0,2,2,0,2.72929310798645,4.7139763832092285,0.4130434782608695,0.582811176776886,3.4415879249572754,-8.111963272094727
1382,46.06666564941406,0.09072917699813843,0.9092708230018616,0.0,0.0,0.0,2,2,0,2.72929310798645,4.653892993927002,0.4130434782608695,0.5506026744842529,3.401716470718384,-8.864598274230957
1383,46.099998474121094,0.09072917699813843,0.9092708230018616,0.0,0.0,0.0,2,2,0,2.72929310798645,4.620335102081299,0.4130434782608695,0.5251712203025818,3.3794400691986084,-8.21105670928955
1384,46.13333511352539,0.09072917699813843,0.9092708230018616,0.0,0.0,0.0,2,2,0,2.72929310798645,4.573032379150391,0.4130434782608695,0.5506604909896851,3.348031520843506,-8.438244819641113
1385,46.16666793823242,0.09072917699813843,0.9092708230018616,0.0,0.0,0.0,2,2,0,2.915757656097412,4.524211883544922,0.5253623188405797,0.4882970452308655,3.3156063556671143,-8.126235961914062
1386,46.20000076293945,0.09072917699813843,0.9092708230018616,0.0,0.0,0.0,2,2,0,3.098701238632202,4.478797435760498,0.6159420289855073,0.49454885721206665,3.2854349613189697,-8.030989646911621
1387,46.233333587646484,0.09072917699813843,0.9092708230018616,0.0,0.0,0.0,2,2,0,3.2811005115509033,4.436343193054199,0.6666666666666667,0.539172351360321,3.2572240829467773,-7.175800800323486
1388,46.266666412353516,0.09072917699813843,0.9092708230018616,0.0,0.0,0.0,2,2,0,3.4618451595306396,4.373693466186523,0.7391304347826086,0.587260901927948,3.215583086013794,-7.276493072509766
1389,46.29999923706055,0.09072917699813843,0.9092708230018616,0.0,0.0,0.0,2,2,0,3.6399457454681396,4.328624248504639,0.8079710144927537,0.5334717631340027,3.1844635009765625,-7.534418106079102
1390,46.33333206176758,0.09072917699813843,0.9092708230018616,0.0,0.0,0.0,2,2,0,3.8162715435028076,4.301334857940674,0.8442028985507246,0.4795369803905487,3.166365146636963,-8.059588432312012
1391,46.36666488647461,0.09072917699813843,0.9092708230018616,0.0,0.0,0.0,2,2,0,3.990893602371216,4.246883392333984,0.8623188405797102,0.5142788290977478,3.130241632461548,-7.590520858764648
1392,46.400001525878906,0.09072917699813843,0.9092708230018616,0.0,0.0,0.0,2,2,0,4.162209987640381,4.216857433319092,0.8876811594202898,0.5220216512680054,3.110316276550293,-7.373048782348633
1393,46.43333435058594,0.09072917699813843,0.9092708230018616,0.0,0.0,0.0,2,2,0,4.3317084312438965,4.182562828063965,0.9311594202898551,0.5872642397880554,3.0875532627105713,-7.136199951171875
1394,46.46666717529297,0.09072917699813843,0.9092708230018616,0.0,0.0,0.0,2,2,0,4.322878360748291,4.139476776123047,0.927536231884058,0.598238468170166,3.0589475631713867,-7.042168140411377
1395,46.5,0.09072917699813843,0.9092708230018616,0.0,0.0,0.0,2,2,0,4.280364036560059,4.099064350128174,0.9130434782608696,0.5906440615653992,3.0321099758148193,-6.421957492828369
1396,46.53333282470703,0.09072917699813843,0.9092708230018616,0.0,0.0,0.0,2,2,0,4.238816738128662,4.063327312469482,0.9094202898550725,0.6176234483718872,3.0083720684051514,-6.092578411102295
1397,46.56666564941406,0.09072917699813843,0.9092708230018616,0.0,0.0,0.0,2,2,0,4.198127269744873,4.029449462890625,0.8913043478260869,0.5904984474182129,2.9858648777008057,-6.582691192626953
1398,46.599998474121094,0.09072917699813843,0.9092708230018616,0.0,0.0,0.0,2,2,0,4.158522605895996,3.977644920349121,0.8876811594202898,0.6173050403594971,2.950765371322632,-6.8875250816345215
1399,46.63333511352539,0.09072917699813843,0.9092708230018616,0.0,0.0,0.0,2,2,0,4.1198649406433105,3.942049026489258,0.8840579710144928,0.5540963411331177,2.927142381668091,-6.784833908081055
1400,46.66666793823242,0.09072917699813843,0.9092708230018616,0.0,0.0,0.0,2,2,0,4.080196857452393,3.9046530723571777,0.8731884057971014,0.5744999051094055,2.9023187160491943,-7.010412216186523
1401,46.70000076293945,0.09072917699813843,0.9092708230018616,0.0,0.0,0.0,2,2,0,4.040990352630615,3.8548202514648438,0.8695652173913043,0.5823663473129272,2.8686716556549072,-6.6234941482543945
1402,46.733333587646484,0.09072917699813843,0.9092708230018616,0.0,0.0,0.0,2,2,0,4.000314712524414,3.8101000785827637,0.8623188405797102,0.5863357782363892,2.8384852409362793,-7.368521213531494
1403,46.766666412353516,0.09072917699813843,0.9092708230018616,0.0,0.0,0.0,2,2,0,3.9594759941101074,3.7741756439208984,0.8586956521739131,0.5934185981750488,2.814182758331299,-6.965066909790039
1404,46.79999923706055,0.09072917699813843,0.9092708230018616,0.0,0.0,0.0,2,2,0,3.919329881668091,3.738015651702881,0.8478260869565217,0.6771455407142639,2.7902352809906006,-6.554347991943359
1405,46.83333206176758,0.09072917699813843,0.9092708230018616,0.0,0.0,0.0,2,2,0,3.8797993659973145,3.7037572860717773,0.8442028985507246,0.6746387481689453,2.7666561603546143,-6.556151866912842
1406,46.86666488647461,0.09072917699813843,0.9092708230018616,0.0,0.0,0.0,2,2,0,3.8395795822143555,3.66113018989563,0.8442028985507246,0.7047377824783325,2.738461971282959,-7.080652713775635
1407,46.900001525878906,0.09072917699813843,0.9092708230018616,0.0,0.0,0.0,2,2,0,3.799694538116455,3.6305980682373047,0.8442028985507246,0.735396683216095,2.7182586193084717,-6.598909378051758
1408,46.93333435058594,0.09072917699813843,0.9092708230018616,0.0,0.0,0.0,2,2,0,3.762531280517578,3.6060123443603516,0.8369565217391304,0.7242158055305481,2.7019851207733154,-6.580166816711426
1409,46.96666717529297,0.09072917699813843,0.9092708230018616,0.0,0.0,0.0,2,2,0,3.725405216217041,3.5707905292510986,0.8297101449275363,0.815238356590271,2.6783039569854736,-6.643080711364746
1410,47.0,0.09072917699813843,0.9092708230018616,0.0,0.0,0.0,2,2,0,3.688832998275757,3.538928985595703,0.8188405797101449,0.6774612069129944,2.657217502593994,-7.4747633934021
1411,47.03333282470703,0.09072917699813843,0.9092708230018616,0.0,0.0,0.0,2,2,0,3.6537134647369385,3.5036253929138184,0.8115942028985508,0.6234515905380249,2.633195161819458,-7.407645225524902
1412,47.06666564941406,0.09072917699813843,0.9092708230018616,0.0,0.0,0.0,2,2,0,3.6192524433135986,3.4654905796051025,0.8079710144927537,0.7161904573440552,2.6079750061035156,-7.5358757972717285
1413,47.099998474121094,0.09072917699813843,0.9092708230018616,0.0,0.0,0.0,2,2,0,3.584214448928833,3.423795223236084,0.8007246376811594,0.6853495240211487,2.5795254707336426,-7.861660480499268
1414,47.13333511352539,0.09072917699813843,0.9092708230018616,0.0,0.0,0.0,2,2,0,3.548914670944214,3.385017156600952,0.782608695652174,0.6720024943351746,2.553905725479126,-8.249183654785156
1415,47.16666793823242,0.09072917699813843,0.9092708230018616,0.0,0.0,0.0,2,2,0,3.5139245986938477,3.3538570404052734,0.7644927536231885,0.6226375699043274,2.5333092212677,-8.354985237121582
1416,47.20000076293945,0.09072917699813843,0.9092708230018616,0.0,0.0,0.0,2,2,0,3.4803354740142822,3.3252387046813965,0.7536231884057971,0.6573030352592468,2.5141384601593018,-8.763542175292969
1417,47.233333587646484,0.09072917699813843,0.9092708230018616,0.0,0.0,0.0,2,2,0,3.4468436241149902,3.295680522918701,0.7355072463768115,0.6386352181434631,2.494361639022827,-8.8159818649292
1418,47.266666412353516,0.09072917699813843,0.9092708230018616,0.0,0.0,0.0,2,2,0,3.413154125213623,3.269115924835205,0.7246376811594203,0.6878101825714111,2.4768025875091553,-8.923345565795898
1419,47.29999923706055,0.09072917699813843,0.9092708230018616,0.0,0.0,0.0,2,2,0,3.379291534423828,3.232166290283203,0.7065217391304348,0.7236281633377075,2.452155113220215,-8.885547637939453
1420,47.33333206176758,0.09072917699813843,0.9092708230018616,0.0,0.0,0.0,2,2,0,3.3453338146209717,3.1993508338928223,0.6992753623188406,0.7428420186042786,2.4300498962402344,-9.328324317932129
1421,47.36666488647461,0.09072917699813843,0.9092708230018616,0.0,0.0,0.0,2,2,0,3.3119583129882812,3.1698710918426514,0.6811594202898551,0.6164683699607849,2.4097912311553955,-9.261513710021973
1422,47.400001525878906,0.09072917699813843,0.9092708230018616,0.0,0.0,0.0,2,2,0,3.3119583129882812,7.139476776123047,0.6811594202898551,0.5886392593383789,4.981500148773193,-9.363470077514648
1423,47.43333435058594,0.09072917699813843,0.9092708230018616,0.0,0.0,0.0,2,2,0,3.3119583129882812,7.139476776123047,0.6811594202898551,0.741765558719635,4.981500148773193,-9.028640747070312
1424,47.46666717529297,0.09072917699813843,0.9092708230018616,0.0,0.0,0.0,2,2,0,3.3119583129882812,7.139476776123047,0.6811594202898551,0.6657734513282776,4.981500148773193,-8.42954158782959
1425,47.5,0.09072917699813843,0.9092708230018616,0.0,0.0,0.0,2,2,0,3.3119583129882812,6.920284271240234,0.6811594202898551,0.6934345364570618,4.856561183929443,-8.68130874633789
1426,47.53333282470703,0.09072917699813843,0.9092708230018616,0.0,0.0,0.0,2,2,0,3.6793570518493652,6.920284271240234,0.8152173913043479,0.7310716509819031,4.856561183929443,-8.097229957580566
1427,47.56666564941406,0.09072917699813843,0.9092708230018616,0.0,0.0,0.0,2,2,0,4.050925254821777,6.920284271240234,0.8695652173913043,0.786956250667572,4.856561183929443,-8.155850410461426
1428,47.599998474121094,0.09072917699813843,0.9092708230018616,0.0,0.0,0.0,2,2,0,4.426371097564697,6.625843048095703,0.9420289855072463,0.6817646622657776,4.680469989776611,-8.02086353302002
1429,47.63333511352539,0.09072917699813843,0.9092708230018616,0.0,0.0,0.0,2,0,1,4.783013820648193,6.625843048095703,0.9565217391304348,0.6457878351211548,4.680469989776611,-8.354641914367676
1430,47.66666793823242,0.09072917699813843,0.9092708230018616,0.0,0.0,0.0,2,0,1,5.142518520355225,6.423794746398926,0.967391304347826,0.5711234211921692,4.555531024932861,-8.411757469177246
1431,47.70000076293945,0.09072917699813843,0.9092708230018616,0.0,0.0,0.0,2,0,1,5.504978656768799,6.423794746398926,0.9818840579710145,0.643014132976532,4.555531024932861,-8.356656074523926
1432,47.733333587646484,0.09072917699813843,0.9092708230018616,0.0,0.0,0.0,2,0,1,5.840651512145996,6.342258453369141,0.9855072463768116,0.530492901802063,4.504378795623779,-8.491978645324707
1433,47.766666412353516,0.09072917699813843,0.9092708230018616,0.0,0.0,0.0,2,0,1,6.180018901824951,6.20460319519043,0.9855072463768116,0.5246089100837708,4.417228698730469,-8.79993724822998
1434,47.79999923706055,0.09072917699813843,0.9092708230018616,0.0,0.0,0.0,2,0,1,6.502463340759277,6.20460319519043,0.9891304347826086,0.5380865335464478,4.417228698730469,-8.18746280670166
1435,47.83333206176758,0.09072917699813843,0.9092708230018616,0.0,0.0,0.0,2,0,1,6.473219394683838,6.040885925292969,0.9891304347826086,0.5820705890655518,4.312493324279785,-7.801130771636963
1436,47.86666488647461,0.09072917699813843,0.9092708230018616,0.0,0.0,0.0,2,0,1,6.380624771118164,5.994334697723389,0.9855072463768116,0.5203830003738403,4.282529830932617,-7.788783550262451
1437,47.900001525878906,0.09072917699813843,0.9092708230018616,0.0,0.0,0.0,2,0,1,6.283685207366943,5.9508891105651855,0.9855072463768116,0.47934773564338684,4.2545013427734375,-8.515506744384766
1438,47.93333435058594,0.09072917699813843,0.9092708230018616,0.0,0.0,0.0,2,0,1,6.2082839012146,5.871829986572266,0.9855072463768116,0.5194684863090515,4.203348636627197,-7.945103168487549
1439,47.96666717529297,0.09072917699813843,0.9092708230018616,0.0,0.0,0.0,2,0,1,6.122574806213379,5.768755912780762,0.9855072463768116,0.5146623253822327,4.136402130126953,-8.188043594360352
1440,48.0,0.09072917699813843,0.9092708230018616,0.0,0.0,0.0,2,0,1,6.045459270477295,5.652637958526611,0.9855072463768116,0.5012791156768799,4.060681343078613,-8.324377059936523
1441,48.03333282470703,0.09072917699813843,0.9092708230018616,0.0,0.0,0.0,2,0,1,5.958491802215576,5.55411958694458,0.9855072463768116,0.5651015043258667,3.996223211288452,-8.958803176879883
1442,48.06666564941406,0.09072917699813843,0.9092708230018616,0.0,0.0,0.0,2,0,1,5.873157978057861,5.488921165466309,0.9855072463768116,0.5474111437797546,3.9534711837768555,-8.542637825012207
1443,48.099998474121094,0.09072917699813843,0.9092708230018616,0.0,0.0,0.0,2,0,1,5.8015899658203125,5.488921165466309,0.9855072463768116,0.5852435231208801,3.9534711837768555,-8.676218032836914
1444,48.13333511352539,0.09072917699813843,0.9092708230018616,0.0,0.0,0.0,2,0,1,5.724095344543457,5.42965841293335,0.9855072463768116,0.6277304291725159,3.914553165435791,-8.67564582824707
1445,48.16666793823242,0.09072917699813843,0.9092708230018616,0.0,0.0,0.0,2,0,1,5.657540798187256,5.375339984893799,0.9855072463768116,0.6481113433837891,3.8788375854492188,-9.206415176391602
1446,48.20000076293945,0.09072917699813843,0.9092708230018616,0.0,0.0,0.0,2,0,1,5.587487697601318,5.2938032150268555,0.9855072463768116,0.6709021329879761,3.82515287399292,-8.958316802978516
1447,48.233333587646484,0.09072917699813843,0.9092708230018616,0.0,0.0,0.0,2,0,1,5.517335891723633,5.2493696212768555,0.9818840579710145,0.6353636384010315,3.795863389968872,-8.745359420776367
1448,48.266666412353516,0.09072917699813843,0.9092708230018616,0.0,0.0,0.0,2,0,1,5.447020530700684,5.168676376342773,0.9818840579710145,0.5601533055305481,3.7426178455352783,-8.982516288757324
1449,48.29999923706055,0.09072917699813843,0.9092708230018616,0.0,0.0,0.0,2,0,1,5.384530544281006,5.143856048583984,0.9782608695652174,0.6306636333465576,3.7262275218963623,-8.982739448547363
1450,48.33333206176758,0.09072917699813843,0.9092708230018616,0.0,0.0,0.0,2,0,1,5.325642108917236,5.063754081726074,0.9782608695652174,0.668132483959198,3.6732914447784424,-8.771060943603516
1451,48.36666488647461,0.09072917699813843,0.9092708230018616,0.0,0.0,0.0,2,0,1,5.274486541748047,5.042566776275635,0.9782608695652174,0.6815388798713684,3.659280776977539,-8.238110542297363
1452,48.400001525878906,0.09072917699813843,0.9092708230018616,0.0,0.0,0.0,2,0,1,5.224837779998779,4.992431163787842,0.9710144927536232,0.6924183964729309,3.626112222671509,-8.231858253479004
1453,48.43333435058594,0.09072917699813843,0.9092708230018616,0.0,0.0,0.0,2,0,1,5.171438217163086,4.954927444458008,0.9710144927536232,0.6184514760971069,3.6012887954711914,-7.632161617279053
1454,48.46666717529297,0.09072917699813843,0.9092708230018616,0.0,0.0,0.0,2,0,1,5.118715763092041,4.902434349060059,0.967391304347826,0.5945720672607422,3.5665266513824463,-7.703541278839111
1455,48.5,0.09072917699813843,0.9092708230018616,0.0,0.0,0.0,2,0,1,5.064268112182617,4.830862522125244,0.9601449275362319,0.6602368354797363,3.519102096557617,-8.063093185424805
1456,48.53333282470703,0.09072917699813843,0.9092708230018616,0.0,0.0,0.0,2,0,1,5.013605117797852,4.787174224853516,0.9601449275362319,0.6571643948554993,3.490138292312622,-8.220010757446289
1457,48.56666564941406,0.09072917699813843,0.9092708230018616,0.0,0.0,0.0,2,0,1,4.963956356048584,4.752880096435547,0.9601449275362319,0.6850067377090454,3.467395067214966,-8.516671180725098
1458,48.599998474121094,0.09072917699813843,0.9092708230018616,0.0,0.0,0.0,2,0,1,4.91848611831665,4.7139763832092285,0.9601449275362319,0.6080127358436584,3.4415879249572754,-8.99395751953125
1459,48.63333511352539,0.09072917699813843,0.9092708230018616,0.0,0.0,0.0,2,0,1,4.869490146636963,4.653892993927002,0.9601449275362319,0.5972619652748108,3.401716470718384,-8.647889137268066
1460,48.66666793823242,0.09072917699813843,0.9092708230018616,0.0,0.0,0.0,2,0,1,4.825148105621338,4.620335102081299,0.9601449275362319,0.5703549385070801,3.3794400691986084,-8.42526912689209
1461,48.70000076293945,0.09072917699813843,0.9092708230018616,0.0,0.0,0.0,2,0,1,4.778194427490234,4.573032379150391,0.9528985507246377,0.5391108989715576,3.348031520843506,-8.132436752319336
1462,48.733333587646484,0.09072917699813843,0.9092708230018616,0.0,0.0,0.0,2,0,1,4.731372833251953,4.524211883544922,0.9528985507246377,0.5229139924049377,3.3156063556671143,-8.084635734558105
1463,48.766666412353516,0.09072917699813843,0.9092708230018616,0.0,0.0,0.0,2,2,0,4.683759689331055,4.478797435760498,0.9492753623188406,0.5298037528991699,3.2854349613189697,-7.91630220413208
1464,48.79999923706055,0.09072917699813843,0.9092708230018616,0.0,0.0,0.0,2,2,0,4.637150764465332,4.436343193054199,0.9456521739130435,0.591558575630188,3.2572240829467773,-7.635517120361328
1465,48.83333206176758,0.09072917699813843,0.9092708230018616,0.0,0.0,0.0,2,2,0,4.591433525085449,4.373693466186523,0.9456521739130435,0.6169508099555969,3.215583086013794,-7.545391082763672
1466,48.86666488647461,0.09072917699813843,0.9092708230018616,0.0,0.0,0.0,2,2,0,4.545578956604004,4.328624248504639,0.9420289855072463,0.5833385586738586,3.1844635009765625,-7.78163480758667
1467,48.900001525878906,0.09072917699813843,0.9092708230018616,0.0,0.0,0.0,2,2,0,4.500424385070801,4.301334857940674,0.9420289855072463,0.7115137577056885,3.166365146636963,-7.270063877105713
1468,48.93333435058594,0.09072917699813843,0.9092708230018616,0.0,0.0,0.0,2,2,0,4.453714847564697,4.246883392333984,0.9420289855072463,0.7476094365119934,3.130241632461548,-6.283702373504639
1469,48.96666717529297,0.09072917699813843,0.9092708230018616,0.0,0.0,0.0,2,2,0,4.410011291503906,4.216857433319092,0.9420289855072463,0.7454144954681396,3.110316276550293,-6.4440999031066895
1470,49.0,0.09072917699813843,0.9092708230018616,0.0,0.0,0.0,2,2,0,4.366234302520752,4.182562828063965,0.9311594202898551,0.7263979315757751,3.0875532627105713,-5.872466087341309
1471,49.03333282470703,0.09072917699813843,0.9092708230018616,0.0,0.0,0.0,2,2,0,4.366234302520752,6.920284271240234,0.9311594202898551,0.6669842600822449,4.856561183929443,-6.529790878295898
1472,49.06666564941406,0.09072917699813843,0.9092708230018616,0.0,0.0,0.0,2,2,0,4.366234302520752,6.920284271240234,0.9311594202898551,0.6918145418167114,4.856561183929443,-6.888054847717285
1473,49.099998474121094,0.09072917699813843,0.9092708230018616,0.0,0.0,0.0,2,2,0,4.366234302520752,6.625843048095703,0.9311594202898551,0.6606042981147766,4.680469989776611,-6.5654754638671875
1474,49.13333511352539,0.09072917699813843,0.9092708230018616,0.0,0.0,0.0,2,2,0,4.366234302520752,6.517016887664795,0.9311594202898551,0.657383143901825,4.613523006439209,-6.532949447631836
1475,49.16666793823242,0.09072917699813843,0.9092708230018616,0.0,0.0,0.0,2,2,0,4.600959300994873,6.423794746398926,0.9456521739130435,0.642971932888031,4.555531024932861,-5.819376468658447
1476,49.20000076293945,0.09072917699813843,0.9092708230018616,0.0,0.0,0.0,2,0,1,4.840566635131836,6.423794746398926,0.9601449275362319,0.6540821194648743,4.555531024932861,-4.648826599121094
1477,49.233333587646484,0.09072917699813843,0.9092708230018616,0.0,0.0,0.0,2,0,1,5.055271148681641,6.269801616668701,0.9601449275362319,0.6644478440284729,4.458621025085449,-4.874384880065918
1478,49.266666412353516,0.09072917699813843,0.9092708230018616,0.0,0.0,0.0,2,0,1,5.263338565826416,6.20460319519043,0.9746376811594203,0.6607235670089722,4.417228698730469,-4.81403112411499
1479,49.29999923706055,0.09072917699813843,0.9092708230018616,0.0,0.0,0.0,2,0,1,5.468348503112793,6.20460319519043,0.9818840579710145,0.6516293883323669,4.417228698730469,-5.2019267082214355
1480,49.33333206176758,0.09072917699813843,0.9092708230018616,0.0,0.0,0.0,2,0,1,5.677865505218506,6.040885925292969,0.9855072463768116,0.5909935235977173,4.312493324279785,-5.703371524810791
1481,49.36666488647461,0.09072917699813843,0.9092708230018616,0.0,0.0,0.0,2,0,1,5.8747124671936035,5.9508891105651855,0.9855072463768116,0.5783113241195679,4.2545013427734375,-5.756130695343018
1482,49.400001525878906,0.09072917699813843,0.9092708230018616,0.0,0.0,0.0,2,0,1,6.070484161376953,5.9508891105651855,0.9855072463768116,0.6222314834594727,4.2545013427734375,-6.585229396820068
1483,49.43333435058594,0.09072917699813843,0.9092708230018616,0.0,0.0,0.0,2,0,1,6.1858110427856445,5.871829986572266,0.9855072463768116,0.652271032333374,4.203348636627197,-6.18120813369751
1484,49.46666717529297,0.09072917699813843,0.9092708230018616,0.0,0.0,0.0,2,0,1,6.104920387268066,5.708113193511963,0.9855072463768116,0.6486065983772278,4.096893310546875,-5.972820281982422
1485,49.5,0.09072917699813843,0.9092708230018616,0.0,0.0,0.0,2,0,1,6.025198459625244,5.6265764236450195,0.9855072463768116,0.6718860268592834,4.043647766113281,-6.287704944610596
1486,49.53333282470703,0.09072917699813843,0.9092708230018616,0.0,0.0,0.0,2,0,1,5.933813095092773,5.509937286376953,0.9855072463768116,0.6537330150604248,3.967259645462036,-6.374809265136719
1487,49.56666564941406,0.09072917699813843,0.9092708230018616,0.0,0.0,0.0,2,0,1,5.855724811553955,5.488921165466309,0.9855072463768116,0.6498140692710876,3.9534711837768555,-6.492339134216309
1488,49.599998474121094,0.09072917699813843,0.9092708230018616,0.0,0.0,0.0,2,0,1,5.784156799316406,5.488921165466309,0.9855072463768116,0.6967743635177612,3.9534711837768555,-7.20823335647583
1489,49.63333511352539,0.09072917699813843,0.9092708230018616,0.0,0.0,0.0,2,0,1,5.706662178039551,5.42965841293335,0.9855072463768116,0.7314598560333252,3.914553165435791,-7.080020427703857
1490,49.66666793823242,0.09072917699813843,0.9092708230018616,0.0,0.0,0.0,2,0,1,5.638393402099609,5.358195781707764,0.9855072463768116,0.6438559293746948,3.867556571960449,-7.851038932800293
1491,49.70000076293945,0.09072917699813843,0.9092708230018616,0.0,0.0,0.0,2,0,1,5.571169376373291,5.278653144836426,0.9855072463768116,0.6475703716278076,3.815168619155884,-6.8600568771362305
1492,49.733333587646484,0.09072917699813843,0.9092708230018616,0.0,0.0,0.0,2,0,1,5.498215198516846,5.221346378326416,0.9818840579710145,0.5977258682250977,3.7773799896240234,-7.118526458740234
1493,49.766666412353516,0.09072917699813843,0.9092708230018616,0.0,0.0,0.0,2,0,1,5.426647186279297,5.1561479568481445,0.9782608695652174,0.6278231739997864,3.7343454360961914,-6.554403305053711
1494,49.79999923706055,0.09072917699813843,0.9092708230018616,0.0,0.0,0.0,2,0,1,5.426647186279297,8.187931060791016,0.9782608695652174,0.6743693351745605,5.458621025085449,-6.83301305770874
1495,49.83333206176758,0.09072917699813843,0.9092708230018616,0.0,0.0,0.0,2,0,1,5.426647186279297,8.187931060791016,0.9782608695652174,0.6033281683921814,5.458621025085449,-6.516491413116455
1496,49.86666488647461,0.09072917699813843,0.9092708230018616,0.0,0.0,0.0,2,0,1,5.426647186279297,8.187931060791016,0.9782608695652174,0.6761009693145752,5.458621025085449,-6.739267349243164
1497,49.900001525878906,0.09072917699813843,0.9092708230018616,0.0,0.0,0.0,2,0,1,5.426647186279297,8.187931060791016,0.9782608695652174,0.6153072714805603,5.458621025085449,-6.85092830657959
1498,49.93333435058594,0.09072917699813843,0.9092708230018616,0.0,0.0,0.0,2,0,1,5.674628734588623,8.187931060791016,0.9855072463768116,0.6334350109100342,5.458621025085449,-7.413295269012451
1499,49.96666717529297,0.09072917699813843,0.9092708230018616,0.0,0.0,0.0,2,0,1,5.930764198303223,8.187931060791016,0.9855072463768116,0.593981146812439,5.458621025085449,-6.263963222503662
1500,50.0,0.09072917699813843,0.9092708230018616,0.0,0.0,0.0,2,0,1,6.198563575744629,8.187931060791016,0.9855072463768116,0.6167382001876831,5.458621025085449,-6.512512683868408
1501,50.03333282470703,0.09072917699813843,0.9092708230018616,0.0,0.0,0.0,2,0,1,6.4684648513793945,8.187931060791016,0.9891304347826086,0.6332425475120544,5.458621025085449,-6.726828575134277
1502,50.06666564941406,0.09072917699813843,0.9092708230018616,0.0,0.0,0.0,2,0,1,6.738365650177002,8.187931060791016,0.9891304347826086,0.5851085782051086,5.458621025085449,-6.995528221130371
1503,50.099998474121094,0.09072917699813843,0.9092708230018616,0.0,0.0,0.0,2,0,1,7.014193058013916,8.187931060791016,0.9891304347826086,0.6182496547698975,5.458621025085449,-6.914257049560547
1504,50.13333511352539,0.09072917699813843,0.9092708230018616,0.0,0.0,0.0,2,0,1,7.297166347503662,8.187931060791016,0.9927536231884058,0.6406762003898621,5.458621025085449,-7.238735198974609
1505,50.16666793823242,0.09072917699813843,0.9092708230018616,0.0,0.0,0.0,2,0,1,7.588094234466553,8.187931060791016,0.9927536231884058,0.6044155955314636,5.458621025085449,-8.374711990356445
1506,50.20000076293945,0.09072917699813843,0.9092708230018616,0.0,0.0,0.0,2,0,1,7.8847527503967285,8.187931060791016,0.9927536231884058,0.5615943670272827,5.458621025085449,-8.838160514831543
1507,50.233333587646484,0.09072917699813843,0.9092708230018616,0.0,0.0,0.0,2,0,1,8.187931060791016,8.187931060791016,0.9963768115942029,0.623670220375061,5.458621025085449,-7.519686222076416
1508,50.266666412353516,0.09072917699813843,0.9092708230018616,0.0,0.0,0.0,2,0,1,8.187931060791016,8.187931060791016,0.9963768115942029,0.5831517577171326,5.458621025085449,-7.675271034240723
1509,50.29999923706055,0.09072917699813843,0.9092708230018616,0.0,0.0,0.0,2,0,1,8.187931060791016,8.187931060791016,0.9963768115942029,0.5803580284118652,5.458621025085449,-8.563965797424316
1510,50.33333206176758,0.09072917699813843,0.9092708230018616,0.0,0.0,0.0,2,0,1,8.187931060791016,8.187931060791016,0.9963768115942029,0.5894232988357544,5.458621025085449,-8.266282081604004
1511,50.36666488647461,0.09072917699813843,0.9092708230018616,0.0,0.0,0.0,2,0,1,8.187931060791016,8.187931060791016,0.9963768115942029,0.6576515436172485,5.458621025085449,-7.290586948394775
1512,50.400001525878906,0.09072917699813843,0.9092708230018616,0.0,0.0,0.0,2,0,1,8.187931060791016,8.187931060791016,0.9963768115942029,0.6289103031158447,5.458621025085449,-7.627467155456543
1513,50.43333435058594,0.09072917699813843,0.9092708230018616,0.0,0.0,0.0,2,0,1,8.187931060791016,8.187931060791016,0.9963768115942029,0.5485755801200867,5.458621025085449,-8.906387329101562
1514,50.46666717529297,0.09072917699813843,0.9092708230018616,0.0,0.0,0.0,2,0,1,8.187931060791016,8.187931060791016,0.9963768115942029,0.48735979199409485,5.458621025085449,-9.635241508483887
1515,50.5,0.09072917699813843,0.9092708230018616,0.0,0.0,0.0,2,0,1,8.187931060791016,8.187931060791016,0.9963768115942029,0.546413242816925,5.458621025085449,-7.159205913543701
1516,50.53333282470703,0.09072917699813843,0.9092708230018616,0.0,0.0,0.0,2,0,1,8.187931060791016,8.187931060791016,0.9963768115942029,0.49786829948425293,5.458621025085449,-8.03726863861084
1517,50.56666564941406,0.09072917699813843,0.9092708230018616,0.0,0.0,0.0,2,0,1,8.187931060791016,8.187931060791016,0.9963768115942029,0.4993871748447418,5.458621025085449,-8.755755424499512
1518,50.599998474121094,0.09072917699813843,0.9092708230018616,0.0,0.0,0.0,2,0,1,8.187931060791016,8.187931060791016,0.9963768115942029,0.48461219668388367,5.458621025085449,-9.128530502319336
1519,50.63333511352539,0.09072917699813843,0.9092708230018616,0.0,0.0,0.0,2,0,1,8.187931060791016,8.187931060791016,0.9963768115942029,0.4737430214881897,5.458621025085449,-8.027849197387695
1520,50.66666793823242,0.09072917699813843,0.9092708230018616,0.0,0.0,0.0,2,0,1,8.187931060791016,8.187931060791016,0.9963768115942029,0.507226824760437,5.458621025085449,-8.025558471679688
1521,50.70000076293945,0.09072917699813843,0.9092708230018616,0.0,0.0,0.0,2,0,1,8.187931060791016,8.187931060791016,0.9963768115942029,0.5484200119972229,5.458621025085449,-8.154726028442383
1522,50.733333587646484,0.09072917699813843,0.9092708230018616,0.0,0.0,0.0,2,0,1,8.187931060791016,8.187931060791016,0.9963768115942029,0.4867633283138275,5.458621025085449,-9.468001365661621
1523,50.766666412353516,0.09072917699813843,0.9092708230018616,0.0,0.0,0.0,2,0,1,8.187931060791016,8.187931060791016,0.9963768115942029,0.47028306126594543,5.458621025085449,-7.858497142791748
1524,50.79999923706055,0.09072917699813843,0.9092708230018616,0.0,0.0,0.0,2,0,1,8.187931060791016,8.187931060791016,0.9963768115942029,0.47189101576805115,5.458621025085449,-8.42548942565918
1525,50.83333206176758,0.09072917699813843,0.9092708230018616,0.0,0.0,0.0,2,0,1,8.187931060791016,8.187931060791016,0.9963768115942029,0.5594601631164551,5.458621025085449,-7.169424057006836
1526,50.86666488647461,0.09072917699813843,0.9092708230018616,0.0,0.0,0.0,2,0,1,8.187931060791016,8.187931060791016,0.9963768115942029,0.5301286578178406,5.458621025085449,-7.884666919708252
1527,50.900001525878906,0.09072917699813843,0.9092708230018616,0.0,0.0,0.0,2,0,1,8.187931060791016,8.187931060791016,0.9963768115942029,0.566302478313446,5.458621025085449,-7.345864772796631
1528,50.93333435058594,0.09072917699813843,0.9092708230018616,0.0,0.0,0.0,2,0,1,8.187931060791016,8.187931060791016,0.9963768115942029,0.6086533069610596,5.458621025085449,-7.9115190505981445
1529,50.96666717529297,0.09072917699813843,0.9092708230018616,0.0,0.0,0.0,2,0,1,8.187931060791016,8.187931060791016,0.9963768115942029,0.623611330986023,5.458621025085449,-6.731657028198242
1530,51.0,0.09072917699813843,0.9092708230018616,0.0,0.0,0.0,2,0,1,8.187931060791016,8.187931060791016,0.9963768115942029,0.5558373928070068,5.458621025085449,-8.366853713989258
1531,51.03333282470703,0.09072917699813843,0.9092708230018616,0.0,0.0,0.0,2,0,1,8.187931060791016,8.187931060791016,0.9963768115942029,0.5643341541290283,5.458621025085449,-7.769654273986816
1532,51.06666564941406,0.09072917699813843,0.9092708230018616,0.0,0.0,0.0,2,0,1,8.187931060791016,8.187931060791016,0.9963768115942029,0.5167430639266968,5.458621025085449,-9.051945686340332
1533,51.099998474121094,0.09072917699813843,0.9092708230018616,0.0,0.0,0.0,2,0,1,8.187931060791016,8.187931060791016,0.9963768115942029,0.5584444403648376,5.458621025085449,-7.431552410125732
1534,51.13333511352539,0.09072917699813843,0.9092708230018616,0.0,0.0,0.0,2,0,1,8.187931060791016,8.187931060791016,0.9963768115942029,0.5811984539031982,5.458621025085449,-8.173108100891113
1535,51.16666793823242,0.09072917699813843,0.9092708230018616,0.0,0.0,0.0,2,0,1,8.187931060791016,8.187931060791016,0.9963768115942029,0.5641022324562073,5.458621025085449,-7.420455455780029
1536,51.20000076293945,0.09072917699813843,0.9092708230018616,0.0,0.0,0.0,2,0,1,8.187931060791016,8.187931060791016,0.9963768115942029,0.5818749070167542,5.458621025085449,-7.940030097961426
1537,51.233333587646484,0.09072917699813843,0.9092708230018616,0.0,0.0,0.0,2,0,1,8.187931060791016,8.187931060791016,0.9963768115942029,0.6117472052574158,5.458621025085449,-6.576243877410889
1538,51.266666412353516,0.09072917699813843,0.9092708230018616,0.0,0.0,0.0,2,0,1,8.187931060791016,8.187931060791016,0.9963768115942029,0.6289605498313904,5.458621025085449,-7.921751976013184
1539,51.29999923706055,0.09072917699813843,0.9092708230018616,0.0,0.0,0.0,2,0,1,8.187931060791016,8.187931060791016,0.9963768115942029,0.6243756413459778,5.458621025085449,-8.308845520019531
1540,51.33333206176758,0.09072917699813843,0.9092708230018616,0.0,0.0,0.0,2,0,1,8.187931060791016,8.187931060791016,0.9963768115942029,0.5796160101890564,5.458621025085449,-9.024946212768555
1541,51.36666488647461,0.09072917699813843,0.9092708230018616,0.0,0.0,0.0,2,0,1,8.187931060791016,8.187931060791016,0.9963768115942029,0.556239902973175,5.458621025085449,-7.13715934753418
1542,51.400001525878906,0.09072917699813843,0.9092708230018616,0.0,0.0,0.0,2,0,1,8.187931060791016,8.187931060791016,0.9963768115942029,0.6298935413360596,5.458621025085449,-7.213714122772217
1543,51.43333435058594,0.09072917699813843,0.9092708230018616,0.0,0.0,0.0,2,0,1,8.187931060791016,8.187931060791016,0.9963768115942029,0.6021890640258789,5.458621025085449,-6.776329517364502
1544,51.46666717529297,0.09072917699813843,0.9092708230018616,0.0,0.0,0.0,2,0,1,8.187931060791016,8.187931060791016,0.9963768115942029,0.579329788684845,5.458621025085449,-8.116056442260742
1545,51.5,0.09072917699813843,0.9092708230018616,0.0,0.0,0.0,2,0,1,8.187931060791016,8.187931060791016,0.9963768115942029,0.5536811351776123,5.458621025085449,-5.91297721862793
1546,51.53333282470703,0.09072917699813843,0.9092708230018616,0.0,0.0,0.0,2,0,1,8.187931060791016,8.187931060791016,0.9963768115942029,0.6568876504898071,5.458621025085449,-7.250838756561279
1547,51.56666564941406,0.09072917699813843,0.9092708230018616,0.0,0.0,0.0,2,0,1,8.187931060791016,8.187931060791016,0.9963768115942029,0.6459303498268127,5.458621025085449,-7.07479190826416
1548,51.599998474121094,0.09072917699813843,0.9092708230018616,0.0,0.0,0.0,2,0,1,8.187931060791016,8.187931060791016,0.9963768115942029,0.6065050959587097,5.458621025085449,-7.377044200897217
1549,51.63333511352539,0.09072917699813843,0.9092708230018616,0.0,0.0,0.0,2,0,1,8.187931060791016,8.187931060791016,0.9963768115942029,0.5933553576469421,5.458621025085449,-5.994989395141602
1550,51.66666793823242,0.09072917699813843,0.9092708230018616,0.0,0.0,0.0,2,0,1,8.187931060791016,8.187931060791016,0.9963768115942029,0.5924844741821289,5.458621025085449,-6.500540256500244
1551,51.70000076293945,0.09072917699813843,0.9092708230018616,0.0,0.0,0.0,2,0,1,8.187931060791016,8.187931060791016,0.9963768115942029,0.6121407747268677,5.458621025085449,-5.679610729217529
1552,51.733333587646484,0.09072917699813843,0.9092708230018616,0.0,0.0,0.0,2,0,1,8.187931060791016,8.187931060791016,0.9963768115942029,0.5934447646141052,5.458621025085449,-6.707378387451172
1553,51.766666412353516,0.09072917699813843,0.9092708230018616,0.0,0.0,0.0,2,0,1,8.187931060791016,8.187931060791016,0.9963768115942029,0.5081163048744202,5.458621025085449,-5.504385471343994
1554,51.79999923706055,0.09072917699813843,0.9092708230018616,0.0,0.0,0.0,2,0,1,8.187931060791016,8.187931060791016,0.9963768115942029,0.6219218969345093,5.458621025085449,-7.330982208251953
1555,51.83333206176758,0.09072917699813843,0.9092708230018616,0.0,0.0,0.0,2,0,1,8.187931060791016,8.187931060791016,0.9963768115942029,0.6263707280158997,5.458621025085449,-6.962673187255859
1556,51.86666488647461,0.09072917699813843,0.9092708230018616,0.0,0.0,0.0,2,0,1,8.187931060791016,8.187931060791016,0.9963768115942029,0.6051841974258423,5.458621025085449,-7.511114120483398
1557,51.900001525878906,0.09072917699813843,0.9092708230018616,0.0,0.0,0.0,2,0,1,8.187931060791016,8.187931060791016,0.9963768115942029,0.6286896467208862,5.458621025085449,-6.791536808013916
1558,51.93333435058594,0.09072917699813843,0.9092708230018616,0.0,0.0,0.0,2,0,1,8.187931060791016,8.187931060791016,0.9963768115942029,0.5891972184181213,5.458621025085449,-7.529349327087402
1559,51.96666717529297,0.09072917699813843,0.9092708230018616,0.0,0.0,0.0,2,0,1,8.187931060791016,8.187931060791016,0.9963768115942029,0.6195006370544434,5.458621025085449,-6.566230297088623
1560,52.0,0.09072917699813843,0.9092708230018616,0.0,0.0,0.0,2,0,1,8.187931060791016,8.187931060791016,0.9963768115942029,0.6629428863525391,5.458621025085449,-7.437566757202148
1561,52.03333282470703,0.09072917699813843,0.9092708230018616,0.0,0.0,0.0,2,0,1,8.187931060791016,8.187931060791016,0.9963768115942029,0.6492817997932434,5.458621025085449,-6.4270806312561035
1562,52.06666564941406,0.09072917699813843,0.9092708230018616,0.0,0.0,0.0,2,0,1,8.187931060791016,8.187931060791016,0.9963768115942029,0.5930561423301697,5.458621025085449,-8.366952896118164
1563,52.099998474121094,0.09072917699813843,0.9092708230018616,0.0,0.0,0.0,2,0,1,8.187931060791016,8.187931060791016,0.9963768115942029,0.658020555973053,5.458621025085449,-7.379876136779785
1564,52.13333511352539,0.09072917699813843,0.9092708230018616,0.0,0.0,0.0,2,0,1,8.187931060791016,8.187931060791016,0.9963768115942029,0.6120645999908447,5.458621025085449,-7.733884334564209
1565,52.16666793823242,0.09072917699813843,0.9092708230018616,0.0,0.0,0.0,2,0,1,8.187931060791016,8.187931060791016,0.9963768115942029,0.617975115776062,5.458621025085449,-6.925747871398926
1566,52.20000076293945,0.09072917699813843,0.9092708230018616,0.0,0.0,0.0,2,0,1,8.187931060791016,8.187931060791016,0.9963768115942029,0.6083995699882507,5.458621025085449,-7.603202819824219
1567,52.233333587646484,0.09072917699813843,0.9092708230018616,0.0,0.0,0.0,2,0,1,8.187931060791016,8.187931060791016,0.9963768115942029,0.6229050755500793,5.458621025085449,-6.2313923835754395
1568,52.266666412353516,0.09072917699813843,0.9092708230018616,0.0,0.0,0.0,2,0,1,8.187931060791016,8.187931060791016,0.9963768115942029,0.6395581960678101,5.458621025085449,-6.283757209777832
1569,52.29999923706055,0.09072917699813843,0.9092708230018616,0.0,0.0,0.0,2,0,1,8.187931060791016,8.187931060791016,0.9963768115942029,0.7185419201850891,5.458621025085449,-5.523638725280762
1570,52.33333206176758,0.09072917699813843,0.9092708230018616,0.0,0.0,0.0,2,0,1,8.187931060791016,8.187931060791016,0.9963768115942029,0.6429694294929504,5.458621025085449,-7.316346645355225
1571,52.36666488647461,0.09072917699813843,0.9092708230018616,0.0,0.0,0.0,2,0,1,8.187931060791016,8.187931060791016,0.9963768115942029,0.6384536027908325,5.458621025085449,-6.424562454223633
1572,52.400001525878906,0.09072917699813843,0.9092708230018616,0.0,0.0,0.0,2,0,1,8.187931060791016,8.187931060791016,0.9963768115942029,0.5711429715156555,5.458621025085449,-6.504927635192871
1573,52.43333435058594,0.09072917699813843,0.9092708230018616,0.0,0.0,0.0,2,0,1,8.187931060791016,8.187931060791016,0.9963768115942029,0.6182028651237488,5.458621025085449,-6.06771993637085
1574,52.46666717529297,0.09072917699813843,0.9092708230018616,0.0,0.0,0.0,2,0,1,8.187931060791016,8.187931060791016,0.9963768115942029,0.5773395299911499,5.458621025085449,-6.174312591552734
1575,52.5,0.09072917699813843,0.9092708230018616,0.0,0.0,0.0,2,0,1,8.187931060791016,8.187931060791016,0.9963768115942029,0.5730078816413879,5.458621025085449,-6.027992248535156
1576,52.53333282470703,0.09072917699813843,0.9092708230018616,0.0,0.0,0.0,2,0,1,8.187931060791016,8.187931060791016,0.9963768115942029,0.6015259623527527,5.458621025085449,-6.29257869720459
1577,52.56666564941406,0.09072917699813843,0.9092708230018616,0.0,0.0,0.0,2,0,1,8.187931060791016,8.187931060791016,0.9963768115942029,0.60652095079422,5.458621025085449,-6.3431806564331055
1578,52.599998474121094,0.09072917699813843,0.9092708230018616,0.0,0.0,0.0,2,0,1,8.187931060791016,8.187931060791016,0.9963768115942029,0.5992017388343811,5.458621025085449,-7.7023491859436035
1579,52.63333511352539,0.09072917699813843,0.9092708230018616,0.0,0.0,0.0,2,0,1,8.187931060791016,8.187931060791016,0.9963768115942029,0.5894681811332703,5.458621025085449,-7.024554252624512
1580,52.66666793823242,0.09072917699813843,0.9092708230018616,0.0,0.0,0.0,2,0,1,8.187931060791016,8.187931060791016,0.9963768115942029,0.5957350134849548,5.458621025085449,-7.220862865447998
1581,52.70000076293945,0.09072917699813843,0.9092708230018616,0.0,0.0,0.0,2,0,1,8.187931060791016,8.187931060791016,0.9963768115942029,0.6297946572303772,5.458621025085449,-7.065438747406006
1582,52.733333587646484,0.09072917699813843,0.9092708230018616,0.0,0.0,0.0,2,0,1,8.187931060791016,8.187931060791016,0.9963768115942029,0.6086172461509705,5.458621025085449,-7.419642448425293
1583,52.766666412353516,0.09072917699813843,0.9092708230018616,0.0,0.0,0.0,2,0,1,8.187931060791016,8.187931060791016,0.9963768115942029,0.6251000165939331,5.458621025085449,-6.856425762176514
1584,52.79999923706055,0.09072917699813843,0.9092708230018616,0.0,0.0,0.0,2,0,1,8.187931060791016,8.187931060791016,0.9963768115942029,0.6368208527565002,5.458621025085449,-7.392198085784912
1585,52.83333206176758,0.09072917699813843,0.9092708230018616,0.0,0.0,0.0,2,0,1,8.187931060791016,8.187931060791016,0.9963768115942029,0.6123735904693604,5.458621025085449,-7.315326690673828
1586,52.86666488647461,0.09072917699813843,0.9092708230018616,0.0,0.0,0.0,2,0,1,8.187931060791016,8.187931060791016,0.9963768115942029,0.536957323551178,5.458621025085449,-8.748499870300293
1587,52.900001525878906,0.09072917699813843,0.9092708230018616,0.0,0.0,0.0,2,0,1,8.187931060791016,8.187931060791016,0.9963768115942029,0.6350003480911255,5.458621025085449,-7.428312301635742
1588,52.93333435058594,0.09072917699813843,0.9092708230018616,0.0,0.0,0.0,2,0,1,8.187931060791016,8.187931060791016,0.9963768115942029,0.598012387752533,5.458621025085449,-7.000133991241455
1589,52.96666717529297,0.09072917699813843,0.9092708230018616,0.0,0.0,0.0,2,0,1,8.187931060791016,8.187931060791016,0.9963768115942029,0.6346548199653625,5.458621025085449,-6.241554260253906
1590,53.0,0.09072917699813843,0.9092708230018616,0.0,0.0,0.0,2,0,1,8.187931060791016,8.187931060791016,0.9963768115942029,0.6594160199165344,5.458621025085449,-6.344690799713135
1591,53.03333282470703,0.09072917699813843,0.9092708230018616,0.0,0.0,0.0,2,0,1,8.187931060791016,8.187931060791016,0.9963768115942029,0.6206192374229431,5.458621025085449,-5.529644966125488
1592,53.06666564941406,0.09072917699813843,0.9092708230018616,0.0,0.0,0.0,2,0,1,8.187931060791016,8.187931060791016,0.9963768115942029,0.6586860418319702,5.458621025085449,-6.337608337402344
1593,53.099998474121094,0.09072917699813843,0.9092708230018616,0.0,0.0,0.0,2,0,1,8.187931060791016,8.187931060791016,0.9963768115942029,0.6024993062019348,5.458621025085449,-6.101934909820557
1594,53.13333511352539,0.09072917699813843,0.9092708230018616,0.0,0.0,0.0,2,0,1,8.187931060791016,8.187931060791016,0.9963768115942029,0.6474636197090149,5.458621025085449,-6.532642364501953
1595,53.16666793823242,0.09072917699813843,0.9092708230018616,0.0,0.0,0.0,2,0,1,8.187931060791016,8.187931060791016,0.9963768115942029,0.6579660177230835,5.458621025085449,-5.3278727531433105
1596,53.20000076293945,0.09072917699813843,0.9092708230018616,0.0,0.0,0.0,2,0,1,8.187931060791016,8.187931060791016,0.9963768115942029,0.6746693849563599,5.458621025085449,-5.353895664215088
1597,53.233333587646484,0.09072917699813843,0.9092708230018616,0.0,0.0,0.0,2,0,1,8.187931060791016,8.187931060791016,0.9963768115942029,0.6112514734268188,5.458621025085449,-5.647521018981934
1598,53.266666412353516,0.09072917699813843,0.9092708230018616,0.0,0.0,0.0,2,0,1,8.187931060791016,8.187931060791016,0.9963768115942029,0.5962284207344055,5.458621025085449,-6.270233154296875
1599,53.29999923706055,0.09072917699813843,0.9092708230018616,0.0,0.0,0.0,2,0,1,8.187931060791016,8.187931060791016,0.9963768115942029,0.5837415456771851,5.458621025085449,-6.012491226196289
1600,53.33333206176758,0.09072917699813843,0.9092708230018616,0.0,0.0,0.0,2,0,1,8.187931060791016,8.187931060791016,0.9963768115942029,0.5730091333389282,5.458621025085449,-6.62177038192749
1601,53.36666488647461,0.09072917699813843,0.9092708230018616,0.0,0.0,0.0,2,0,1,8.187931060791016,8.187931060791016,0.9963768115942029,0.583063542842865,5.458621025085449,-6.8598737716674805
1602,53.400001525878906,0.09072917699813843,0.9092708230018616,0.0,0.0,0.0,2,0,1,8.187931060791016,8.187931060791016,0.9963768115942029,0.5809758305549622,5.458621025085449,-6.822711944580078
1603,53.43333435058594,0.09072917699813843,0.9092708230018616,0.0,0.0,0.0,2,0,1,8.187931060791016,8.187931060791016,0.9963768115942029,0.6125819683074951,5.458621025085449,-6.172013282775879
1604,53.46666717529297,0.09072917699813843,0.9092708230018616,0.0,0.0,0.0,2,0,1,8.187931060791016,8.187931060791016,0.9963768115942029,0.5718255639076233,5.458621025085449,-6.431300163269043
1605,53.5,0.09072917699813843,0.9092708230018616,0.0,0.0,0.0,2,0,1,8.187931060791016,8.187931060791016,0.9963768115942029,0.5862264037132263,5.458621025085449,-6.445040225982666
1606,53.53333282470703,0.09072917699813843,0.9092708230018616,0.0,0.0,0.0,2,0,1,8.187931060791016,8.187931060791016,0.9963768115942029,0.5922472476959229,5.458621025085449,-6.377469062805176
1607,53.56666564941406,0.09072917699813843,0.9092708230018616,0.0,0.0,0.0,2,0,1,8.187931060791016,8.187931060791016,0.9963768115942029,0.5964689254760742,5.458621025085449,-5.6515045166015625
1608,53.599998474121094,0.09072917699813843,0.9092708230018616,0.0,0.0,0.0,2,0,1,8.187931060791016,8.187931060791016,0.9963768115942029,0.6291162371635437,5.458621025085449,-6.290095329284668
1609,53.63333511352539,0.09072917699813843,0.9092708230018616,0.0,0.0,0.0,2,0,1,8.187931060791016,8.187931060791016,0.9963768115942029,0.6295119524002075,5.458621025085449,-6.075983047485352
1610,53.66666793823242,0.09072917699813843,0.9092708230018616,0.0,0.0,0.0,2,0,1,8.187931060791016,8.187931060791016,0.9963768115942029,0.6024502515792847,5.458621025085449,-6.461151599884033
1611,53.70000076293945,0.09072917699813843,0.9092708230018616,0.0,0.0,0.0,2,0,1,8.187931060791016,8.187931060791016,0.9963768115942029,0.6203716397285461,5.458621025085449,-4.8877081871032715
1612,53.733333587646484,0.09072917699813843,0.9092708230018616,0.0,0.0,0.0,2,0,1,8.187931060791016,8.187931060791016,0.9963768115942029,0.5657290816307068,5.458621025085449,-5.397649765014648
1613,53.766666412353516,0.09072917699813843,0.9092708230018616,0.0,0.0,0.0,2,0,1,8.187931060791016,8.187931060791016,0.9963768115942029,0.5741593241691589,5.458621025085449,-5.498635768890381
1614,53.79999923706055,0.09072917699813843,0.9092708230018616,0.0,0.0,0.0,2,0,1,8.187931060791016,8.187931060791016,0.9963768115942029,0.6376084685325623,5.458621025085449,-4.90919303894043
1615,53.83333206176758,0.09072917699813843,0.9092708230018616,0.0,0.0,0.0,2,0,1,8.187931060791016,8.187931060791016,0.9963768115942029,0.5591122508049011,5.458621025085449,-4.665246963500977
1616,53.86666488647461,0.09072917699813843,0.9092708230018616,0.0,0.0,0.0,2,0,1,8.187931060791016,8.187931060791016,0.9963768115942029,0.5928300023078918,5.458621025085449,-5.041411399841309
1617,53.900001525878906,0.09072917699813843,0.9092708230018616,0.0,0.0,0.0,2,0,1,8.187931060791016,8.187931060791016,0.9963768115942029,0.6239350438117981,5.458621025085449,-4.854234218597412
1618,53.93333435058594,0.09072917699813843,0.9092708230018616,0.0,0.0,0.0,2,0,1,8.187931060791016,8.187931060791016,0.9963768115942029,0.6332599520683289,5.458621025085449,-5.0287604331970215
1619,53.96666717529297,0.09072917699813843,0.9092708230018616,0.0,0.0,0.0,2,0,1,8.187931060791016,8.187931060791016,0.9963768115942029,0.6105142831802368,5.458621025085449,-4.882182598114014
1620,54.0,0.09072917699813843,0.9092708230018616,0.0,0.0,0.0,2,0,1,8.187931060791016,8.187931060791016,0.9963768115942029,0.6055887937545776,5.458621025085449,-4.791036128997803
1621,54.03333282470703,0.09072917699813843,0.9092708230018616,0.0,0.0,0.0,2,0,1,8.187931060791016,8.187931060791016,0.9963768115942029,0.5546899437904358,5.458621025085449,-5.176438331604004
1622,54.06666564941406,0.09072917699813843,0.9092708230018616,0.0,0.0,0.0,2,0,1,8.187931060791016,8.187931060791016,0.9963768115942029,0.5642306804656982,5.458621025085449,-5.487897872924805
1623,54.099998474121094,0.09072917699813843,0.9092708230018616,0.0,0.0,0.0,2,0,1,8.187931060791016,8.187931060791016,0.9963768115942029,0.5495551824569702,5.458621025085449,-5.385298252105713
1624,54.13333511352539,0.09072917699813843,0.9092708230018616,0.0,0.0,0.0,2,0,1,8.187931060791016,8.187931060791016,0.9963768115942029,0.5767945051193237,5.458621025085449,-5.783449172973633
1625,54.16666793823242,0.09072917699813843,0.9092708230018616,0.0,0.0,0.0,2,0,1,8.187931060791016,8.187931060791016,0.9963768115942029,0.6036706566810608,5.458621025085449,-5.46368932723999
1626,54.20000076293945,0.09072917699813843,0.9092708230018616,0.0,0.0,0.0,2,0,1,8.187931060791016,8.187931060791016,0.9963768115942029,0.5827773213386536,5.458621025085449,-6.0376787185668945
1627,54.233333587646484,0.09072917699813843,0.9092708230018616,0.0,0.0,0.0,2,0,1,8.187931060791016,8.187931060791016,0.9963768115942029,0.5984610319137573,5.458621025085449,-5.623795509338379
1628,54.266666412353516,0.09072917699813843,0.9092708230018616,0.0,0.0,0.0,2,0,1,8.187931060791016,8.187931060791016,0.9963768115942029,0.606627881526947,5.458621025085449,-5.596218585968018
1629,54.29999923706055,0.09072917699813843,0.9092708230018616,0.0,0.0,0.0,2,0,1,8.187931060791016,8.187931060791016,0.9963768115942029,0.5969917178153992,5.458621025085449,-5.716723442077637
1630,54.33333206176758,0.09072917699813843,0.9092708230018616,0.0,0.0,0.0,2,0,1,8.116362571716309,7.472249984741211,0.9963768115942029,0.6158444881439209,5.157591342926025,-6.244579315185547
1631,54.36666488647461,0.09072917699813843,0.9092708230018616,0.0,0.0,0.0,2,0,1,8.044795036315918,7.472249984741211,0.9927536231884058,0.6163324117660522,5.157591342926025,-6.189417839050293
1632,54.400001525878906,0.09072917699813843,0.9092708230018616,0.0,0.0,0.0,2,0,1,7.973226547241211,7.472249984741211,0.9927536231884058,0.6171972155570984,5.157591342926025,-6.198290824890137
1633,54.43333435058594,0.09072917699813843,0.9092708230018616,0.0,0.0,0.0,2,0,1,7.901658535003662,7.472249984741211,0.9927536231884058,0.587890088558197,5.157591342926025,-6.250849723815918
1634,54.46666717529297,0.09072917699813843,0.9092708230018616,0.0,0.0,0.0,2,0,1,7.830090522766113,7.472249984741211,0.9927536231884058,0.6871711611747742,5.157591342926025,-5.825325965881348
1635,54.5,0.09072917699813843,0.9092708230018616,0.0,0.0,0.0,2,0,1,7.7585225105285645,7.472249984741211,0.9927536231884058,0.6881335377693176,5.157591342926025,-6.649629592895508
1636,54.53333282470703,0.09072917699813843,0.9092708230018616,0.0,0.0,0.0,2,0,1,7.653676986694336,7.139476776123047,0.9927536231884058,0.6745693683624268,4.981500148773193,-5.765466690063477
1637,54.56666564941406,0.09072917699813843,0.9092708230018616,0.0,0.0,0.0,2,0,1,7.548831462860107,7.139476776123047,0.9927536231884058,0.6055805087089539,4.981500148773193,-6.059033393859863
1638,54.599998474121094,0.09072917699813843,0.9092708230018616,0.0,0.0,0.0,2,0,1,7.422066688537598,6.920284271240234,0.9927536231884058,0.6897198557853699,4.856561183929443,-5.534407138824463
1639,54.63333511352539,0.09072917699813843,0.9092708230018616,0.0,0.0,0.0,2,0,1,7.295302391052246,6.920284271240234,0.9927536231884058,0.6722026467323303,4.856561183929443,-6.366052627563477
1640,54.66666793823242,0.09072917699813843,0.9092708230018616,0.0,0.0,0.0,2,0,1,7.240105628967285,6.920284271240234,0.9927536231884058,0.656645655632019,4.856561183929443,-6.295123100280762
1641,54.70000076293945,0.09072917699813843,0.9092708230018616,0.0,0.0,0.0,2,0,1,7.155465126037598,6.625843048095703,0.9927536231884058,0.6270116567611694,4.680469989776611,-6.050263404846191
1642,54.733333587646484,0.09072917699813843,0.9092708230018616,0.0,0.0,0.0,2,0,1,7.070824146270752,6.625843048095703,0.9891304347826086,0.6493380665779114,4.680469989776611,-5.159536361694336
1643,54.766666412353516,0.09072917699813843,0.9092708230018616,0.0,0.0,0.0,2,0,1,6.965978622436523,6.423794746398926,0.9891304347826086,0.7038508057594299,4.555531024932861,-6.090831756591797
1644,54.79999923706055,0.09072917699813843,0.9092708230018616,0.0,0.0,0.0,2,0,1,6.861133098602295,6.423794746398926,0.9891304347826086,0.6237896680831909,4.555531024932861,-5.287276268005371
1645,54.83333206176758,0.09072917699813843,0.9092708230018616,0.0,0.0,0.0,2,0,1,6.748134136199951,6.342258453369141,0.9891304347826086,0.6343280076980591,4.504378795623779,-5.586974143981934
1646,54.86666488647461,0.09072917699813843,0.9092708230018616,0.0,0.0,0.0,2,0,1,6.654646873474121,6.20460319519043,0.9891304347826086,0.5532196760177612,4.417228698730469,-5.4895806312561035
1647,54.900001525878906,0.09072917699813843,0.9092708230018616,0.0,0.0,0.0,2,0,1,6.561159133911133,6.20460319519043,0.9891304347826086,0.6406981348991394,4.417228698730469,-6.230214595794678
1648,54.93333435058594,0.09072917699813843,0.9092708230018616,0.0,0.0,0.0,2,0,1,6.473219394683838,6.040885925292969,0.9891304347826086,0.6367600560188293,4.312493324279785,-6.3149189949035645
1649,54.96666717529297,0.09072917699813843,0.9092708230018616,0.0,0.0,0.0,2,0,1,6.380624771118164,5.994334697723389,0.9855072463768116,0.6239588856697083,4.282529830932617,-6.6649274826049805
1650,55.0,0.09072917699813843,0.9092708230018616,0.0,0.0,0.0,2,0,1,6.283685207366943,5.9508891105651855,0.9855072463768116,0.5724356174468994,4.2545013427734375,-5.7234954833984375
1651,55.03333282470703,0.09072917699813843,0.9092708230018616,0.0,0.0,0.0,2,0,1,6.2082839012146,5.871829986572266,0.9855072463768116,0.610632598400116,4.203348636627197,-6.781620025634766
1652,55.06666564941406,0.09072917699813843,0.9092708230018616,0.0,0.0,0.0,2,0,1,6.122574806213379,5.768755912780762,0.9855072463768116,0.6115099787712097,4.136402130126953,-6.2203874588012695
1653,55.099998474121094,0.09072917699813843,0.9092708230018616,0.0,0.0,0.0,2,0,1,6.045459270477295,5.652637958526611,0.9855072463768116,0.6131364703178406,4.060681343078613,-6.829779624938965
1654,55.13333511352539,0.09072917699813843,0.9092708230018616,0.0,0.0,0.0,2,0,1,5.956245422363281,5.531653881072998,0.9855072463768116,0.5312885642051697,3.9814999103546143,-5.842182159423828
1655,55.16666793823242,0.09072917699813843,0.9092708230018616,0.0,0.0,0.0,2,0,1,5.870911598205566,5.488921165466309,0.9855072463768116,0.5794222950935364,3.9534711837768555,-6.863034725189209
1656,55.20000076293945,0.09072917699813843,0.9092708230018616,0.0,0.0,0.0,2,0,1,5.799343109130859,5.488921165466309,0.9855072463768116,0.6096742153167725,3.9534711837768555,-6.706370830535889
1657,55.233333587646484,0.09072917699813843,0.9092708230018616,0.0,0.0,0.0,2,0,1,5.721848964691162,5.42965841293335,0.9855072463768116,0.6701492667198181,3.914553165435791,-7.374245643615723
1658,55.266666412353516,0.09072917699813843,0.9092708230018616,0.0,0.0,0.0,2,0,1,5.655294418334961,5.375339984893799,0.9855072463768116,0.6387104392051697,3.8788375854492188,-6.599462985992432
1659,55.29999923706055,0.09072917699813843,0.9092708230018616,0.0,0.0,0.0,2,0,1,5.585241317749023,5.2938032150268555,0.9855072463768116,0.600777268409729,3.82515287399292,-6.419330596923828
1660,55.33333206176758,0.09072917699813843,0.9092708230018616,0.0,0.0,0.0,2,0,1,5.513672828674316,5.235207557678223,0.9818840579710145,0.6583560109138489,3.7865233421325684,-6.464839458465576
1661,55.36666488647461,0.09072917699813843,0.9092708230018616,0.0,0.0,0.0,2,0,1,5.443357467651367,5.168676376342773,0.9782608695652174,0.6341732740402222,3.7426178455352783,-6.268055438995361
1662,55.400001525878906,0.09072917699813843,0.9092708230018616,0.0,0.0,0.0,2,0,1,5.3808674812316895,5.143856048583984,0.9782608695652174,0.6498240232467651,3.7262275218963623,-5.336688995361328
1663,55.43333435058594,0.09072917699813843,0.9092708230018616,0.0,0.0,0.0,2,0,1,5.32197904586792,5.063754081726074,0.9782608695652174,0.5923707485198975,3.6732914447784424,-6.423719882965088
1664,55.46666717529297,0.09072917699813843,0.9092708230018616,0.0,0.0,0.0,2,0,1,5.273070335388184,5.042566776275635,0.9782608695652174,0.5777012705802917,3.659280776977539,-5.998514175415039
1665,55.5,0.09072917699813843,0.9092708230018616,0.0,0.0,0.0,2,0,1,5.223421573638916,4.992431163787842,0.9710144927536232,0.5652271509170532,3.626112222671509,-5.6580281257629395
1666,55.53333282470703,0.09072917699813843,0.9092708230018616,0.0,0.0,0.0,2,0,1,5.169117450714111,4.945879936218262,0.9710144927536232,0.5688532590866089,3.5952982902526855,-5.071914196014404
1667,55.56666564941406,0.09072917699813843,0.9092708230018616,0.0,0.0,0.0,2,0,1,5.1155595779418945,4.894082069396973,0.967391304347826,0.5559693574905396,3.5609941482543945,-5.801059722900391
1668,55.599998474121094,0.09072917699813843,0.9092708230018616,0.0,0.0,0.0,2,0,1,5.061111927032471,4.830862522125244,0.9601449275362319,0.6073493361473083,3.519102096557617,-5.565382480621338
1669,55.63333511352539,0.09072917699813843,0.9092708230018616,0.0,0.0,0.0,2,0,1,5.010448932647705,4.787174224853516,0.9601449275362319,0.6398845314979553,3.490138292312622,-5.0216593742370605
1670,55.66666793823242,0.09072917699813843,0.9092708230018616,0.0,0.0,0.0,2,0,1,4.962216377258301,4.752880096435547,0.9601449275362319,0.6109055876731873,3.467395067214966,-5.407645225524902
1671,55.70000076293945,0.09072917699813843,0.9092708230018616,0.0,0.0,0.0,2,0,1,4.9161200523376465,4.707712173461914,0.9601449275362319,0.5336700081825256,3.437432050704956,-6.618950366973877
1672,55.733333587646484,0.09072917699813843,0.9092708230018616,0.0,0.0,0.0,2,0,1,4.867123603820801,4.653892993927002,0.9601449275362319,0.5530609488487244,3.401716470718384,-5.979127407073975
1673,55.766666412353516,0.09072917699813843,0.9092708230018616,0.0,0.0,0.0,2,0,1,4.822781562805176,4.620335102081299,0.9601449275362319,0.5930348634719849,3.3794400691986084,-5.865496635437012
1674,55.79999923706055,0.09072917699813843,0.9092708230018616,0.0,0.0,0.0,2,0,1,4.7758283615112305,4.573032379150391,0.9528985507246377,0.5965045690536499,3.348031520843506,-5.819761276245117
1675,55.83333206176758,0.09072917699813843,0.9092708230018616,0.0,0.0,0.0,2,0,1,4.728537559509277,4.519525527954102,0.9528985507246377,0.5998915433883667,3.312493085861206,-6.478398323059082
1676,55.86666488647461,0.09072917699813843,0.9092708230018616,0.0,0.0,0.0,2,2,0,4.681829452514648,4.478797435760498,0.9492753623188406,0.5999431014060974,3.2854349613189697,-6.69301700592041
1677,55.900001525878906,0.09072917699813843,0.9092708230018616,0.0,0.0,0.0,2,2,0,4.635645866394043,4.432246208190918,0.9456521739130435,0.5139477252960205,3.2545013427734375,-5.496159553527832
1678,55.93333435058594,0.09072917699813843,0.9092708230018616,0.0,0.0,0.0,2,2,0,4.589556694030762,4.36997127532959,0.9420289855072463,0.5655187368392944,3.213108539581299,-5.65356969833374
1679,55.96666717529297,0.09072917699813843,0.9092708230018616,0.0,0.0,0.0,2,2,0,4.543701648712158,4.328624248504639,0.9420289855072463,0.6417799592018127,3.1844635009765625,-6.800090789794922
1680,56.0,0.09072917699813843,0.9092708230018616,0.0,0.0,0.0,2,2,0,4.498547077178955,4.301334857940674,0.9420289855072463,0.654499888420105,3.166365146636963,-6.511406898498535
1681,56.03333282470703,0.09072917699813843,0.9092708230018616,0.0,0.0,0.0,2,2,0,4.4524641036987305,4.246883392333984,0.9420289855072463,0.5957431197166443,3.130241632461548,-5.487318515777588
1682,56.06666564941406,0.09072917699813843,0.9092708230018616,0.0,0.0,0.0,2,2,0,4.408761024475098,4.216857433319092,0.9384057971014492,0.586758553981781,3.110316276550293,-5.81233024597168
1683,56.099998474121094,0.09072917699813843,0.9092708230018616,0.0,0.0,0.0,2,2,0,4.364705562591553,4.179784774780273,0.9311594202898551,0.604313313961029,3.0857093334198,-6.869283676147461
1684,56.13333511352539,0.09072917699813843,0.9092708230018616,0.0,0.0,0.0,2,2,0,4.320831298828125,4.134285926818848,0.927536231884058,0.5994172692298889,3.0555007457733154,-6.378900051116943
1685,56.16666793823242,0.09072917699813843,0.9092708230018616,0.0,0.0,0.0,2,2,0,4.27878475189209,4.099064350128174,0.9130434782608696,0.6764043569564819,3.0321099758148193,-4.63285493850708
1686,56.20000076293945,0.09072917699813843,0.9092708230018616,0.0,0.0,0.0,2,2,0,4.237237930297852,4.063327312469482,0.9057971014492754,0.5862324833869934,3.0083720684051514,-5.251359939575195
1687,56.233333587646484,0.09072917699813843,0.9092708230018616,0.0,0.0,0.0,2,2,0,4.1967387199401855,4.027252197265625,0.8913043478260869,0.5510540008544922,2.984405040740967,-5.538000583648682
1688,56.266666412353516,0.09072917699813843,0.9092708230018616,0.0,0.0,0.0,2,2,0,4.1573028564453125,3.9756152629852295,0.8876811594202898,0.587860107421875,2.949418783187866,-5.874136924743652
1689,56.29999923706055,0.09072917699813843,0.9092708230018616,0.0,0.0,0.0,2,2,0,4.118453025817871,3.94012713432312,0.8840579710144928,0.5683825612068176,2.9258668422698975,-5.495733261108398
1690,56.33333206176758,0.09072917699813843,0.9092708230018616,0.0,0.0,0.0,2,2,0,4.078603744506836,3.9028382301330566,0.8731884057971014,0.5645060539245605,2.901113986968994,-5.776888370513916
1691,56.36666488647461,0.09072917699813843,0.9092708230018616,0.0,0.0,0.0,2,2,0,4.039229393005371,3.8531391620635986,0.8695652173913043,0.5578705072402954,2.867556571960449,-5.329728603363037
1692,56.400001525878906,0.09072917699813843,0.9092708230018616,0.0,0.0,0.0,2,2,0,3.9983181953430176,3.8077468872070312,0.8623188405797102,0.6433148980140686,2.83640718460083,-5.207339286804199
1693,56.43333435058594,0.09072917699813843,0.9092708230018616,0.0,0.0,0.0,2,2,0,3.957608699798584,3.7726900577545166,0.8586956521739131,0.7165274620056152,2.813199043273926,-4.665079593658447
1694,56.46666717529297,0.09072917699813843,0.9092708230018616,0.0,0.0,0.0,2,2,0,3.91770076751709,3.7352075576782227,0.8478260869565217,0.627496600151062,2.7883753776550293,-5.0963287353515625
1695,56.5,0.09072917699813843,0.9092708230018616,0.0,0.0,0.0,2,2,0,3.8780367374420166,3.702423572540283,0.8442028985507246,0.5688810348510742,2.7657742500305176,-5.274561405181885
1696,56.53333282470703,0.09072917699813843,0.9092708230018616,0.0,0.0,0.0,2,2,0,3.8376920223236084,3.659881114959717,0.8442028985507246,0.5847874879837036,2.737635374069214,-5.666016578674316
1697,56.56666564941406,0.09072917699813843,0.9092708230018616,0.0,0.0,0.0,2,2,0,3.7980268001556396,3.6305980682373047,0.8405797101449275,0.5964967012405396,2.7182586193084717,-6.008999824523926
1698,56.599998474121094,0.09072917699813843,0.9092708230018616,0.0,0.0,0.0,2,2,0,3.7608370780944824,3.6037182807922363,0.8369565217391304,0.5583487749099731,2.7004666328430176,-6.503139495849609
1699,56.63333511352539,0.09072917699813843,0.9092708230018616,0.0,0.0,0.0,2,2,0,3.7236859798431396,3.568617343902588,0.8297101449275363,0.5704022645950317,2.676865816116333,-6.095320701599121
1700,56.66666793823242,0.09072917699813843,0.9092708230018616,0.0,0.0,0.0,2,2,0,3.6868302822113037,3.5342812538146973,0.8188405797101449,0.5955867171287537,2.6538004875183105,-5.875471115112305
1701,56.70000076293945,0.09072917699813843,0.9092708230018616,0.0,0.0,0.0,2,2,0,3.651780843734741,3.5026445388793945,0.8115942028985508,0.5595567226409912,2.6325464248657227,-5.721961498260498
1702,56.733333587646484,0.09072917699813843,0.9092708230018616,0.0,0.0,0.0,2,2,0,3.6175551414489746,3.4654905796051025,0.8079710144927537,0.5911588072776794,2.6079750061035156,-6.333671569824219
1703,56.766666412353516,0.09072917699813843,0.9092708230018616,0.0,0.0,0.0,2,2,0,3.5823192596435547,3.4203295707702637,0.8007246376811594,0.5597891807556152,2.5772366523742676,-5.87147331237793
1704,56.79999923706055,0.09072917699813843,0.9092708230018616,0.0,0.0,0.0,2,2,0,3.5472183227539062,3.3841991424560547,0.782608695652174,0.6051468849182129,2.5533652305603027,-6.4351630210876465
1705,56.83333206176758,0.09072917699813843,0.9092708230018616,0.0,0.0,0.0,2,2,0,3.5120503902435303,3.3507437705993652,0.7644927536231885,0.5372684597969055,2.5312509536743164,-5.8606672286987305
1706,56.86666488647461,0.09072917699813843,0.9092708230018616,0.0,0.0,0.0,2,2,0,3.4784741401672363,3.3241195678710938,0.7536231884057971,0.6285549998283386,2.513152599334717,-7.4950971603393555
1707,56.900001525878906,0.09072917699813843,0.9092708230018616,0.0,0.0,0.0,2,2,0,3.4449825286865234,3.295680522918701,0.7355072463768115,0.6187453866004944,2.494361639022827,-6.3013529777526855
1708,56.93333435058594,0.09072917699813843,0.9092708230018616,0.0,0.0,0.0,2,2,0,3.4113171100616455,3.267064332962036,0.7246376811594203,0.647877037525177,2.4754462242126465,-4.946540832519531
1709,56.96666717529297,0.09072917699813843,0.9092708230018616,0.0,0.0,0.0,2,2,0,3.3773813247680664,3.229260206222534,0.7065217391304348,0.6579848527908325,2.4500210285186768,-4.744300842285156
1710,57.0,0.09072917699813843,0.9092708230018616,0.0,0.0,0.0,2,2,0,3.343888282775879,3.1993508338928223,0.6992753623188406,0.6284300684928894,2.4300498962402344,-4.943753242492676
1711,57.03333282470703,0.09072917699813843,0.9092708230018616,0.0,0.0,0.0,2,2,0,3.3104348182678223,3.1681089401245117,0.6811594202898551,0.6147620677947998,2.408628463745117,-4.943533897399902
1712,57.06666564941406,0.09072917699813843,0.9092708230018616,0.0,0.0,0.0,2,2,0,3.2776315212249756,3.1374573707580566,0.6666666666666667,0.6017230153083801,2.388213872909546,-4.826415061950684
1713,57.099998474121094,0.09072917699813843,0.9092708230018616,0.0,0.0,0.0,2,2,0,3.2459635734558105,3.103651285171509,0.6557971014492754,0.6689136028289795,2.3659005165100098,-4.763574123382568
1714,57.13333511352539,0.09072917699813843,0.9092708230018616,0.0,0.0,0.0,2,2,0,3.2155349254608154,3.0799121856689453,0.6485507246376812,0.6409085988998413,2.3500561714172363,-5.828100204467773
1715,57.16666793823242,0.09072917699813843,0.9092708230018616,0.0,0.0,0.0,2,2,0,3.1856441497802734,3.051835060119629,0.644927536231884,0.6270362734794617,2.3311924934387207,-5.5433173179626465
1716,57.20000076293945,0.09072917699813843,0.9092708230018616,0.0,0.0,0.0,2,2,0,3.155324935913086,3.020927906036377,0.6268115942028986,0.5949650406837463,2.310635805130005,-4.992800235748291
1717,57.233333587646484,0.09072917699813843,0.9092708230018616,0.0,0.0,0.0,2,2,0,3.1246979236602783,2.9894115924835205,0.6195652173913043,0.611325740814209,2.2895348072052,-5.425906181335449
1718,57.266666412353516,0.09072917699813843,0.9092708230018616,0.0,0.0,0.0,2,2,0,3.094482421875,2.9649085998535156,0.6159420289855073,0.6055287718772888,2.273362398147583,-6.445034503936768
1719,57.29999923706055,0.09072917699813843,0.9092708230018616,0.0,0.0,0.0,2,2,0,3.06510853767395,2.9355216026306152,0.6086956521739131,0.6027259230613708,2.253687620162964,-6.866245746612549
1720,57.33333206176758,0.09072917699813843,0.9092708230018616,0.0,0.0,0.0,2,2,0,3.06510853767395,3.5773544311523438,0.6086956521739131,0.5691888332366943,2.6826469898223877,-6.215271949768066
1721,57.36666488647461,0.09072917699813843,0.9092708230018616,0.0,0.0,0.0,2,2,0,3.06510853767395,3.586210012435913,0.6086956521739131,0.589328408241272,2.6885058879852295,-6.63671350479126
1722,57.400001525878906,0.09072917699813843,0.9092708230018616,0.0,0.0,0.0,2,2,0,3.06510853767395,2.852935314178467,0.6086956521739131,0.5801491737365723,2.198549747467041,-7.789720058441162
1723,57.43333435058594,0.09072917699813843,0.9092708230018616,0.0,0.0,0.0,2,2,0,3.06510853767395,2.827928066253662,0.6086956521739131,0.5667983293533325,2.181929588317871,-7.818249225616455
1724,57.46666717529297,0.09072917699813843,0.9092708230018616,0.0,0.0,0.0,2,2,0,3.0608201026916504,2.8011679649353027,0.605072463768116,0.6344103217124939,2.1641550064086914,-7.479963302612305
1725,57.5,0.09072917699813843,0.9092708230018616,0.0,0.0,0.0,2,2,0,3.032480478286743,2.7684383392333984,0.5942028985507246,0.6034559607505798,2.1424410343170166,-7.9480977058410645
1726,57.53333282470703,0.09072917699813843,0.9092708230018616,0.0,0.0,0.0,2,2,0,3.011277198791504,2.8088953495025635,0.5869565217391304,0.6029839515686035,2.169255256652832,-8.889912605285645
1727,57.56666564941406,0.09072917699813843,0.9092708230018616,0.0,0.0,0.0,2,2,0,2.993394613265991,2.8105874061584473,0.5688405797101449,0.5645385980606079,2.1703720092773438,-9.16740894317627
1728,57.599998474121094,0.09072917699813843,0.9092708230018616,0.0,0.0,0.0,2,2,0,2.9814066886901855,2.8450281620025635,0.5652173913043479,0.5236467719078064,2.193331718444824,-8.60339069366455
1729,57.63333511352539,0.09072917699813843,0.9092708230018616,0.0,0.0,0.0,2,2,0,2.969543218612671,2.8168864250183105,0.5615942028985508,0.6548042893409729,2.1746418476104736,-8.131885528564453
1730,57.66666793823242,0.09072917699813843,0.9092708230018616,0.0,0.0,0.0,2,2,0,2.8881454467773438,2.763376235961914,0.5144927536231885,0.5677993297576904,2.139098882675171,-9.141026496887207
1731,57.70000076293945,0.09072917699813843,0.9092708230018616,0.0,0.0,0.0,2,2,0,2.80381441116333,2.7429006099700928,0.46014492753623193,0.5195577144622803,2.125375509262085,-8.50815486907959
1732,57.733333587646484,0.09072917699813843,0.9092708230018616,0.0,0.0,0.0,2,2,0,2.80381441116333,3.3248655796051025,0.46014492753623193,0.546532392501831,2.5136454105377197,-7.839198589324951
1733,57.766666412353516,0.09072917699813843,0.9092708230018616,0.0,0.0,0.0,2,2,0,2.80381441116333,3.4160242080688477,0.46014492753623193,0.6317849159240723,2.574392557144165,-7.673947811126709
1734,57.79999923706055,0.09072917699813843,0.9092708230018616,0.0,0.0,0.0,2,2,0,2.80381441116333,3.433420181274414,0.46014492753623193,0.6480115652084351,2.5858824253082275,-8.088802337646484
1735,57.83333206176758,0.09072917699813843,0.9092708230018616,0.0,0.0,0.0,2,2,0,2.80381441116333,3.433420181274414,0.46014492753623193,0.5736309885978699,2.5858824253082275,-8.010479927062988
1736,57.86666488647461,0.09072917699813843,0.9092708230018616,0.0,0.0,0.0,2,2,0,2.8510074615478516,3.433420181274414,0.4963768115942029,0.6743242144584656,2.5858824253082275,-7.084829330444336
1737,57.900001525878906,0.09072917699813843,0.9092708230018616,0.0,0.0,0.0,2,2,0,2.9098169803619385,3.4186041355133057,0.5253623188405797,0.7436401844024658,2.576096773147583,-6.718412399291992
1738,57.93333435058594,0.09072917699813843,0.9092708230018616,0.0,0.0,0.0,2,2,0,2.9730422496795654,3.552544593811035,0.5652173913043479,0.661767840385437,2.666229486465454,-7.294032573699951
1739,57.96666717529297,0.09072917699813843,0.9092708230018616,0.0,0.0,0.0,2,2,0,3.0395405292510986,3.6317920684814453,0.5978260869565217,0.613690972328186,2.7190489768981934,-7.446264743804932
1740,58.0,0.09072917699813843,0.9092708230018616,0.0,0.0,0.0,2,2,0,3.1019928455352783,3.6686761379241943,0.6159420289855073,0.5805165767669678,2.7434539794921875,-7.021842002868652
1741,58.03333282470703,0.09072917699813843,0.9092708230018616,0.0,0.0,0.0,2,2,0,3.162794589996338,3.7010927200317383,0.6340579710144927,0.604645848274231,2.7648942470550537,-7.151812553405762
1742,58.06666564941406,0.09072917699813843,0.9092708230018616,0.0,0.0,0.0,2,2,0,3.233546257019043,3.7303225994110107,0.6557971014492754,0.5998745560646057,2.7846791744232178,-8.2169828414917
1743,58.099998474121094,0.09072917699813843,0.9092708230018616,0.0,0.0,0.0,2,2,0,3.3150367736816406,3.7580173015594482,0.6811594202898551,0.6101722121238708,2.8034827709198,-8.440552711486816
1744,58.13333511352539,0.09072917699813843,0.9092708230018616,0.0,0.0,0.0,2,2,0,3.405566692352295,3.7638468742370605,0.7210144927536232,0.5861213207244873,2.8073432445526123,-7.7007598876953125
1745,58.16666793823242,0.09072917699813843,0.9092708230018616,0.0,0.0,0.0,2,2,0,3.5013859272003174,3.760925531387329,0.7572463768115942,0.605640172958374,2.8054087162017822,-7.309543609619141
1746,58.20000076293945,0.09072917699813843,0.9092708230018616,0.0,0.0,0.0,2,2,0,3.541931629180908,3.7580173015594482,0.782608695652174,0.5550097823143005,2.8034827709198,-8.68399429321289
1747,58.233333587646484,0.09072917699813843,0.9092708230018616,0.0,0.0,0.0,2,2,0,3.5761311054229736,3.7493698596954346,0.8007246376811594,0.47727683186531067,2.797755718231201,-9.381264686584473
1748,58.266666412353516,0.09072917699813843,0.9092708230018616,0.0,0.0,0.0,2,2,0,3.6091737747192383,3.7465124130249023,0.8043478260869565,0.5996368527412415,2.795863389968872,-8.635889053344727
1749,58.29999923706055,0.09072917699813843,0.9092708230018616,0.0,0.0,0.0,2,2,0,3.6419241428375244,3.71860933303833,0.8079710144927537,0.6221351027488708,2.7764761447906494,-7.944151401519775
1750,58.33333206176758,0.09072917699813843,0.9092708230018616,0.0,0.0,0.0,2,2,0,3.6743838787078857,3.7968764305114746,0.8152173913043479,0.641084611415863,2.829211711883545,-8.97591781616211
1751,58.36666488647461,0.09072917699813843,0.9092708230018616,0.0,0.0,0.0,2,2,0,3.707460403442383,4.304684638977051,0.8260869565217391,0.5884000062942505,3.1685867309570312,-8.984418869018555
1752,58.400001525878906,0.09072917699813843,0.9092708230018616,0.0,0.0,0.0,2,2,0,3.7268571853637695,4.265585899353027,0.8297101449275363,0.677598774433136,3.142650842666626,-7.889756679534912
1753,58.43333435058594,0.09072917699813843,0.9092708230018616,0.0,0.0,0.0,2,2,0,3.735538959503174,4.246883392333984,0.8333333333333334,0.6147812604904175,3.130241632461548,-7.612972736358643
1754,58.46666717529297,0.09072917699813843,0.9092708230018616,0.0,0.0,0.0,2,2,0,3.748358964920044,4.208113193511963,0.8369565217391304,0.6438395977020264,3.1045126914978027,-8.24117660522461
1755,58.5,0.09072917699813843,0.9092708230018616,0.0,0.0,0.0,2,2,0,3.808718204498291,4.4700822830200195,0.8442028985507246,0.5960779786109924,3.279644250869751,-8.367901802062988
1756,58.53333282470703,0.09072917699813843,0.9092708230018616,0.0,0.0,0.0,2,2,0,3.8622446060180664,4.478797435760498,0.8442028985507246,0.6640529632568359,3.2854349613189697,-7.290316104888916
1757,58.56666564941406,0.09072917699813843,0.9092708230018616,0.0,0.0,0.0,2,2,0,3.9111311435699463,4.4700822830200195,0.8478260869565217,0.6413339376449585,3.279644250869751,-7.127567291259766
1758,58.599998474121094,0.09072917699813843,0.9092708230018616,0.0,0.0,0.0,2,2,0,3.9555578231811523,4.496584892272949,0.8586956521739131,0.6545287370681763,3.297253131866455,-7.783359050750732
1759,58.63333511352539,0.09072917699813843,0.9092708230018616,0.0,0.0,0.0,2,2,0,4.026473522186279,4.478797435760498,0.8623188405797102,0.6102368235588074,3.2854349613189697,-8.059739112854004
1760,58.66666793823242,0.09072917699813843,0.9092708230018616,0.0,0.0,0.0,2,2,0,4.098551273345947,4.478797435760498,0.8840579710144928,0.7105491757392883,3.2854349613189697,-6.703263759613037
1761,58.70000076293945,0.09072917699813843,0.9092708230018616,0.0,0.0,0.0,2,2,0,4.170622825622559,4.478797435760498,0.8876811594202898,0.6149424314498901,3.2854349613189697,-6.536341190338135
1762,58.733333587646484,0.09072917699813843,0.9092708230018616,0.0,0.0,0.0,2,2,0,4.245629787445068,4.478797435760498,0.9094202898550725,0.625788688659668,3.2854349613189697,-6.784492492675781
1763,58.766666412353516,0.09072917699813843,0.9092708230018616,0.0,0.0,0.0,2,2,0,4.321648597717285,4.487630367279053,0.927536231884058,0.579581618309021,3.291303873062134,-7.1568379402160645
1764,58.79999923706055,0.09072917699813843,0.9092708230018616,0.0,0.0,0.0,2,2,0,4.389841079711914,4.510251998901367,0.9384057971014492,0.5896427035331726,3.30633282661438,-6.860980033874512
1765,58.83333206176758,0.09072917699813843,0.9092708230018616,0.0,0.0,0.0,2,2,0,4.407252311706543,4.528932571411133,0.9384057971014492,0.5577970147132874,3.318742036819458,-6.87922477722168
1766,58.86666488647461,0.09072917699813843,0.9092708230018616,0.0,0.0,0.0,2,2,0,4.428573131561279,4.528932571411133,0.9420289855072463,0.53497314453125,3.318742036819458,-7.260507106781006
1767,58.900001525878906,0.09072917699813843,0.9092708230018616,0.0,0.0,0.0,2,2,0,4.452648162841797,4.528932571411133,0.9420289855072463,0.5765509605407715,3.318742036819458,-8.024399757385254
1768,58.93333435058594,0.09072917699813843,0.9092708230018616,0.0,0.0,0.0,2,2,0,4.4828619956970215,4.528932571411133,0.9420289855072463,0.6150650382041931,3.318742036819458,-7.522461414337158
1769,58.96666717529297,0.09072917699813843,0.9092708230018616,0.0,0.0,0.0,2,2,0,4.4887471199035645,4.528932571411133,0.9420289855072463,0.5943213105201721,3.318742036819458,-7.180930137634277
1770,59.0,0.09072917699813843,0.9092708230018616,0.0,0.0,0.0,2,2,0,4.493760585784912,4.528932571411133,0.9420289855072463,0.6456579566001892,3.318742036819458,-7.293054103851318
1771,59.03333282470703,0.09072917699813843,0.9092708230018616,0.0,0.0,0.0,2,2,0,4.499645233154297,4.524211883544922,0.9420289855072463,0.6335502862930298,3.3156063556671143,-7.612964630126953
1772,59.06666564941406,0.09072917699813843,0.9092708230018616,0.0,0.0,0.0,2,2,0,4.502880096435547,4.40818977355957,0.9420289855072463,0.6018549203872681,3.238513231277466,-7.379622459411621
1773,59.099998474121094,0.09072917699813843,0.9092708230018616,0.0,0.0,0.0,2,2,0,4.5078935623168945,4.620335102081299,0.9420289855072463,0.6250030994415283,3.3794400691986084,-7.437160015106201
1774,59.13333511352539,0.09072917699813843,0.9092708230018616,0.0,0.0,0.0,2,2,0,4.510387897491455,4.808651924133301,0.9420289855072463,0.6734240651130676,3.5043787956237793,-7.624542713165283
1775,59.16666793823242,0.09072917699813843,0.9092708230018616,0.0,0.0,0.0,2,2,0,4.510387897491455,5.053073883056641,0.9420289855072463,0.6542118191719055,3.666229486465454,-7.785288333892822
1776,59.20000076293945,0.09072917699813843,0.9092708230018616,0.0,0.0,0.0,2,2,0,4.510387897491455,5.143856048583984,0.9420289855072463,0.6218016743659973,3.7262275218963623,-8.3464937210083
1777,59.233333587646484,0.09072917699813843,0.9092708230018616,0.0,0.0,0.0,2,2,0,4.523658275604248,3.9878878593444824,0.9420289855072463,0.5439432263374329,2.95756196975708,-7.885391712188721
1778,59.266666412353516,0.09072917699813843,0.9092708230018616,0.0,0.0,0.0,2,2,0,4.553498268127441,4.084533214569092,0.9420289855072463,0.6717446446418762,3.022458553314209,-6.3056745529174805
1779,59.29999923706055,0.09072917699813843,0.9092708230018616,0.0,0.0,0.0,2,2,0,4.560428619384766,4.444615364074707,0.9420289855072463,0.52222740650177,3.262721538543701,-7.044061183929443
1780,59.33333206176758,0.09072917699813843,0.9092708230018616,0.0,0.0,0.0,2,2,0,4.5397047996521,4.321694374084473,0.9420289855072463,0.6683750748634338,3.179867744445801,-6.606806755065918
1781,59.36666488647461,0.09072917699813843,0.9092708230018616,0.0,0.0,0.0,2,2,0,4.518767356872559,4.314836502075195,0.9420289855072463,0.5590085387229919,3.1753199100494385,-7.2865118980407715
1782,59.400001525878906,0.09072917699813843,0.9092708230018616,0.0,0.0,0.0,2,2,0,4.513115406036377,4.35167121887207,0.9420289855072463,0.6045370697975159,3.2009427547454834,-7.207712650299072
1783,59.43333435058594,0.09072917699813843,0.9092708230018616,0.0,0.0,0.0,2,2,0,4.4959611892700195,4.44879150390625,0.9420289855072463,0.5907692909240723,3.2654967308044434,-6.895791530609131
1784,59.46666717529297,0.09072917699813843,0.9092708230018616,0.0,0.0,0.0,2,2,0,4.481061935424805,4.659657955169678,0.9420289855072463,0.593984842300415,3.4055428504943848,-6.904416561126709
1785,59.5,0.09072917699813843,0.9092708230018616,0.0,0.0,0.0,2,2,0,4.441720008850098,4.659657955169678,0.9420289855072463,0.6215733885765076,3.4055428504943848,-6.5194411277771
1786,59.53333282470703,0.09072917699813843,0.9092708230018616,0.0,0.0,0.0,2,2,0,4.396262168884277,4.689274311065674,0.9384057971014492,0.642077624797821,3.4251973628997803,-5.942440509796143
1787,59.56666564941406,0.09072917699813843,0.9092708230018616,0.0,0.0,0.0,2,2,0,4.396262168884277,4.720300674438477,0.9384057971014492,0.6492290496826172,3.445784091949463,-6.307775020599365
1788,59.599998474121094,0.09072917699813843,0.9092708230018616,0.0,0.0,0.0,2,2,0,4.396262168884277,4.733137607574463,0.9384057971014492,0.5471142530441284,3.4542999267578125,-5.687647819519043
1789,59.63333511352539,0.09072917699813843,0.9092708230018616,0.0,0.0,0.0,2,2,0,4.396262168884277,4.766382217407227,0.9384057971014492,0.5735449194908142,3.4763500690460205,-6.408613204956055
1790,59.66666793823242,0.09072917699813843,0.9092708230018616,0.0,0.0,0.0,2,2,0,4.396262168884277,4.780169486999512,0.9384057971014492,0.5591680407524109,3.4854934215545654,-7.007983207702637
1791,59.70000076293945,0.09072917699813843,0.9092708230018616,0.0,0.0,0.0,2,2,0,4.469503402709961,4.780169486999512,0.9420289855072463,0.573391854763031,3.4854934215545654,-6.54765510559082
1792,59.733333587646484,0.09072917699813843,0.9092708230018616,0.0,0.0,0.0,2,2,0,4.534363746643066,4.787174224853516,0.9420289855072463,0.5987595319747925,3.490138292312622,-6.909556865692139
1793,59.766666412353516,0.09072917699813843,0.9092708230018616,0.0,0.0,0.0,2,2,0,4.566540241241455,4.780169486999512,0.9420289855072463,0.6124688386917114,3.4854934215545654,-6.683497428894043
1794,59.79999923706055,0.09072917699813843,0.9092708230018616,0.0,0.0,0.0,2,2,0,4.6123881340026855,4.780169486999512,0.9456521739130435,0.5953169465065002,3.4854934215545654,-6.497325420379639
1795,59.83333206176758,0.09072917699813843,0.9092708230018616,0.0,0.0,0.0,2,2,0,4.658921241760254,4.733137607574463,0.9492753623188406,0.6064726710319519,3.4542999267578125,-6.780483722686768
1796,59.86666488647461,0.09072917699813843,0.9092708230018616,0.0,0.0,0.0,2,2,0,4.702471733093262,4.620335102081299,0.9492753623188406,0.5511061549186707,3.3794400691986084,-5.9482879638671875
1797,59.900001525878906,0.09072917699813843,0.9092708230018616,0.0,0.0,0.0,2,0,1,4.714204788208008,4.3812031745910645,0.9528985507246377,0.6452250480651855,3.2205750942230225,-6.87946891784668
1798,59.93333435058594,0.09072917699813843,0.9092708230018616,0.0,0.0,0.0,2,2,0,4.67203426361084,4.311434745788574,0.9492753623188406,0.6961823105812073,3.1730639934539795,-7.209949016571045
1799,59.96666717529297,0.09072917699813843,0.9092708230018616,0.0,0.0,0.0,2,2,0,4.624535083770752,4.291389465332031,0.9456521739130435,0.7037617564201355,3.1597681045532227,-7.687747478485107
1800,60.0,0.09072917699813843,0.9092708230018616,0.0,0.0,0.0,2,2,0,4.575657367706299,4.291389465332031,0.9420289855072463,0.615803062915802,3.1597681045532227,-7.184164524078369
1801,60.03333282470703,0.09072917699813843,0.9092708230018616,0.0,0.0,0.0,2,2,0,4.5267791748046875,4.291389465332031,0.9420289855072463,0.600944459438324,3.1597681045532227,-6.805692672729492
1802,60.06666564941406,0.09072917699813843,0.9092708230018616,0.0,0.0,0.0,2,2,0,4.480924129486084,4.328624248504639,0.9420289855072463,0.579878568649292,3.1844635009765625,-6.896589279174805
1803,60.099998474121094,0.09072917699813843,0.9092708230018616,0.0,0.0,0.0,2,2,0,4.440650939941406,4.377437591552734,0.9420289855072463,0.5694751143455505,3.218071937561035,-6.832892894744873
1804,60.13333511352539,0.09072917699813843,0.9092708230018616,0.0,0.0,0.0,2,2,0,4.405451774597168,4.4281744956970215,0.9384057971014492,0.6199690699577332,3.2517952919006348,-6.430885314941406
1805,60.16666793823242,0.09072917699813843,0.9092708230018616,0.0,0.0,0.0,2,2,0,4.368764877319336,4.366269588470459,0.9311594202898551,0.5919079184532166,3.2106480598449707,-6.8537187576293945
1806,60.20000076293945,0.09072917699813843,0.9092708230018616,0.0,0.0,0.0,2,2,0,4.368764877319336,6.625843048095703,0.9311594202898551,0.6589787006378174,4.680469989776611,-6.194746494293213
1807,60.233333587646484,0.09072917699813843,0.9092708230018616,0.0,0.0,0.0,2,2,0,4.368764877319336,6.423794746398926,0.9311594202898551,0.6382333040237427,4.555531024932861,-6.288623332977295
1808,60.266666412353516,0.09072917699813843,0.9092708230018616,0.0,0.0,0.0,2,2,0,4.368764877319336,6.423794746398926,0.9311594202898551,0.5341224074363708,4.555531024932861,-7.240092754364014
1809,60.29999923706055,0.09072917699813843,0.9092708230018616,0.0,0.0,0.0,2,2,0,4.368764877319336,6.342258453369141,0.9311594202898551,0.6025745272636414,4.504378795623779,-6.215588569641113
1810,60.33333206176758,0.09072917699813843,0.9092708230018616,0.0,0.0,0.0,2,2,0,4.569315433502197,6.20460319519043,0.9420289855072463,0.6250576972961426,4.417228698730469,-6.2637739181518555
1811,60.36666488647461,0.09072917699813843,0.9092708230018616,0.0,0.0,0.0,2,0,1,4.7735748291015625,6.20460319519043,0.9528985507246377,0.6689286231994629,4.417228698730469,-5.691882610321045
1812,60.400001525878906,0.09072917699813843,0.9092708230018616,0.0,0.0,0.0,2,0,1,4.984810829162598,6.20460319519043,0.9601449275362319,0.6080183982849121,4.417228698730469,-6.165522575378418
1813,60.43333435058594,0.09072917699813843,0.9092708230018616,0.0,0.0,0.0,2,0,1,5.189897537231445,5.994334697723389,0.9710144927536232,0.6097877621650696,4.282529830932617,-6.223226070404053
1814,60.46666717529297,0.09072917699813843,0.9092708230018616,0.0,0.0,0.0,2,0,1,5.381218910217285,5.9508891105651855,0.9782608695652174,0.6095648407936096,4.2545013427734375,-5.548530101776123
1815,60.5,0.09072917699813843,0.9092708230018616,0.0,0.0,0.0,2,0,1,5.572540283203125,5.910161018371582,0.9855072463768116,0.5962241888046265,4.228172302246094,-5.5782246589660645
1816,60.53333282470703,0.09072917699813843,0.9092708230018616,0.0,0.0,0.0,2,0,1,5.760138034820557,5.768755912780762,0.9855072463768116,0.6144237518310547,4.136402130126953,-6.9305877685546875
1817,60.56666564941406,0.09072917699813843,0.9092708230018616,0.0,0.0,0.0,2,0,1,5.921827793121338,5.652637958526611,0.9855072463768116,0.5736696720123291,4.060681343078613,-6.385737895965576
1818,60.599998474121094,0.09072917699813843,0.9092708230018616,0.0,0.0,0.0,2,0,1,5.98102331161499,5.577387809753418,0.9855072463768116,0.5828189849853516,4.011463165283203,-6.008140563964844
1819,60.63333511352539,0.09072917699813843,0.9092708230018616,0.0,0.0,0.0,2,0,1,5.895689964294434,5.488921165466309,0.9855072463768116,0.5576108694076538,3.9534711837768555,-6.24589729309082
1820,60.66666793823242,0.09072917699813843,0.9092708230018616,0.0,0.0,0.0,2,0,1,5.824121475219727,5.488921165466309,0.9855072463768116,0.5908824801445007,3.9534711837768555,-7.3552422523498535
1821,60.70000076293945,0.09072917699813843,0.9092708230018616,0.0,0.0,0.0,2,0,1,5.7485432624816895,5.448819637298584,0.9855072463768116,0.6031796336174011,3.927142381668091,-7.2002105712890625
1822,60.733333587646484,0.09072917699813843,0.9092708230018616,0.0,0.0,0.0,2,0,1,5.667377471923828,5.392947196960449,0.9855072463768116,0.5101779103279114,3.8904194831848145,-6.01718807220459
1823,60.766666412353516,0.09072917699813843,0.9092708230018616,0.0,0.0,0.0,2,0,1,5.600464344024658,5.325204372406006,0.9855072463768116,0.5912556052207947,3.845837354660034,-6.315773963928223
1824,60.79999923706055,0.09072917699813843,0.9092708230018616,0.0,0.0,0.0,2,0,1,5.530312538146973,5.2493696212768555,0.9855072463768116,0.6127553582191467,3.795863389968872,-7.865304470062256
1825,60.83333206176758,0.09072917699813843,0.9092708230018616,0.0,0.0,0.0,2,0,1,5.457441329956055,5.181449890136719,0.9818840579710145,0.6371443867683411,3.7510509490966797,-7.434870719909668
1826,60.86666488647461,0.09072917699813843,0.9092708230018616,0.0,0.0,0.0,2,0,1,5.394951343536377,5.143856048583984,0.9782608695652174,0.5808464884757996,3.7262275218963623,-6.91843318939209
1827,60.900001525878906,0.09072917699813843,0.9092708230018616,0.0,0.0,0.0,2,0,1,5.336062908172607,5.063754081726074,0.9782608695652174,0.5656256675720215,3.6732914447784424,-6.240689754486084
1828,60.93333435058594,0.09072917699813843,0.9092708230018616,0.0,0.0,0.0,2,0,1,5.282580852508545,5.042566776275635,0.9782608695652174,0.515286922454834,3.659280776977539,-7.362110137939453
1829,60.96666717529297,0.09072917699813843,0.9092708230018616,0.0,0.0,0.0,2,0,1,5.2339043617248535,5.002154350280762,0.9710144927536232,0.5454815626144409,3.6325464248657227,-7.054446697235107
1830,61.0,0.09072917699813843,0.9092708230018616,0.0,0.0,0.0,2,0,1,5.1823530197143555,4.973409652709961,0.9710144927536232,0.6320546865463257,3.613523244857788,-6.137171268463135
1831,61.03333282470703,0.09072917699813843,0.9092708230018616,0.0,0.0,0.0,2,0,1,5.13028621673584,4.928152561187744,0.967391304347826,0.5869489312171936,3.583559989929199,-6.620710372924805
1832,61.06666564941406,0.09072917699813843,0.9092708230018616,0.0,0.0,0.0,2,0,1,5.0763773918151855,4.853857040405273,0.9637681159420289,0.6066633462905884,3.534342050552368,-7.625200271606445
1833,61.099998474121094,0.09072917699813843,0.9092708230018616,0.0,0.0,0.0,2,0,1,5.0763773918151855,8.187931060791016,0.9637681159420289,0.5948636531829834,5.458621025085449,-7.638793468475342
1834,61.13333511352539,0.09072917699813843,0.9092708230018616,0.0,0.0,0.0,2,0,1,5.0763773918151855,8.187931060791016,0.9637681159420289,0.6192749738693237,5.458621025085449,-7.196293830871582
1835,61.16666793823242,0.09072917699813843,0.9092708230018616,0.0,0.0,0.0,2,0,1,5.0763773918151855,8.187931060791016,0.9637681159420289,0.6124266982078552,5.458621025085449,-6.773041725158691
1836,61.20000076293945,0.09072917699813843,0.9092708230018616,0.0,0.0,0.0,2,0,1,5.0763773918151855,8.187931060791016,0.9637681159420289,0.6558744311332703,5.458621025085449,-6.970274448394775
1837,61.233333587646484,0.09072917699813843,0.9092708230018616,0.0,0.0,0.0,2,0,1,5.362649917602539,8.187931060791016,0.9782608695652174,0.6813845038414001,5.458621025085449,-6.9885172843933105
1838,61.266666412353516,0.09072917699813843,0.9092708230018616,0.0,0.0,0.0,2,0,1,5.656506061553955,8.187931060791016,0.9855072463768116,0.5853620171546936,5.458621025085449,-6.295109272003174
1839,61.29999923706055,0.09072917699813843,0.9092708230018616,0.0,0.0,0.0,2,0,1,5.957154273986816,8.187931060791016,0.9855072463768116,0.5781961679458618,5.458621025085449,-6.526226997375488
1840,61.33333206176758,0.09072917699813843,0.9092708230018616,0.0,0.0,0.0,2,0,1,6.261561870574951,8.187931060791016,0.9855072463768116,0.5761700868606567,5.458621025085449,-6.742462158203125
1841,61.36666488647461,0.09072917699813843,0.9092708230018616,0.0,0.0,0.0,2,0,1,6.573979377746582,8.187931060791016,0.9891304347826086,0.5699471831321716,5.458621025085449,-7.17081356048584
1842,61.400001525878906,0.09072917699813843,0.9092708230018616,0.0,0.0,0.0,2,0,1,6.888515949249268,8.187931060791016,0.9891304347826086,0.5629240870475769,5.458621025085449,-7.281264781951904
1843,61.43333435058594,0.09072917699813843,0.9092708230018616,0.0,0.0,0.0,2,0,1,7.207093715667725,8.187931060791016,0.9927536231884058,0.5559307932853699,5.458621025085449,-7.098713397979736
1844,61.46666717529297,0.09072917699813843,0.9092708230018616,0.0,0.0,0.0,2,0,1,7.52854585647583,8.187931060791016,0.9927536231884058,0.5973858833312988,5.458621025085449,-6.7582879066467285
1845,61.5,0.09072917699813843,0.9092708230018616,0.0,0.0,0.0,2,0,1,7.854523658752441,8.187931060791016,0.9927536231884058,0.5425511002540588,5.458621025085449,-6.5545878410339355
1846,61.53333282470703,0.09072917699813843,0.9092708230018616,0.0,0.0,0.0,2,0,1,8.187931060791016,8.187931060791016,0.9963768115942029,0.5678929686546326,5.458621025085449,-6.087785720825195
1847,61.56666564941406,0.09072917699813843,0.9092708230018616,0.0,0.0,0.0,2,0,1,8.187931060791016,8.187931060791016,0.9963768115942029,0.603615939617157,5.458621025085449,-6.280683517456055
1848,61.599998474121094,0.09072917699813843,0.9092708230018616,0.0,0.0,0.0,2,0,1,8.187931060791016,8.187931060791016,0.9963768115942029,0.5481498837471008,5.458621025085449,-6.233667373657227
1849,61.63333511352539,0.09072917699813843,0.9092708230018616,0.0,0.0,0.0,2,0,1,8.187931060791016,8.187931060791016,0.9963768115942029,0.5871184468269348,5.458621025085449,-6.784674644470215
1850,61.66666793823242,0.09072917699813843,0.9092708230018616,0.0,0.0,0.0,2,0,1,8.187931060791016,8.187931060791016,0.9963768115942029,0.6237900853157043,5.458621025085449,-6.307981491088867
1851,61.70000076293945,0.09072917699813843,0.9092708230018616,0.0,0.0,0.0,2,0,1,8.187931060791016,8.187931060791016,0.9963768115942029,0.5265451073646545,5.458621025085449,-6.636977195739746
1852,61.733333587646484,0.09072917699813843,0.9092708230018616,0.0,0.0,0.0,2,0,1,8.187931060791016,8.187931060791016,0.9963768115942029,0.587591290473938,5.458621025085449,-6.085752964019775
1853,61.766666412353516,0.09072917699813843,0.9092708230018616,0.0,0.0,0.0,2,0,1,8.187931060791016,8.187931060791016,0.9963768115942029,0.5768615007400513,5.458621025085449,-5.419658660888672
1854,61.79999923706055,0.09072917699813843,0.9092708230018616,0.0,0.0,0.0,2,0,1,8.187931060791016,8.187931060791016,0.9963768115942029,0.6241783499717712,5.458621025085449,-5.523083686828613
1855,61.83333206176758,0.09072917699813843,0.9092708230018616,0.0,0.0,0.0,2,0,1,8.187931060791016,8.187931060791016,0.9963768115942029,0.5785635113716125,5.458621025085449,-5.160082817077637
1856,61.86666488647461,0.09072917699813843,0.9092708230018616,0.0,0.0,0.0,2,0,1,8.187931060791016,8.187931060791016,0.9963768115942029,0.5996958613395691,5.458621025085449,-5.301234722137451
1857,61.900001525878906,0.09072917699813843,0.9092708230018616,0.0,0.0,0.0,2,0,1,8.187931060791016,8.187931060791016,0.9963768115942029,0.5539635419845581,5.458621025085449,-5.021779537200928
1858,61.93333435058594,0.09072917699813843,0.9092708230018616,0.0,0.0,0.0,2,0,1,8.187931060791016,8.187931060791016,0.9963768115942029,0.5859935283660889,5.458621025085449,-5.732285976409912
1859,61.96666717529297,0.09072917699813843,0.9092708230018616,0.0,0.0,0.0,2,0,1,8.187931060791016,8.187931060791016,0.9963768115942029,0.5634865760803223,5.458621025085449,-5.802224159240723
1860,62.0,0.09072917699813843,0.9092708230018616,0.0,0.0,0.0,2,0,1,8.187931060791016,8.187931060791016,0.9963768115942029,0.5825881958007812,5.458621025085449,-5.473973274230957
1861,62.03333282470703,0.09072917699813843,0.9092708230018616,0.0,0.0,0.0,2,0,1,8.187931060791016,8.187931060791016,0.9963768115942029,0.5609800219535828,5.458621025085449,-5.0262932777404785
1862,62.06666564941406,0.09072917699813843,0.9092708230018616,0.0,0.0,0.0,2,0,1,8.187931060791016,8.187931060791016,0.9963768115942029,0.5806896090507507,5.458621025085449,-5.292405605316162
1863,62.099998474121094,0.09072917699813843,0.9092708230018616,0.0,0.0,0.0,2,0,1,8.187931060791016,8.187931060791016,0.9963768115942029,0.6168356537818909,5.458621025085449,-4.481813907623291
1864,62.13333511352539,0.09072917699813843,0.9092708230018616,0.0,0.0,0.0,2,0,1,8.187931060791016,8.187931060791016,0.9963768115942029,0.6362110376358032,5.458621025085449,-4.920647144317627
1865,62.16666793823242,0.09072917699813843,0.9092708230018616,0.0,0.0,0.0,2,0,1,8.187931060791016,8.187931060791016,0.9963768115942029,0.5947290658950806,5.458621025085449,-4.969926834106445
1866,62.20000076293945,0.09072917699813843,0.9092708230018616,0.0,0.0,0.0,2,0,1,8.187931060791016,8.187931060791016,0.9963768115942029,0.5545949339866638,5.458621025085449,-5.539669036865234
1867,62.233333587646484,0.09072917699813843,0.9092708230018616,0.0,0.0,0.0,2,0,1,8.187931060791016,8.187931060791016,0.9963768115942029,0.5486237406730652,5.458621025085449,-5.491277694702148
1868,62.266666412353516,0.09072917699813843,0.9092708230018616,0.0,0.0,0.0,2,0,1,8.187931060791016,8.187931060791016,0.9963768115942029,0.5572394728660583,5.458621025085449,-5.368335247039795
1869,62.29999923706055,0.09072917699813843,0.9092708230018616,0.0,0.0,0.0,2,0,1,8.187931060791016,8.187931060791016,0.9963768115942029,0.599327027797699,5.458621025085449,-4.600008964538574
1870,62.33333206176758,0.09072917699813843,0.9092708230018616,0.0,0.0,0.0,2,0,1,8.187931060791016,8.187931060791016,0.9963768115942029,0.5739026069641113,5.458621025085449,-4.812063694000244
1871,62.36666488647461,0.09072917699813843,0.9092708230018616,0.0,0.0,0.0,2,0,1,8.187931060791016,8.187931060791016,0.9963768115942029,0.6019212007522583,5.458621025085449,-4.372974872589111
1872,62.400001525878906,0.09072917699813843,0.9092708230018616,0.0,0.0,0.0,2,0,1,8.187931060791016,8.187931060791016,0.9963768115942029,0.5872194766998291,5.458621025085449,-4.598239898681641
1873,62.43333435058594,0.09072917699813843,0.9092708230018616,0.0,0.0,0.0,2,0,1,8.187931060791016,8.187931060791016,0.9963768115942029,0.5816121697425842,5.458621025085449,-4.685864448547363
1874,62.46666717529297,0.09072917699813843,0.9092708230018616,0.0,0.0,0.0,2,0,1,8.187931060791016,8.187931060791016,0.9963768115942029,0.6201491355895996,5.458621025085449,-5.596852779388428
1875,62.5,0.09072917699813843,0.9092708230018616,0.0,0.0,0.0,2,0,1,8.187931060791016,8.187931060791016,0.9963768115942029,0.600724995136261,5.458621025085449,-4.658809661865234
1876,62.53333282470703,0.09072917699813843,0.9092708230018616,0.0,0.0,0.0,2,0,1,8.187931060791016,8.187931060791016,0.9963768115942029,0.6193127632141113,5.458621025085449,-4.546378135681152
1877,62.56666564941406,0.09072917699813843,0.9092708230018616,0.0,0.0,0.0,2,0,1,8.187931060791016,8.187931060791016,0.9963768115942029,0.6199451088905334,5.458621025085449,-4.693534851074219
1878,62.599998474121094,0.09072917699813843,0.9092708230018616,0.0,0.0,0.0,2,0,1,8.187931060791016,8.187931060791016,0.9963768115942029,0.583162248134613,5.458621025085449,-4.79587984085083
1879,62.63333511352539,0.09072917699813843,0.9092708230018616,0.0,0.0,0.0,2,0,1,8.187931060791016,8.187931060791016,0.9963768115942029,0.5922397971153259,5.458621025085449,-4.444143772125244
1880,62.66666793823242,0.09072917699813843,0.9092708230018616,0.0,0.0,0.0,2,0,1,8.187931060791016,8.187931060791016,0.9963768115942029,0.6027229428291321,5.458621025085449,-4.5771660804748535
1881,62.70000076293945,0.09072917699813843,0.9092708230018616,0.0,0.0,0.0,2,0,1,8.187931060791016,8.187931060791016,0.9963768115942029,0.5643349885940552,5.458621025085449,-4.919955253601074
1882,62.733333587646484,0.09072917699813843,0.9092708230018616,0.0,0.0,0.0,2,0,1,8.187931060791016,8.187931060791016,0.9963768115942029,0.5840544700622559,5.458621025085449,-5.194218635559082
1883,62.766666412353516,0.09072917699813843,0.9092708230018616,0.0,0.0,0.0,2,0,1,8.187931060791016,8.187931060791016,0.9963768115942029,0.5835350155830383,5.458621025085449,-4.769870758056641
1884,62.79999923706055,0.09072917699813843,0.9092708230018616,0.0,0.0,0.0,2,0,1,8.187931060791016,8.187931060791016,0.9963768115942029,0.57889324426651,5.458621025085449,-5.146985054016113
1885,62.83333206176758,0.09072917699813843,0.9092708230018616,0.0,0.0,0.0,2,0,1,8.187931060791016,8.187931060791016,0.9963768115942029,0.5570942759513855,5.458621025085449,-5.129820823669434
1886,62.86666488647461,0.09072917699813843,0.9092708230018616,0.0,0.0,0.0,2,0,1,8.187931060791016,8.187931060791016,0.9963768115942029,0.6005930304527283,5.458621025085449,-5.446479797363281
1887,62.900001525878906,0.09072917699813843,0.9092708230018616,0.0,0.0,0.0,2,0,1,8.187931060791016,8.187931060791016,0.9963768115942029,0.5957730412483215,5.458621025085449,-5.305013179779053
1888,62.93333435058594,0.09072917699813843,0.9092708230018616,0.0,0.0,0.0,2,0,1,8.187931060791016,8.187931060791016,0.9963768115942029,0.6760103702545166,5.458621025085449,-5.749068737030029
1889,62.96666717529297,0.09072917699813843,0.9092708230018616,0.0,0.0,0.0,2,0,1,8.187931060791016,8.187931060791016,0.9963768115942029,0.696298360824585,5.458621025085449,-6.412771224975586
1890,63.0,0.09072917699813843,0.9092708230018616,0.0,0.0,0.0,2,0,1,8.187931060791016,8.187931060791016,0.9963768115942029,0.7587544918060303,5.458621025085449,-6.606276988983154
1891,63.03333282470703,0.09072917699813843,0.9092708230018616,0.0,0.0,0.0,2,0,1,8.187931060791016,8.187931060791016,0.9963768115942029,0.7616531848907471,5.458621025085449,-6.702006816864014
1892,63.06666564941406,0.09072917699813843,0.9092708230018616,0.0,0.0,0.0,2,0,1,8.187931060791016,8.187931060791016,0.9963768115942029,0.7240986227989197,5.458621025085449,-7.023219108581543
1893,63.099998474121094,0.09072917699813843,0.9092708230018616,0.0,0.0,0.0,2,0,1,8.187931060791016,8.187931060791016,0.9963768115942029,0.7246344089508057,5.458621025085449,-6.888901233673096
1894,63.13333511352539,0.09072917699813843,0.9092708230018616,0.0,0.0,0.0,2,0,1,8.187931060791016,8.187931060791016,0.9963768115942029,0.7896589636802673,5.458621025085449,-6.640283107757568
1895,63.16666793823242,0.09072917699813843,0.9092708230018616,0.0,0.0,0.0,2,0,1,8.187931060791016,8.187931060791016,0.9963768115942029,0.7184654474258423,5.458621025085449,-6.69575834274292
1896,63.20000076293945,0.09072917699813843,0.9092708230018616,0.0,0.0,0.0,2,0,1,8.187931060791016,8.187931060791016,0.9963768115942029,0.7564177513122559,5.458621025085449,-6.793930530548096
1897,63.233333587646484,0.09072917699813843,0.9092708230018616,0.0,0.0,0.0,2,0,1,8.187931060791016,8.187931060791016,0.9963768115942029,0.7212229371070862,5.458621025085449,-6.873348712921143
1898,63.266666412353516,0.09072917699813843,0.9092708230018616,0.0,0.0,0.0,2,0,1,8.187931060791016,8.187931060791016,0.9963768115942029,0.6908416152000427,5.458621025085449,-5.976758003234863
1899,63.29999923706055,0.09072917699813843,0.9092708230018616,0.0,0.0,0.0,2,0,1,8.187931060791016,8.187931060791016,0.9963768115942029,0.7779349088668823,5.458621025085449,-5.581022262573242
1900,63.33333206176758,0.09072917699813843,0.9092708230018616,0.0,0.0,0.0,2,0,1,8.187931060791016,8.187931060791016,0.9963768115942029,0.7208448052406311,5.458621025085449,-5.336385250091553
1901,63.36666488647461,0.09072917699813843,0.9092708230018616,0.0,0.0,0.0,2,0,1,8.187931060791016,8.187931060791016,0.9963768115942029,0.7533918023109436,5.458621025085449,-4.928646087646484
1902,63.400001525878906,0.09072917699813843,0.9092708230018616,0.0,0.0,0.0,2,0,1,8.187931060791016,8.187931060791016,0.9963768115942029,0.6938401460647583,5.458621025085449,-5.351297378540039
1903,63.43333435058594,0.09072917699813843,0.9092708230018616,0.0,0.0,0.0,2,0,1,8.187931060791016,8.187931060791016,0.9963768115942029,0.6545439958572388,5.458621025085449,-5.276927471160889
1904,63.46666717529297,0.09072917699813843,0.9092708230018616,0.0,0.0,0.0,2,0,1,8.187931060791016,8.187931060791016,0.9963768115942029,0.6251522898674011,5.458621025085449,-5.020585060119629
1905,63.5,0.09072917699813843,0.9092708230018616,0.0,0.0,0.0,2,0,1,8.187931060791016,8.187931060791016,0.9963768115942029,0.6625282764434814,5.458621025085449,-4.471686363220215
1906,63.53333282470703,0.09072917699813843,0.9092708230018616,0.0,0.0,0.0,2,0,1,8.187931060791016,8.187931060791016,0.9963768115942029,0.5972720384597778,5.458621025085449,-5.223599433898926
1907,63.56666564941406,0.09072917699813843,0.9092708230018616,0.0,0.0,0.0,2,0,1,8.187931060791016,8.187931060791016,0.9963768115942029,0.6054067611694336,5.458621025085449,-5.043858528137207
1908,63.599998474121094,0.09072917699813843,0.9092708230018616,0.0,0.0,0.0,2,0,1,8.187931060791016,8.187931060791016,0.9963768115942029,0.558992862701416,5.458621025085449,-5.248681545257568
1909,63.63333511352539,0.09072917699813843,0.9092708230018616,0.0,0.0,0.0,2,0,1,8.187931060791016,8.187931060791016,0.9963768115942029,0.6240677237510681,5.458621025085449,-5.340434551239014
1910,63.66666793823242,0.09072917699813843,0.9092708230018616,0.0,0.0,0.0,2,0,1,8.187931060791016,8.187931060791016,0.9963768115942029,0.6215353012084961,5.458621025085449,-5.187431812286377
1911,63.70000076293945,0.09072917699813843,0.9092708230018616,0.0,0.0,0.0,2,0,1,8.187931060791016,8.187931060791016,0.9963768115942029,0.6764196157455444,5.458621025085449,-5.701841354370117
1912,63.733333587646484,0.09072917699813843,0.9092708230018616,0.0,0.0,0.0,2,0,1,8.187931060791016,8.187931060791016,0.9963768115942029,0.571778416633606,5.458621025085449,-4.9133501052856445
1913,63.766666412353516,0.09072917699813843,0.9092708230018616,0.0,0.0,0.0,2,0,1,8.187931060791016,8.187931060791016,0.9963768115942029,0.6408373713493347,5.458621025085449,-4.576952934265137
1914,63.79999923706055,0.09072917699813843,0.9092708230018616,0.0,0.0,0.0,2,0,1,8.187931060791016,8.187931060791016,0.9963768115942029,0.5856022834777832,5.458621025085449,-5.037563323974609
1915,63.83333206176758,0.09072917699813843,0.9092708230018616,0.0,0.0,0.0,2,0,1,8.187931060791016,8.187931060791016,0.9963768115942029,0.61571204662323,5.458621025085449,-4.779331207275391
1916,63.86666488647461,0.09072917699813843,0.9092708230018616,0.0,0.0,0.0,2,0,1,8.187931060791016,8.187931060791016,0.9963768115942029,0.5664081573486328,5.458621025085449,-5.021904468536377
1917,63.900001525878906,0.09072917699813843,0.9092708230018616,0.0,0.0,0.0,2,0,1,8.116362571716309,7.472249984741211,0.9963768115942029,0.5867124795913696,5.157591342926025,-5.0235676765441895
1918,63.93333435058594,0.09072917699813843,0.9092708230018616,0.0,0.0,0.0,2,0,1,8.044795036315918,7.472249984741211,0.9927536231884058,0.6377013325691223,5.157591342926025,-5.235607147216797
1919,63.96666717529297,0.09072917699813843,0.9092708230018616,0.0,0.0,0.0,2,0,1,7.973226547241211,7.472249984741211,0.9927536231884058,0.6303779482841492,5.157591342926025,-5.730121612548828
1920,64.0,0.09072917699813843,0.9092708230018616,0.0,0.0,0.0,2,0,1,7.901658535003662,7.472249984741211,0.9927536231884058,0.6320138573646545,5.157591342926025,-5.337785243988037
1921,64.03333282470703,0.09072917699813843,0.9092708230018616,0.0,0.0,0.0,2,0,1,7.830090522766113,7.472249984741211,0.9927536231884058,0.7126383781433105,5.157591342926025,-5.410064697265625
1922,64.06666564941406,0.09072917699813843,0.9092708230018616,0.0,0.0,0.0,2,0,1,7.7585225105285645,7.472249984741211,0.9927536231884058,0.6742237210273743,5.157591342926025,-5.297695159912109
1923,64.0999984741211,0.09072917699813843,0.9092708230018616,0.0,0.0,0.0,2,0,1,7.653676986694336,7.139476776123047,0.9927536231884058,0.6164574027061462,4.981500148773193,-5.287759780883789
1924,64.13333129882812,0.09072917699813843,0.9092708230018616,0.0,0.0,0.0,2,0,1,7.548831462860107,7.139476776123047,0.9927536231884058,0.6404407024383545,4.981500148773193,-4.879181385040283
1925,64.16666412353516,0.09072917699813843,0.9092708230018616,0.0,0.0,0.0,2,0,1,7.443985939025879,7.139476776123047,0.9927536231884058,0.6480799913406372,4.981500148773193,-5.0002946853637695
1926,64.19999694824219,0.09072917699813843,0.9092708230018616,0.0,0.0,0.0,2,0,1,7.339140892028809,7.139476776123047,0.9927536231884058,0.7115208506584167,4.981500148773193,-5.544415473937988
1927,64.23332977294922,0.09072917699813843,0.9092708230018616,0.0,0.0,0.0,2,0,1,7.283944129943848,6.920284271240234,0.9927536231884058,0.6916264891624451,4.856561183929443,-5.889538764953613
1928,64.26667022705078,0.09072917699813843,0.9092708230018616,0.0,0.0,0.0,2,0,1,7.228747367858887,6.920284271240234,0.9927536231884058,0.6909105777740479,4.856561183929443,-5.235417366027832
1929,64.30000305175781,0.09072917699813843,0.9092708230018616,0.0,0.0,0.0,2,0,1,7.173551082611084,6.920284271240234,0.9927536231884058,0.7671274542808533,4.856561183929443,-5.2743000984191895
1930,64.33333587646484,0.09072917699813843,0.9092708230018616,0.0,0.0,0.0,2,0,1,7.088910102844238,6.625843048095703,0.9891304347826086,0.6630605459213257,4.680469989776611,-5.849168300628662
1931,64.36666870117188,0.09072917699813843,0.9092708230018616,0.0,0.0,0.0,2,0,1,7.004269599914551,6.625843048095703,0.9891304347826086,0.6537635326385498,4.680469989776611,-5.754445552825928
1932,64.4000015258789,0.09072917699813843,0.9092708230018616,0.0,0.0,0.0,2,0,1,6.899424076080322,6.423794746398926,0.9891304347826086,0.6506651639938354,4.555531024932861,-6.002254009246826
1933,64.43333435058594,0.09072917699813843,0.9092708230018616,0.0,0.0,0.0,2,0,1,6.827856063842773,6.423794746398926,0.9891304347826086,0.6115249395370483,4.555531024932861,-6.29368782043457
1934,64.46666717529297,0.09072917699813843,0.9092708230018616,0.0,0.0,0.0,2,0,1,6.748134136199951,6.342258453369141,0.9891304347826086,0.6070384979248047,4.504378795623779,-7.014409065246582
1935,64.5,0.09072917699813843,0.9092708230018616,0.0,0.0,0.0,2,0,1,6.654646873474121,6.20460319519043,0.9891304347826086,0.5782804489135742,4.417228698730469,-6.372093200683594
1936,64.53333282470703,0.09072917699813843,0.9092708230018616,0.0,0.0,0.0,2,0,1,6.561159133911133,6.20460319519043,0.9891304347826086,0.6168408989906311,4.417228698730469,-6.335654258728027
1937,64.56666564941406,0.09072917699813843,0.9092708230018616,0.0,0.0,0.0,2,0,1,6.4836649894714355,6.1453399658203125,0.9891304347826086,0.601116418838501,4.379439830780029,-6.711899757385254
1938,64.5999984741211,0.09072917699813843,0.9092708230018616,0.0,0.0,0.0,2,0,1,6.3910698890686035,5.994334697723389,0.9855072463768116,0.5935604572296143,4.282529830932617,-6.994940757751465
1939,64.63333129882812,0.09072917699813843,0.9092708230018616,0.0,0.0,0.0,2,0,1,6.294130325317383,5.9508891105651855,0.9855072463768116,0.5979753732681274,4.2545013427734375,-6.431859970092773
1940,64.66666412353516,0.09072917699813843,0.9092708230018616,0.0,0.0,0.0,2,0,1,6.218729019165039,5.871829986572266,0.9855072463768116,0.6976112127304077,4.203348636627197,-6.108303546905518
1941,64.69999694824219,0.09072917699813843,0.9092708230018616,0.0,0.0,0.0,2,0,1,6.133020401000977,5.768755912780762,0.9855072463768116,0.6831185221672058,4.136402130126953,-5.968255996704102
1942,64.73332977294922,0.09072917699813843,0.9092708230018616,0.0,0.0,0.0,2,0,1,6.055904865264893,5.652637958526611,0.9855072463768116,0.6901003122329712,4.060681343078613,-6.937981605529785
1943,64.76667022705078,0.09072917699813843,0.9092708230018616,0.0,0.0,0.0,2,0,1,5.968937397003174,5.55411958694458,0.9855072463768116,0.6931540966033936,3.996223211288452,-6.5497894287109375
1944,64.80000305175781,0.09072917699813843,0.9092708230018616,0.0,0.0,0.0,2,0,1,5.883603572845459,5.488921165466309,0.9855072463768116,0.6349263191223145,3.9534711837768555,-5.847114562988281
1945,64.83333587646484,0.09072917699813843,0.9092708230018616,0.0,0.0,0.0,2,0,1,5.812035083770752,5.488921165466309,0.9855072463768116,0.6730166673660278,3.9534711837768555,-6.064629554748535
1946,64.86666870117188,0.09072917699813843,0.9092708230018616,0.0,0.0,0.0,2,0,1,5.736456871032715,5.448819637298584,0.9855072463768116,0.6794790029525757,3.927142381668091,-6.150943756103516
1947,64.9000015258789,0.09072917699813843,0.9092708230018616,0.0,0.0,0.0,2,0,1,5.66121768951416,5.392947196960449,0.9855072463768116,0.7078167200088501,3.8904194831848145,-5.258890628814697
1948,64.93333435058594,0.09072917699813843,0.9092708230018616,0.0,0.0,0.0,2,0,1,5.592715740203857,5.309314727783203,0.9855072463768116,0.6561635732650757,3.835371971130371,-4.748672962188721
1949,64.96666717529297,0.09072917699813843,0.9092708230018616,0.0,0.0,0.0,2,0,1,5.522563934326172,5.2493696212768555,0.9818840579710145,0.6149044632911682,3.795863389968872,-4.922821998596191
1950,65.0,0.09072917699813843,0.9092708230018616,0.0,0.0,0.0,2,0,1,5.452248573303223,5.168676376342773,0.9818840579710145,0.5761978626251221,3.7426178455352783,-5.5124101638793945
1951,65.03333282470703,0.09072917699813843,0.9092708230018616,0.0,0.0,0.0,2,0,1,5.389758110046387,5.143856048583984,0.9782608695652174,0.7080695033073425,3.7262275218963623,-4.451343536376953
1952,65.06666564941406,0.09072917699813843,0.9092708230018616,0.0,0.0,0.0,2,0,1,5.330870151519775,5.063754081726074,0.9782608695652174,0.7184843420982361,3.6732914447784424,-4.321428298950195
1953,65.0999984741211,0.09072917699813843,0.9092708230018616,0.0,0.0,0.0,2,0,1,5.279714584350586,5.042566776275635,0.9782608695652174,0.681269109249115,3.659280776977539,-4.866548538208008
1954,65.13333129882812,0.09072917699813843,0.9092708230018616,0.0,0.0,0.0,2,0,1,5.230065822601318,4.992431163787842,0.9710144927536232,0.6342957019805908,3.626112222671509,-5.221569538116455
1955,65.16666412353516,0.09072917699813843,0.9092708230018616,0.0,0.0,0.0,2,0,1,5.177583694458008,4.9641032218933105,0.9710144927536232,0.6256106495857239,3.607362985610962,-5.334895133972168
1956,65.19999694824219,0.09072917699813843,0.9092708230018616,0.0,0.0,0.0,2,0,1,5.124648571014404,4.919466495513916,0.967391304347826,0.6301460862159729,3.577807664871216,-5.258693218231201
1957,65.23332977294922,0.09072917699813843,0.9092708230018616,0.0,0.0,0.0,2,0,1,5.0699639320373535,4.846101760864258,0.9637681159420289,0.5772441625595093,3.5292022228240967,-5.914567947387695
1958,65.26667022705078,0.09072917699813843,0.9092708230018616,0.0,0.0,0.0,2,0,1,5.018457889556885,4.794255256652832,0.9601449275362319,0.6468927264213562,3.494833469390869,-5.8723344802856445
1959,65.30000305175781,0.09072917699813843,0.9092708230018616,0.0,0.0,0.0,2,0,1,4.969480514526367,4.75959587097168,0.9601449275362319,0.6125476360321045,3.4718494415283203,-5.587143421173096
1960,65.33333587646484,0.09072917699813843,0.9092708230018616,0.0,0.0,0.0,2,0,1,4.924010753631592,4.7139763832092285,0.9601449275362319,0.6382200717926025,3.4415879249572754,-5.5436272621154785
1961,65.36666870117188,0.09072917699813843,0.9092708230018616,0.0,0.0,0.0,2,0,1,4.8761725425720215,4.6654744148254395,0.9601449275362319,0.6010357737541199,3.4094033241271973,-5.993748664855957
1962,65.4000015258789,0.09072917699813843,0.9092708230018616,0.0,0.0,0.0,2,0,1,4.8318305015563965,4.620335102081299,0.9601449275362319,0.574856698513031,3.3794400691986084,-6.199709892272949
1963,65.43333435058594,0.09072917699813843,0.9092708230018616,0.0,0.0,0.0,2,0,1,4.785386085510254,4.578121662139893,0.9565217391304348,0.5739663243293762,3.3514113426208496,-5.9770402908325195
1964,65.46666717529297,0.09072917699813843,0.9092708230018616,0.0,0.0,0.0,2,0,1,4.7390360832214355,4.528932571411133,0.9528985507246377,0.6304948925971985,3.318742036819458,-5.866944313049316
1965,65.5,0.09072917699813843,0.9092708230018616,0.0,0.0,0.0,2,2,0,4.69228458404541,4.496584892272949,0.9492753623188406,0.6573952436447144,3.297253131866455,-6.272453308105469
1966,65.53333282470703,0.09072917699813843,0.9092708230018616,0.0,0.0,0.0,2,2,0,4.64479923248291,4.444615364074707,0.9456521739130435,0.6952064633369446,3.262721538543701,-6.798260688781738
1967,65.56666564941406,0.09072917699813843,0.9092708230018616,0.0,0.0,0.0,2,2,0,4.598688125610352,4.384990692138672,0.9456521739130435,0.6515301465988159,3.223092794418335,-5.606785774230957
1968,65.5999984741211,0.09072917699813843,0.9092708230018616,0.0,0.0,0.0,2,2,0,4.552649974822998,4.333870887756348,0.9420289855072463,0.6833927631378174,3.189108371734619,-6.718662261962891
1969,65.63333129882812,0.09072917699813843,0.9092708230018616,0.0,0.0,0.0,2,2,0,4.507495403289795,4.308050632476807,0.9420289855072463,0.7032461166381836,3.1708195209503174,-6.8859639167785645
1970,65.66666412353516,0.09072917699813843,0.9092708230018616,0.0,0.0,0.0,2,2,0,4.4614033699035645,4.253057956695557,0.9420289855072463,0.7222521901130676,3.134338855743408,-6.4698615074157715
1971,65.69999694824219,0.09072917699813843,0.9092708230018616,0.0,0.0,0.0,2,2,0,4.416835784912109,4.219798564910889,0.9420289855072463,0.6579322218894958,3.1122682094573975,-5.559349060058594
1972,65.73332977294922,0.09072917699813843,0.9092708230018616,0.0,0.0,0.0,2,2,0,4.373617649078369,4.188155174255371,0.9311594202898551,0.7029107213020325,3.0912652015686035,-5.562005996704102
1973,65.76667022705078,0.09072917699813843,0.9092708230018616,0.0,0.0,0.0,2,2,0,4.33133602142334,4.155302047729492,0.9311594202898551,0.620185375213623,3.069455146789551,-6.376164436340332
1974,65.80000305175781,0.09072917699813843,0.9092708230018616,0.0,0.0,0.0,2,2,0,4.2888407707214355,4.103981018066406,0.9202898550724637,0.6577821373939514,3.0353753566741943,-6.359853744506836
1975,65.83333587646484,0.09072917699813843,0.9092708230018616,0.0,0.0,0.0,2,2,0,4.245980262756348,4.067980766296387,0.9094202898550725,0.6932582855224609,3.011463165283203,-5.73698091506958
1976,65.86666870117188,0.09072917699813843,0.9092708230018616,0.0,0.0,0.0,2,2,0,4.205127239227295,4.036085605621338,0.8913043478260869,0.6521215438842773,2.990273952484131,-5.784571170806885
1977,65.9000015258789,0.09072917699813843,0.9092708230018616,0.0,0.0,0.0,2,2,0,4.165417194366455,3.9878878593444824,0.8876811594202898,0.6831765174865723,2.95756196975708,-6.118202209472656
1978,65.93333435058594,0.09072917699813843,0.9092708230018616,0.0,0.0,0.0,2,2,0,4.127595901489258,3.9556612968444824,0.8840579710144928,0.6448041200637817,2.9361770153045654,-6.062166690826416
1979,65.96666717529297,0.09072917699813843,0.9092708230018616,0.0,0.0,0.0,2,2,0,4.087438106536865,3.90647292137146,0.8804347826086957,0.6518093943595886,2.903526782989502,-6.528842449188232
1980,66.0,0.09072917699813843,0.9092708230018616,0.0,0.0,0.0,2,2,0,4.049147605895996,3.8701491355895996,0.8695652173913043,0.6644158363342285,2.8788375854492188,-6.632467746734619
1981,66.03333282470703,0.09072917699813843,0.9092708230018616,0.0,0.0,0.0,2,2,0,4.0088090896606445,3.8164172172546387,0.8623188405797102,0.6183563470840454,2.8426711559295654,-6.81933069229126
1982,66.06666564941406,0.09072917699813843,0.9092708230018616,0.0,0.0,0.0,2,2,0,3.9681591987609863,3.7816550731658936,0.8586956521739131,0.6123495697975159,2.8191347122192383,-6.949627876281738
1983,66.0999984741211,0.09072917699813843,0.9092708230018616,0.0,0.0,0.0,2,2,0,3.9267125129699707,3.740835428237915,0.8478260869565217,0.5882059931755066,2.7921032905578613,-7.143726825714111
1984,66.13333129882812,0.09072917699813843,0.9092708230018616,0.0,0.0,0.0,2,2,0,3.8872263431549072,3.7091188430786133,0.8478260869565217,0.5883018374443054,2.7702014446258545,-6.696475982666016
1985,66.16666412353516,0.09072917699813843,0.9092708230018616,0.0,0.0,0.0,2,2,0,3.8476765155792236,3.6724820137023926,0.8442028985507246,0.5855974555015564,2.745971441268921,-7.367051124572754
1986,66.19999694824219,0.09072917699813843,0.9092708230018616,0.0,0.0,0.0,2,2,0,3.808089256286621,3.6402134895324707,0.8442028985507246,0.6256488561630249,2.7246220111846924,-7.237379550933838
1987,66.23332977294922,0.09072917699813843,0.9092708230018616,0.0,0.0,0.0,2,2,0,3.7704787254333496,3.6117820739746094,0.8369565217391304,0.5917945504188538,2.7058048248291016,-7.773618221282959
1988,66.26667022705078,0.09072917699813843,0.9092708230018616,0.0,0.0,0.0,2,2,0,3.7325382232666016,3.5762557983398438,0.8297101449275363,0.5710217952728271,2.681920051574707,-8.081877708435059
1989,66.30000305175781,0.09072917699813843,0.9092708230018616,0.0,0.0,0.0,2,2,0,3.6960954666137695,3.542045831680298,0.8260869565217391,0.5925464034080505,2.659280776977539,-8.142601013183594
1990,66.33333587646484,0.09072917699813843,0.9092708230018616,0.0,0.0,0.0,2,2,0,3.6601836681365967,3.511030912399292,0.8152173913043479,0.6211695075035095,2.6384198665618896,-7.570119857788086
1991,66.36666870117188,0.09072917699813843,0.9092708230018616,0.0,0.0,0.0,2,2,0,3.625836133956909,3.4729409217834473,0.8079710144927537,0.591854989528656,2.612903118133545,-8.117189407348633
1992,66.4000015258789,0.09072917699813843,0.9092708230018616,0.0,0.0,0.0,2,2,0,3.5911006927490234,3.43430233001709,0.8007246376811594,0.6465814113616943,2.5864648818969727,-6.742680549621582
1993,66.43333435058594,0.09072917699813843,0.9092708230018616,0.0,0.0,0.0,2,2,0,3.556342601776123,3.3932528495788574,0.786231884057971,0.650570809841156,2.5593481063842773,-7.007004737854004
1994,66.46666717529297,0.09072917699813843,0.9092708230018616,0.0,0.0,0.0,2,2,0,3.5214433670043945,3.360128402709961,0.7681159420289855,0.631625771522522,2.5374550819396973,-7.071992874145508
1995,66.5,0.09072917699813843,0.9092708230018616,0.0,0.0,0.0,2,2,0,3.4875457286834717,3.3335041999816895,0.7536231884057971,0.6140488386154175,2.519601345062256,-7.421649932861328
1996,66.53333282470703,0.09072917699813843,0.9092708230018616,0.0,0.0,0.0,2,2,0,3.453809976577759,3.3028554916381836,0.7391304347826086,0.5937079191207886,2.499102830886841,-7.303438186645508
1997,66.56666564941406,0.09072917699813843,0.9092708230018616,0.0,0.0,0.0,2,2,0,3.4200246334075928,3.2739291191101074,0.7282608695652174,0.614113450050354,2.4799842834472656,-6.956741809844971
1998,66.5999984741211,0.09072917699813843,0.9092708230018616,0.0,0.0,0.0,2,2,0,3.386462450027466,3.2406349182128906,0.7101449275362319,0.6600024700164795,2.4577534198760986,-6.450364589691162
1999,66.63333129882812,0.09072917699813843,0.9092708230018616,0.0,0.0,0.0,2,2,0,3.352811336517334,3.205533981323242,0.7065217391304348,0.5780310034751892,2.434135675430298,-6.973658561706543
2000,66.66666412353516,0.09072917699813843,0.9092708230018616,0.0,0.0,0.0,2,2,0,3.3194942474365234,3.177860736846924,0.6811594202898551,0.5557355284690857,2.415652275085449,-6.792176246643066
2001,66.69999694824219,0.09072917699813843,0.9092708230018616,0.0,0.0,0.0,2,2,0,3.286734104156494,3.1453399658203125,0.6702898550724637,0.5723243951797485,2.3934152126312256,-7.132782936096191
2002,66.73332977294922,0.09072917699813843,0.9092708230018616,0.0,0.0,0.0,2,2,0,3.2547404766082764,3.114365816116333,0.6557971014492754,0.6050959825515747,2.372973918914795,-7.500516891479492
2003,66.76667022705078,0.09072917699813843,0.9092708230018616,0.0,0.0,0.0,2,2,0,3.2239725589752197,3.0855724811553955,0.6521739130434783,0.6207742691040039,2.353792905807495,-8.191787719726562
2004,66.80000305175781,0.09072917699813843,0.9092708230018616,0.0,0.0,0.0,2,2,0,3.194032669067383,3.0607287883758545,0.6485507246376812,0.5737994909286499,2.3370614051818848,-8.453328132629395
2005,66.83333587646484,0.09072917699813843,0.9092708230018616,0.0,0.0,0.0,2,2,0,3.1636228561401367,3.0294065475463867,0.6340579710144927,0.5460797548294067,2.3162317276000977,-7.793821811676025
2006,66.86666870117188,0.09072917699813843,0.9092708230018616,0.0,0.0,0.0,2,2,0,3.1330409049987793,2.9970359802246094,0.6268115942028986,0.5683740973472595,2.294863700866699,-7.58594274520874
2007,66.9000015258789,0.09072917699813843,0.9092708230018616,0.0,0.0,0.0,2,2,0,3.102786064147949,2.971381902694702,0.6159420289855073,0.5917513966560364,2.2776355743408203,-8.411555290222168
2008,66.93333435058594,0.09072917699813843,0.9092708230018616,0.0,0.0,0.0,2,2,0,3.0733091831207275,2.9458653926849365,0.6123188405797102,0.6133666038513184,2.260514259338379,-8.581332206726074
2009,66.96666717529297,0.09072917699813843,0.9092708230018616,0.0,0.0,0.0,2,2,0,3.0446863174438477,2.9193055629730225,0.5978260869565217,0.6397090554237366,2.24298357963562,-8.089696884155273
2010,67.0,0.09072917699813843,0.9092708230018616,0.0,0.0,0.0,2,2,0,3.0160481929779053,2.8914804458618164,0.5869565217391304,0.7436729669570923,2.2246103286743164,-8.224864959716797
2011,67.03333282470703,0.09072917699813843,0.9092708230018616,0.0,0.0,0.0,2,2,0,2.987534999847412,2.860208034515381,0.5652173913043479,0.6669362187385559,2.2033486366271973,-8.796764373779297
2012,67.06666564941406,0.09072917699813843,0.9092708230018616,0.0,0.0,0.0,2,2,0,2.9596614837646484,2.8356292247772217,0.5615942028985508,0.5559459328651428,2.187011957168579,-9.348587989807129
2013,67.0999984741211,0.09072917699813843,0.9092708230018616,0.0,0.0,0.0,2,2,0,2.931791305541992,2.806870460510254,0.5326086956521738,0.610758900642395,2.1679189205169678,-8.83901596069336
2014,67.13333129882812,0.09072917699813843,0.9092708230018616,0.0,0.0,0.0,2,2,0,2.903393268585205,2.7767493724823,0.5217391304347826,0.697685182094574,2.14792799949646,-8.082056999206543
2015,67.16666412353516,0.09072917699813843,0.9092708230018616,0.0,0.0,0.0,2,2,0,2.8756654262542725,2.7521278858184814,0.5072463768115942,0.6642141342163086,2.131671190261841,-8.668855667114258
2016,67.19999694824219,0.09072917699813843,0.9092708230018616,0.0,0.0,0.0,2,2,0,2.8486828804016113,2.7272095680236816,0.4963768115942029,0.7215946912765503,2.114818811416626,-8.3482027053833
2017,67.23332977294922,0.09072917699813843,0.9092708230018616,0.0,0.0,0.0,2,2,0,2.821808099746704,2.7026350498199463,0.48550724637681164,0.646499514579773,2.098217248916626,-8.42855167388916
